text_clean_joined,date,sentiment_gemini
pertamina bisu dek,2025-11-09,negatif
mbakk sama banget demi allah aku ga ikhlasssss biarin ntar tak tuntut di akhirat,2025-10-31,negatif
sudah disidak sama pertamina dan tim bahlil kata kualitas bbm di jatim baik baik saja yaampuuuun gin amat jadi wni serius kita cuma pasrah,2025-11-04,negatif
ncen e bahlil ahli neroko,2025-10-31,negatif
uu lindung konsumen ga laku pada pertamina susah ngelawan usaha bumn kecuali masyarakat satu untuk demo minta agar kembali kualitas yang layak untuk kendara mereka,2025-10-31,negatif
gais baca doa nabi yunus aja khusus buat pertamina dan jajar,2025-10-31,negatif
klarifikasi pertamina di berita tv nasional tadi udah cek sesuai prosedur dan yang masalah motor masyarakat padahal udah jelas bensin gabisa nyatu kayak ada air logika kalo motor masyarakat yang memang masalah ga akan massal ini yang kena imbas,2025-10-31,negatif
next isi bp mba wes ready nang nginden kertajaya pemuda karo citraland,2025-10-31,netral
dikiro rakyat iki duit e ga entek turun gawe nang bengkel mangkel,2025-10-31,negatif
please siapa yang tanggung jawab not dong kita nih rakyat kecil di dzolimi terus itu kendara kalau rusak juga servis pakai uang sendiri kasi banget kita rakyat kecil,2025-11-01,negatif
jare saiki wes isok klaim baik motor mbak nak spbu tapi koen eruh salah siji syarate lampir struk sejak kapan tuku bensin entuk struk ket jaman elek yo ga pernah dikei struk nek wayahe njaluk yo alesane opo bolo coba kei contoh alesane petugase opo ae,2025-10-31,negatif
ngene kok jare onok berita jatim aman lah iki buktie,2025-10-31,negatif
bahlil tanggung dosa semua masyarakat yg isi bensin di pertamina,2025-11-01,negatif
pegawai pertamina gaji akehpodo dzolim kabeh tri ne podog ikhlasg ridhokita sama tuntut di akhiratkrn hukum dunia sangat lemah,2025-11-02,negatif
wni melbu surgo kabeh iki,2025-10-31,negatif
alhamdulillah motor aman gawe pertamaxmotor genio,2025-11-03,positif
wakil curah hati para warga brebet se indonesia,2025-10-31,negatif
minimal klo monopoli pasar produk bagus,2025-10-31,negatif
yaallah urip ning konoha enek wae cobaane dzolim iki pemerintahe,2025-11-01,negatif
wis viral wis di lapor pertamina e anteng ae koyok ngak onok opo awak,2025-11-01,negatif
jangan sing pertalite aku sing ngisi pertamax lakok budal nang bengkel padahal sebelume ngisi shell baik aja lakok isi si merah brebet gaiso dinyalakno jare mas e karena bahan bakar e yo elek,2025-10-31,negatif
trus sing bener kudu isi bensin opo guyss pliss mene wayah e tuku bensin soale,2025-10-31,netral
yg motor karbulator rpmnya jadi ga stabil alhasil berangkat kuliah pas di lampu merah jalan merr mati dongg mesin bayangin di bel orang di belakang aku ga kira ngebelnya,2025-10-31,negatif
pertamina sekarang lagi budek mbak banyak untung,2025-11-01,negatif
indonesia gaada macam hukum yang bikin beneran takutmengekang bahaya nyawa koruptor ya wajar makin itu lagi abisin kaya indo belum periode abis pinter si selagi uu ampas aset atau hukum mati gaada ya bakal gin terus sampe ratus tahun depan,2025-11-01,negatif
mbaa aku vario yo ngisi pertamax terus tp belakang brebet brebet ancene bahlil bahlul,2025-10-31,negatif
prabowo kok diem aja,2025-10-31,negatif
sebal,2025-10-31,negatif
review dari aku yg motor bagi brebet hari ini isi bensin hari minggu tgl isi pertalite full motor pcx senin sampe kamis pagi buat kerja masih oke kamis sore mulai rasa gas nya tbtb turun sendiri strip bensin masih sisa jumat pagi buat kerja masih aman dikit tp gas motor bolak balik turun damnnn jumat sore makin parah cepat normal atas udah kek motor abis bensin,2025-10-31,negatif
yg pasti pasti aja,2025-11-06,netral
untuk sementara aku tuku bensin ecer sek,2025-10-31,netral
salam satu keropos,2025-11-03,negatif
kenapa banyak yg troble honda,2025-11-01,netral
aku pake pertamax turbo,2025-11-02,netral
anjir aku baru isi pertamax turbo motor vario lawas smoga amaaan,2025-10-31,negatif
jadi kapan,2025-11-01,netral
semangat rin,2025-10-31,positif
vario cc ku pantau aman ini harus ku lanjut pertalite apa ganti apa ini,2025-10-31,netral
pertamina ganti rugi gak yaa misal bbm gratis th gitu,2025-11-04,netral
ngisi nk pom ndi mbk,2025-10-31,netral
pegawai pertamina nerimo gaji tok wayah ruwet ngene bisu kabeh pret,2025-10-31,negatif
daerah ndi mbk,2025-10-31,netral
enak e isi opo rek seriuss,2025-11-01,netral
di iso es teh,2025-11-01,netral
brebet brebet tengah dal moro mati bahlil mbokneambleg ancenn,2025-10-31,negatif
sama mbk aku juga motor aja baru bulan beli udh brebet pdhl belum aman nyata sama pas di tap bawah ada cair bening bawah gitu,2025-11-01,negatif
haha motor sek ket minggu grg metu plat e wes bosok,2025-11-05,negatif
ya allah nyata ga cuman ak yaa tiap brangkat krja nderedeg gas motor tbtb turun ky mau mogok di tengah jalan parno bgt takut di tabrak dr blakang,2025-11-03,negatif
sumpah kudu tak pisui peda pisann,2025-10-31,negatif
gue pakai pertamax juga ngegas gak enak banget,2025-10-31,negatif
iki enak e tuku bensin opo rek pertamax t pertalit,2025-10-31,netral
yuk yang bilang siapa presiden atau jabat gak ngaruh ke hidup kita mulai melek lagi yuuukk,2025-11-01,negatif
ges coba isi di pom jemursari deket rsi itu pom perintah kode gak campur air kode selain kasus bgt campur air,2025-10-31,netral
naudzubillah ojok sampe beat karbu sayang mogok ya allah tak eman poll tak isi partamax dri dulu alhamdulillah masih aman mugo spbu panjang g aneh aneh,2025-10-31,netral
mbak beat racingku yo melu trend e bahlil yaampunn iki sek durung ta gowo nde bengkel,2025-10-31,negatif
benkelbahlil,2025-10-31,negatif
ide bagus kan,2025-10-31,netral
tolong lahh woyyy bp sama shell adain lagi sumpah isi pertamax boros minta ampun masa isi fulltank cuman dari rumah ke kampus ngurangin bar,2025-10-31,negatif
bahlil,2025-10-31,negatif
kok bisasumpah gw heran,2025-10-31,negatif
oh ini lapang kerja di bengkel yakin bisa jt,2025-10-31,positif
reaksi gw,2025-11-01,netral
bahlil cerdas buat para bengkel dapat langgan buat indonesia makin maju,2025-10-31,positif
turbo kena oplos juga,2025-10-31,negatif
bahlil loh saya gatau habis rapat,2025-10-31,netral
jgn pertalite buat jelek supaya kendara alih ke pertamaxbiar untung nya lebih gede dan plotwistnya sama aja kualitas nyacuman gak ngantri aja,2025-10-31,negatif
udah bener ada shell ehh bahlil malah nutup shell jadi curiga,2025-10-31,negatif
brarti motor ngelag ngelag,2025-10-31,negatif
capek bnget hidup di indonesia,2025-10-31,negatif
kirain motor gw doang,2025-10-31,negatif
tau lah ya laku siapa,2025-10-31,negatif
jadi pngn buka bekel makasih pak bahlil udh kasih kerja,2025-11-02,positif
bahas tentang sudan bang,2025-10-31,netral
arti daerah situ yg gk bener pertamina nya soal sini aman aja tu,2025-10-31,negatif
brrti tuju bahlil buat mekanik motor banjir cuan,2025-10-31,positif
bahlil b ny ap,2025-10-31,netral
gw korban nya jir,2025-10-31,negatif
ini antara bagus atau ngga bagus tukang bengkel dpet bnyk duit ngga nya karena kendara bayar lagi buat bengkel ini yang di nama yin dan yang,2025-10-31,netral
sama mtorku jg skrang mulai brebet pdahal kmrin nggak,2025-10-31,negatif
pertamina bengkel,2025-10-31,netral
jangan nanti ada yang bilang siapa tau tuju benar pak bahlil campur bahan bakar dengan etanol itu benar sengaja biar motor cepet rusak jdi tukang bengkel banjir job dan banyak dapat rezeki,2025-10-31,negatif
bahlil dendam tu kemaren muka di buat meme soal,2025-10-31,negatif
bro motor kredit gw baru beli bulan yg lalu malah brebet ya ampun,2025-10-31,negatif
kangen indonesia normal,2025-10-31,negatif
pertamax sama aja justru awal masalah di pertamax baru rembet ke pertalite lih bahlil,2025-10-31,negatif
gue isi pertamax sama aja bang ngelag juga,2025-10-31,negatif
shell g ad barang pertamina ad barang tapi ngrusak mesin,2025-10-31,negatif
pertamax yo rusak trus isi opo iki,2025-10-31,negatif
mosok y paling aman sepeda listrik sak iki ngisi bensin ae ya di jaajahtinggal ndek konoha kok g nyaaman bgt y rakyat kecil derita kagak bisa bayangin kasi yg punya motor jadul apalagi gojek gojek,2025-10-31,negatif
pertamina sakjane isok kerja sing bener gak sehhhh,2025-10-31,negatif
iki sue indonesia lomba dorong motor,2025-10-31,negatif
iki kyake perang dagang pertamina dan swasta tapi banyak antek swasta yg kerja di pertamina jadi mudah untuk mengsabotase wkwkwk,2025-10-31,negatif
gitu itu pegawai pertamina sendiri motor pada kena juga gas,2025-10-31,negatif
mbak sama bgt aku ganti pakek indomobil karena di kota ku ada cuma itu dan losss bgt ga rewel udah tapi belum itu ke bengkel dulu ya kak kuras pertalite nya trus bawa bahan bakar selain yg dari pertamina ke bengkel biar langsung isi soal punya ku abis dari bengkel sini pertalite lagi nyata sama aja brebet meski ga parah yg pertama,2025-10-31,negatif
beat street punya suami jg brebet abis beli bensin di apbu arjuno,2025-10-31,negatif
gua save vidionyabiar bisa tembus ke lidi,2025-11-03,netral
kata kata andal busi itu,2025-11-04,netral
rakyat terzolimin bgt ini bahlil dan jajar yg bikin bijak bbm di oplos etanol moga azab dunia akhirat buat kalian,2025-11-03,negatif
kerja bahlil murid mulyono agar rakyat pindah ke motor listrik yg kaya usah baterai opung dan mulyonoi,2025-11-01,negatif
winginane onok sing komen jare bojone meh tabrak truk goro goro macet nde tengah dal ancene pertamina dlogokkkkk,2025-11-03,negatif
yaampun kasi bgt sampe gajadi kuliahbayangkan kl motor buat nyari nafkah,2025-11-01,negatif
pokoke sheell bukaen onokno bbm e perintah ikiloh duuhhhh,2025-11-02,negatif
gin kak maksud ini motor aku tap aku bawa ke bengkel habis rb pdhl gaji bulan ga berapa,2025-11-04,negatif
dibahlulkan oleh negara,2025-11-01,negatif
usaha monopoli kok rugi arti yg kelola banyak korup,2025-11-01,negatif
percuma ada uu lindung konsumen soal gk laku buat pertamina krna pertamina kualitas baik,2025-11-01,negatif
indonesia itu adaada aja ndak kasihan rakyat,2025-11-03,negatif
pertamina gin ini ngaku rugi mulu,2025-11-01,negatif
otw pertamax terus,2025-10-31,negatif
bekas udah bagi brebetnya,2025-11-01,negatif
kira salah siapa yaa,2025-10-31,netral
kapan indo normal ya allah,2025-10-31,negatif
bahlil rencana bengkel banyak langgan dan akhir ekonomi maju benar bahlil itu pahlawan di balik hytam,2025-10-31,negatif
motor gw sama,2025-11-04,negatif
kalo pertamax gmn,2025-11-02,netral
kenapa rata rata motor honda ya,2025-11-06,netral
gua baru aja ngalamin,2025-11-03,negatif
jatim ini emg problematik ya,2025-11-02,negatif
motor gua udh nggk bisa pertalite skrng,2025-11-02,negatif
aku juga kena btw cwo hyper,2025-10-31,negatif
motor gw juga kena anjj,2025-10-31,negatif
pertamax juga sama bnag,2025-11-06,negatif
selain dipertamina kita bisa beli bensin dmna ya,2025-11-03,netral
motor w abis jatoh kmren rusak dan mesin nya emg ada yg salah trus w servis abis k normal dah minggu abis tu kok brebet w bingung apa prasaan w aja hari pikir bom sempet bengkel juga apa jangan gegara pertalite ya jir soal minggu abis service udh enak bat pdhl moto jdi takut lokasi mojokerto jatim,2025-10-31,negatif
gw kira motor doang,2025-11-08,negatif
pertamax juga woi vario gua brebet,2025-11-02,negatif
ini laku,2025-11-03,netral
habis jadi ini pikir mulai cari harga motor listrik,2025-10-31,netral
bukan salah pom mereka hanya menjualkebijakan oleh tri bilang pakai etanol,2025-11-01,netral
akan rumah bahlil jadi rumah sahroni part,2025-11-01,negatif
pantes isi bbm ga boleh pake botol takut tau,2025-11-01,negatif
laku lagi libur,2025-11-01,negatif
pk presiden tolong segra copot bahlil,2025-11-01,negatif
step by step wd jt bilek,2025-11-01,netral
cung yg motor brebet,2025-11-02,negatif
ini ada yg kudeta arti mafia migas lagi atur rencana jatuh perintah,2025-10-31,negatif
pak prabowo ayo copot pak bahlil masa masih dipertahanindenger keluh rakyat pak mohon pak prabowo,2025-11-02,negatif
pertamina kalo sudah tidak mampu kasih kualitas mending ttup aja biar shell bp vivo dan kawan yg ambil alihangry,2025-11-02,negatif
bawa rumah dirut pertamina dan bahlil,2025-11-01,negatif
tangkap si bahlil,2025-11-01,negatif
bahlil b nya itu apa,2025-11-03,netral
cabut aja izin usaha pertamina yg nakal kasi denda,2025-11-01,negatif
kerja si bahlil itu,2025-11-01,netral
pantas motor ku brebet trus bakar nya gak bagus kasi kami yg uda gak punyak apa apa kadang beli bensin aja pun susah kalau motor kami rusak bagai mana kami kerja dan beraktipitas tolong kasihan kmi orng orang yg di bawah ini oleh orang orang yg rakus akn uang,2025-11-03,negatif
mangkanya banyak mobil dan motor pada mogok dan rusak,2025-11-02,negatif
trus gmna solusi jangan hanya sidak aja apak ini motor uda pada ngadat,2025-11-01,negatif
rezeki gw hari ini habis cair jt,2025-11-01,positif
motor temen gw rebet karna ulah bahlil,2025-11-03,negatif
bahlil ohh bahlihmerusak rakyat,2025-11-01,negatif
saat ganti pak menterinyagak beres,2025-11-01,negatif
usut tuntas papenjarakan penljabat yg saran campur dgn etanol,2025-11-01,negatif
iya motor hbs di isi pertalite mlh ngeden di gas berat bgt,2025-11-02,negatif
bensin sudah oplos harus lapor tahun pertamina untung gede ya tp heran koq masih rugi trilyunan mirissssss,2025-11-01,negatif
jgn salah spbu salah kan yg buat bijak,2025-11-01,negatif
bahlil b nya apa,2025-11-03,netral
sepeda sy juga brebet korban pertalite pom bensin dinding br kmrn ke bengkel sih injektor sm ganti busi isi pertalite persis ituada air mending beli ecer botol lgsg lihat kl mmg bensin oplos,2025-11-01,negatif
bahlil bahli,2025-11-02,netral
curiga satu komplot bahlil sama tukang bengkel,2025-11-02,negatif
untung saya gak pakai motor,2025-11-02,positif
gara bahlil tok kok,2025-11-01,negatif
aampun dech kapan ya indonesia normal aja,2025-11-02,negatif
tukang bengkelgacor kang,2025-11-01,positif
pertamina harus tanggung jawab,2025-11-01,negatif
bnr anjir rusak motor cowo gua,2025-11-02,negatif
tukang bengkel cuan nihhhh,2025-10-31,positif
dan kebnyakan dari motor matic merk honda,2025-11-03,netral
bang bahas bobibos karya ank bangsa yg potensi saing pertamina,2025-11-04,positif
motor fu gw rongsok bagus ja minus pertalite,2025-11-03,negatif
iyaa njr gua pertalite terus masa gas nya renti,2025-11-03,negatif
klo gw beli pertamax malah ngebrebet,2025-10-31,negatif
saya pake pertamax juga sprti itu jadi bukan hanya pertalite,2025-10-31,negatif
rb layang,2025-11-08,netral
air stengah sendiri,2025-11-03,negatif
motor gua kena,2025-11-07,negatif
kacau,2025-10-31,negatif
mending beli bensin ecer bang lebih bagus liat bensin nya,2025-11-01,positif
turbo kena juga,2025-11-07,negatif
pantesan pertamax gua rame,2025-11-03,positif
mabok pertaliteetanol,2025-11-01,negatif
hari ini habis hampir rb buat baik motor pcx karna masalah bensin pertalite,2025-11-02,negatif
ih aku ga punya motor tp dipinjemin supra yg lawas pol dr kantor suami tak buat anter jemput anak skolah td nya aman bgt motor g rewel blass tp beberapa minggu yg lalu aku isi full pertalite trs mbrebet aku cuma sungkan sm orang kantor masa tak pinjem trus rusak kan ga lucu ya huhuhu,2025-11-02,negatif
kenapa perintah diam saja tanpa statemen dan tindak apa memang mau bikin gaduh rakyat,2025-11-06,negatif
spedaku mek ganti mbek bjoku dipakek kerja aku dan suamikumakeknya ganti kok malah bnyak mslah mtor gin plis mtor cuman jngan sampai jdi slah korban juga,2025-11-04,negatif
motor gue udah abis k tetep aja brebet padahal full ganti sistem injeksi semua hadehh,2025-11-01,negatif
jare pertamina seng salah busi mu mbak tuntuten wae,2025-11-03,negatif
hahaha kalian yang rugi saya yang kaya,2025-11-01,negatif
sakjane subsidi iku gawe opo lek kualitas pertamina nyusahno luweh apik konsumen ben milih bensin tanpa subsidi atau bensin subsidi,2025-11-02,negatif
bagus semua korban pertamina ngajuin gugat ke adil tuntut yg gede mau sampai kapan kita kasih bbm busuuk terusterusan,2025-11-01,negatif
podo mbak bedane motor varioku jik iso mlaku tapi suorone maleh kemrotok ape ndandakne jik akeh butuhe laine iki saiki penting motor iso mlaku,2025-11-01,negatif
aku td pagi juga habis servis gara gara korban pertalite dan asal kalian tau semua motor belah belah itu semua kasus sama,2025-11-04,negatif
shell kapan kamu jual bensin lagi,2025-10-31,negatif
yg mau sekolah jd g sekolah mau kerja jd lambat kerja minggu biasa gaji fuull kurang karna potong satu kata buat pertaminajiancoooooook,2025-11-05,negatif
ini semua ulah bahenol kanpreet,2025-11-01,negatif
pertamina kualitas jelek make merk laen bahan baku sulit,2025-11-01,negatif
pertamina anjj,2025-11-01,negatif
ngisi pertamax full tank brebet juga mbaa,2025-11-01,negatif
yang harus tanggung jawab bukan pertamina tapi pak bahlil kan dia yang nyuruh pertalite sama pertamax di campur etanol kata bagus nyata di lapang bagaimana,2025-11-01,negatif
ayo rin semangatt mbatin rini matane loh cog pikir gampang nyetut peda jajal ganti sing nyetut piye,2025-11-01,negatif
gaji jabat milliaran tapi layan zonk selamat ada di negara konoha,2025-11-01,negatif
kepingin untung gede pertamina korbane konsumen men,2025-11-02,negatif
kata si bahlil bengkel motor biar pd laris tuh yg gue heran bensin di oplos pun pertamina masih rugi mulu apa rakyat harus pakai air y baru untung tu pertamina,2025-11-01,negatif
beat skrg bukan uda harus pake pertamax ya coba cek di stnk nya ka,2025-11-01,netral
wkwk panen duso opo pahala nek ngene iki wong pertamina dan petinggi e,2025-10-31,negatif
kak aku rencana mau beli motor akhir tahun nanti tapi gegara banyak brita bobrok pertamina jadi mikir lagi mau beli,2025-10-31,negatif
hayolooo takut banget ga sih kalo pas dipake motor malem sendiri mana cewe lagiii terus mati tengah jalan,2025-10-31,negatif
mbak ihh sama aku jg kmrn brebet dan mati pdhl nmaxku baik aja mana mati kali tengah bunderan sier,2025-10-31,negatif
baru td malem ngisi pertamax scoopy ku brebet parahhh,2025-11-02,negatif
betul pertamina suruh tanggung jawab jangan minta maaf aja terus biaya kerusakaan siapa yg nanggung kalau sudah begini,2025-11-01,negatif
podo ae kabeh pak laa mosok ben aku ngisi nde pom mesti brebet mung wedi ku mati nde tengah dal pas rame lak sido kenek karo seng bur bos,2025-11-01,negatif
kami punya spbu di kab malang jl raya bululawang no spbu dan spbu di jl raya bakal no spbu tiap datang di ukur kandung air tdk lihat kandung etanol sampek hari tgl nop tdk ada keluh konsumen pertalite mau pertamax dan pas ukurane selamat isi di spbu kami,2025-11-01,positif
ini pertalite atau air lumpur pantes bikin motor brebet,2025-11-06,negatif
awal si bapak ngisi bensin abs ngisi bensin motor brebet dan mogok akhir penasaran bisa mogok dari apa dan karena penasaran di bapak pindah bensin yg ada di motor ke dalam botol aqua info begitu,2025-11-01,negatif
padahal untung udah banyak masih mau di campur campur,2025-11-03,negatif
ini akan jadi akal kembali untuk menghapur pertalite untuk pindah ke pertamax semua biar lebih bnyk untung seperti yg dulu bensin hapus,2025-11-07,negatif
bahlilnya pak kasi kerja cuma ngejalanin tugass bahlilnya aja yang di duel in pak,2025-11-04,netral
saya juga kena salah pas motor brebet saya lagi jalan ke diri pas di pujon motor brebet alhasil suami saya jejek sampai ke diri iya kalau brebet deket sama bengkel kalau jadi seperti saya di pujon pas di alas itu gaada bengkel sama sekali yaallah yaallah,2025-11-03,negatif
gw isi pertamax juga brebeettt anjir akhir gw iso pertamax turbo lumayan ga brebet tapi ga tau lg deh mesin gw apakabar kalo isi turbo trs,2025-11-04,negatif
cung user pertamax brebetboros,2025-11-03,negatif
mana mana banyak kenapa ya klo isi bbm di spbu atas nama pertamina semua dan kenapa ya tiap kali isiin bbm di spbu kenang angin nya ketimbang ngisi bbm nya ya,2025-11-01,negatif
vidio cctv pertamina ada tu di atas,2025-11-02,netral
pokok nya pertamina udh rusak semua dicampor dikurangikita ngisi lter hanya yg di isi aja,2025-11-03,negatif
aq beli motor barusetelah di isi di spbu skrg mbrebet gk bs jln,2025-11-03,negatif
mingkin kacau aja ini pom harus lebih leliti sekarang mah bany gk jujur pom nya sekarang mah,2025-11-03,negatif
bahlil di miskroscop,2025-11-07,netral
cek aja cctv spbu pas bapak ngisi kmarin sore,2025-10-31,netral
lama ini pertamax daerah sini masih aman sharing dong yang pake pertamax udah ada masalah apa belum takut bjirr,2025-10-31,negatif
oalah kelen pada sibuk pertamina datau yang salah tu busi nya,2025-11-07,netral
parahhh sih pertamina jangan lah kayak gitu sama rakyat kami bagai konsumen kecewa berat sih,2025-10-31,negatif
cabut perijinan spbu nya,2025-11-01,negatif
pantesan motor brebet di starter g bisa padahal baru di servis,2025-11-01,negatif
beli byd aja ama saya ga isi bensin lagi,2025-10-31,netral
pak presiden ayo maen sosmed biar taw keluh kesah rakyat,2025-11-01,netral
sepdaku brebet pak niat tuku bensin mlah ngerusak sepeda,2025-11-02,negatif
saya memang tidak tuju dengan ada campur etanol tetapi lihat jadi ini seperti rekayasa mohon maaf atas pikir negatif saya,2025-11-01,negatif
ini tuju biar masyarakan pindah ke pertamax krn dlu q sdh dengar dri orang pertamina klo pertalite bklan g da,2025-11-01,netral
pantesan beli di botol gak boleh,2025-11-03,negatif
biar pada beli yg mode listrik,2025-10-31,netral
aduh kembali shell dn bp,2025-11-01,negatif
masak presiden gak liat gin cuman diam,2025-11-01,negatif
ide bensin campur etanol ini utk mati spbu,2025-11-01,negatif
asli etanol tuh amanaman aja tapi bensin kualitas kita itu masih belum standar internasional thailand dan amerika juga pakek etanol tapi amanama,2025-11-03,negatif
sidaknya bensin yg dr mesin ambil terus di test langsung pak,2025-11-01,netral
sudah satu hari bilah kok masij mau ngisi lagi itu yg baju putih kok ngotot lihat rekam cctv,2025-10-31,negatif
tapi beli ecer kok nggak ada campur bisa lihat botol,2025-11-01,netral
kerjo sampek telat sepda berebeetttt,2025-11-04,negatif
di bojonegoro motor podo mogok,2025-11-03,negatif
parah sih korban bnyk banget,2025-11-03,negatif
tim bensin warung madura nyimak,2025-10-31,netral
hari ini saya rasa motor brebet padahal isi pertamax akhir dorong motor pada saat hujan,2025-11-07,negatif
yaallah bang jnganan pertalite turbo aja motor gw mati waktu malem mana kaga ada yg buka,2025-11-03,negatif
tangkap riza chalid,2025-11-04,negatif
gua udh jadi korban vario gen pdhal,2025-10-31,negatif
dan cara tiba tiba besok ada berita begini bahlul duga korupsi besar xx triliun,2025-10-31,negatif
babahlil,2025-11-01,negatif
ganti presiden,2025-11-05,negatif
pantes motor gw sering kayak gitu,2025-10-31,negatif
pantau pak prayogo sdh meng akuisisi spbu swasta dan sedang siap dapat ledak momentum nya,2025-10-31,positif
motor gw juga kena kocak,2025-10-31,negatif
waktu gua kerja di bengkel,2025-10-31,netral
lumayan launch kontrol alami brebet,2025-10-31,negatif
siap ada berita viral alih isu,2025-10-31,negatif
lahhh motor juga,2025-10-31,negatif
sama bang motor saya juga rebet,2025-10-31,negatif
woy laahh motor gua skrg,2025-10-31,negatif
yang sudah di oplos plat merah pertamax oplos pertalite oplos tinggal yang lain di tunggu gebrak beliau,2025-11-05,negatif
pasti nontonya jumat siang,2025-10-31,netral
gw korban jg,2025-10-31,negatif
bjir gw kira rencana nyata udah dilakuim,2025-10-31,negatif
ide bagus sih dari pada nyebar paku di jalan wkwkwk,2025-11-02,positif
untung gw ngisi pertamax mulu,2025-10-31,positif
kembali shell kami,2025-10-31,negatif
capee bgt capeee,2025-11-03,negatif
kmrn motor jg brebetmana pas di tanjak,2025-11-02,negatif
hadir dari diri jatimkorban mbrebet,2025-11-07,negatif
saya malem isi pertalite pagi pas di pake motor rebet padahal belum gk ada tanda rusa,2025-11-06,negatif
jadi sama nih motor sy dan teman sy sama brebbet telah isi pertalitedan efek ke mesin jugaharusnya langsung jreng dan lancarskrg mlempem,2025-11-05,negatif
pntes oi mtor gw sering rusak skarang,2025-11-04,negatif
aq dr pertma ad pertalite kluar udh jarng make krn pmbkarannya susah lengket sperti karet mau heran protes nanyain sendiri tp kn ini indo jd tunggu publik aj kek skrang,2025-11-07,negatif
pantes mtor gue gaenak bngettsoalnya suka isi bensin sana,2025-11-04,negatif
mangkane sepeda mbrebet kabehwong cilik rah iso komplain,2025-11-04,negatif
saya beli gas lpg yg kilo warna pinkbaru hari sudah mati padahal masih berat isi masih banyak tapi dak bisa di pakai lagiapa mungkin sperti ini,2025-11-03,negatif
aku ngisi pertalit di pom simo hari senin smpe sekarang aman gess,2025-10-31,positif
kak motor juga kena,2025-10-31,negatif
halah masio ngunu yo gak kapok tuku nk pertamina,2025-11-04,netral
akibat bijak yg bukan ahli di bidang rakyat melarat,2025-11-04,negatif
dapat salam dari mamah aku,2025-11-02,netral
ih mba sama bngt sumpah pdhl ngisinya dipom pertamina nya langsung lohtetep aja mes jd rusak brebet gitumana kilang minyak pertamina nya deket dr rumah lg,2025-10-31,negatif
beli bensin belum ada meter dah mati akhir kena jt buat benerin kira aku yang rusakin nyata seluruh indonesia raya begitu semua ya allah mana dah atu nya,2025-11-01,negatif
makin kesini emg makin kesana rakyat saat ini sudah gak percaya pertamina,2025-11-03,negatif
uda waktu rakyat gerakbertahun tahun bodoh pertamina gedung pertamina sak direktur,2025-11-09,negatif
semngat mbak ganti suzuki aman sentosa soale wis support e,2025-11-01,positif
jangan motor greget gra ini pdhl tiap isi pertamax,2025-10-31,negatif
astrea ku yang dari dulu jarang rusak pun sekali rusak busi nya yang kena karena rebet,2025-11-02,negatif
beat ku cakut ulan mlebu bengkel yoan mbak wing entek k kudu nang,2025-10-31,negatif
prabowo ngerti ora ikinek ngerti ko neng ae,2025-11-01,negatif
woe iya gue abis benerin gegara brebet kena pertalite,2025-10-31,negatif
aku lihat ada spbu warna kuning kira itu bagus nga yah aku mau alih sm itu aja deh,2025-11-01,netral
wes nng akr ae luwek sip,2025-11-05,positif
numpak sepeda ae bahan bakar e soto lamongan sak es teh e timbang gawe tuku bensin gak jelas kualitas e,2025-11-04,negatif
pinternya mbak bisa ndorong teman pakai sepeda motor moga sahabat tetap tulus sampai akhir hayat moga soal bbm ini cepat selesai,2025-11-02,positif
bahlil memang menteri yang patut kasih anugerah nobel tinggi dan masuk dalam guiness of record,2025-11-01,positif
kayak bahlil ken seperti sahroni part,2025-11-01,netral
mbak motor ae mbrebettt,2025-11-01,negatif
semua ini gara bahlul,2025-11-03,negatif
alhamdulillah mio ku isi turbo beat karo scoopy isi pertamax supra isi perlalite aman kabeh,2025-11-02,positif
golek duit angel soyo angel perkoro bensin,2025-11-02,negatif
make pertamax alhamdulillah aman aja,2025-11-01,positif
rim apa kak nama belakang ku rim juga wkwkwk,2025-11-02,netral
coba di daerah ada pom bensin selain pertamina gak bakal aku isi pertamina lg kapok ga selesai motor rusak garagara bensine,2025-10-31,negatif
respect crwek bisa step motor,2025-11-01,positif
bahenol bahlil love ethanol,2025-11-02,positif
bang kenapa vt yg bahasa portugis akan jadi kurikulum privat bang,2025-10-31,netral
bahlil kapan lengser sih astaga,2025-11-03,negatif
ulah bahlil,2025-11-02,negatif
bahenol bahlil etanol,2025-11-01,netral
yg salah motor gk sesuai spec bahlil,2025-11-01,negatif
bahlil an,2025-10-31,netral
brebet kabeh bos,2025-11-02,negatif
benar bahlil bener karena brazil argentina lain nya pake etanol tp yg salah itu mesin motor warga indonesia gak kuat pake itu kyk paksa kan wkwk,2025-11-02,negatif
salam seperbrebetan,2025-11-03,negatif
mbrebet kok sak indonesia luucuu lucuuu,2025-11-03,negatif
pecat si balik atau bahlul itu,2025-11-04,negatif
jare kancaku gdk etanol lk nk kota ku malah banyu i yok opo iki rek seng penere,2025-11-06,negatif
hasil ilmu baru dari bh,2025-11-02,netral
subianto,2025-10-31,netral
bahkan org bengkel yg benar jd ciprat krna byk motor masuk bengkel saja salah rusa krna ethanol loh,2025-11-03,negatif
cobot bahlil pak prabowo subianto,2025-11-01,negatif
panyesan ngadat motor ku,2025-11-03,negatif
bahlil b ya apa,2025-11-01,netral
prabowo pura pura gk lihat dan gk dengar,2025-11-03,negatif
itu sengaja kasih air sedikittp air jadi lebih banyak karna etanol pada pertalite larut dan satu dgn air,2025-11-04,negatif
pantess motor mati bae di jalan brebet pulak,2025-11-01,negatif
kenapa kemarin sore pak pak harus waktu beli langsung di cekkk lek wing sore samean campuro dewe mosok ero seng sportif lek e ancen komplain,2025-11-02,negatif
pantas jual ecer larang kacau kacau,2025-11-01,negatif
rakyat knp masih pada sabar ya ga tau rumah bahlil,2025-11-02,negatif
kek pertamax jg udh campur etanol akhir ini motor gw sering brebetjd susah hidup,2025-11-03,negatif
rugi rakyat sekali ini,2025-11-03,negatif
pak pertamina sepeda motor ku baru bulan gara isi pertalite yo brebet pakkkk pokok ganteni gawe nang bengkelll titikkkkk rumah pandaan pasuruan,2025-11-05,negatif
terus guna sidak apa wong smua emang di setting bgituuu heran bgt,2025-11-03,negatif
maaf dek pertamina hnya bs jawab tdk pernah tanggung,2025-10-31,negatif
ya allah podo mbak wayahe nyusul anak sekolah kok mogok ya allah mana bawa bocil bel i ambek truk mobil wes gupuh kabeh bar isi pertamax iki mau,2025-11-07,negatif
pancen jahat kok sing mbarakno rugi iku,2025-10-31,negatif
anjaayy bu chooyy,2025-11-06,negatif
aku habis hampir jt gara gara itu,2025-11-03,negatif
solusi nya isi bensin di madura karna botol nya keliatann jdi anti oplos,2025-10-31,positif
ada hikmah buat bengkel,2025-10-31,positif
motor ku juga oi harus gmna ini,2025-11-01,negatif
pabrik busi ketawa liyat ini,2025-11-02,positif
wah saya sangat bangga jadi wni,2025-10-31,positif
parah,2025-10-31,negatif
anjir itu mesin motor rusak apa jadi,2025-10-31,negatif
nuntut pertamina bisa gk sih,2025-11-01,negatif
bengkelalamak duit nih,2025-11-01,positif
ih motor gua gitu akhir ini,2025-10-31,negatif
bisa tuntut ga si,2025-10-31,negatif
ada mekanik nya neng sma putus tri tpi dia nyindir,2025-10-31,negatif
bahll anj emang nyari duit udah susah d bkin tambah susah karna harus service mlu,2025-11-02,negatif
baru brapa bulan,2025-10-31,negatif
masalah yg jual bensin cuma pertamina,2025-10-31,negatif
bensin udah di oplos tetep aja masih ngaku rugi,2025-10-31,negatif
nyata ini sebab motor saya kemaren nyata betul,2025-10-31,negatif
aku pernah tu pas mau berangkat sekolah sama pas mau beli barang,2025-10-31,negatif
motor ayah ku juga kena dan aku yg gotong dari gerbang rumah sampe rumah,2025-10-31,negatif
baru,2025-11-01,netral
udah nga percaya lagi nih sama pertamina ngisi di vivo ah untung ada bensin swasta deket rumah,2025-10-31,negatif
pasti nontonnya jumat siang,2025-10-31,netral
sebenernya bukan oplos air itu etanol itu minus nya dia serap air apalagi negara kita lembab jadi lama bensin nya jadi campur air,2025-10-31,netral
aku pake pertamax kok brebet juga punya motor dua brebet,2025-10-31,negatif
motor juga kena,2025-11-01,negatif
motor yo ngono mbrebet,2025-11-03,negatif
lgsg ke pertamina aja mba minta ganti,2025-11-02,netral
spbu mana anda isi pertalite,2025-11-02,netral
gua uda x mogok isi pertalitepertamina gk beres uda kasus korupsioplosansekarang mogok masal,2025-11-03,negatif
la ngerti motor sng sijine rusak goro pertamina tapi nyapo motor liyane kok pancet mbo isi ndk pertamina nem painem piye to,2025-11-04,negatif
koyoke emang awak dewe dikongkon mlaku mbak kurang polusi lah lek pedae brebet kabeh isi pertalite or pertamax podo ae,2025-11-02,negatif
sudah banyak korban sudah jahat ini tapi tidak ada laku yang di tetap,2025-11-01,negatif
tebakmesti di step karo sikil yoh,2025-11-01,netral
alhamdulillah pilih gua bener ambil pertalite,2025-11-02,positif
lek sing domisili surabaya info bp sudah ready di jl pemuda,2025-11-01,netral
mbak rekomendasi aja lek misal mau motor seng tangguh dan tahan banting pake motor bebek aja atau motor yang sama kek temennya mbak jarang yang kena kasus mogok kek gin soal,2025-11-02,positif
podoq wing y mogok nyurung golek bengkel salah gowo ank cilik pis,2025-11-04,negatif
wes tak iseni extrajoss ae spdaku,2025-11-02,negatif
pertamina ancen guwoblok busi motor e bojoq yo puersis ngono iku mari kene pertalite,2025-11-03,negatif
check jg turbo yg di pertamina mampang motor jd berat beda turbo yg di kuningan rasuna said,2025-11-01,negatif
baru kali ini pertamina bikin resah masyarakat ada apa dengan pertamina,2025-11-02,negatif
sama beatku ya brebet,2025-10-31,negatif
pertamina lg sibuk hitung rugi soal mau akhir tahun,2025-11-01,netral
wes paling bner numpak ontel karo dokar ae kyok jman penjahahan itung nostalgia,2025-10-31,negatif
mba aku pake stylo baru tahun ini tak isi mesti pertamax sumpah brebeeett betty mosok aku kudu nak suroboyo gae tuku bp,2025-10-31,negatif
iki pertamina ga speakup ta,2025-10-31,netral
sepeda tak isi solar kak saking jengkel e,2025-10-31,negatif
heee sumpah scoopy ku yo tau brebet moro mati nang tengah embong raya dan di beli wong akeh kok yo untung mobil mburiku gak nabrak aku sumpah iki wes bahaya rek,2025-10-31,negatif
trs iki isi opo rek bensin e,2025-10-31,netral
motor juga kmaren kenaa trs kuras bensin ada banyak bagi yg bening busi rusak juga,2025-10-31,negatif
jangan beli pertamina di merr kan ada bp kalo gasalah depan superindo,2025-11-01,negatif
motor baru bulan juga brebet,2025-11-07,negatif
mangkane motor anak q koq nyandet,2025-11-03,negatif
beliny kemaren soreko mau ngantri lagi,2025-11-05,negatif
tutup aja pertamina ganti shell aja,2025-11-01,negatif
sepeda kakak ipar aku mati gabisa hidup garagara bensin,2025-11-04,negatif
mangkane brebet peda padahal ngisi pertamax,2025-11-04,negatif
bayar bensin aja di oploss apalagi gratiss hahahahaha,2025-11-04,negatif
anjg gw dari beli motor smpe skrng gw urus rw rawat rutin baru isi minyak full kmaren lgsung mogok di jalan se umur baru ini motor gw mogok,2025-11-03,negatif
motor ku legrekkk pak gara samean,2025-11-06,negatif
motor brebet rek,2025-11-03,negatif
gw isi pertamax turbo sama ajh kemarin gw bongkar ada air nya jga,2025-11-08,negatif
sudah benar beli ecer di toko madura asli murni ga ada oplos karna kliatan dari botol full tp jarang ada pertamax sering cm pertalite,2025-11-04,positif
itu lebih wahhhh,2025-11-05,positif
motor saya dua nya rusak gara campur pertalite sama metanol tolong jgan susah kan rakyat seperti ini,2025-11-07,negatif
spbu turun harga pertalite campur air,2025-11-03,negatif
pertamina makin byk yg di tangkap makin gila main kami masyarakat yg korban woooooiiiiii,2025-11-01,negatif
miris amat negri inisgtunyh cari duit,2025-11-05,negatif
itu partalite bukan bensin pak,2025-11-05,netral
motor kami pernah gt habis isi di pom jatak meter mogok mati dibaw akebengkel kuras isi separoh air,2025-11-07,negatif
bisa saja tangki spbu di kuras dulu terus di ganti yg baru karna mau disidak mana mungkin speda motor bohong iya kan,2025-11-04,netral
piralkan,2025-11-07,negatif
gua kira pindah ke pertamax normal malah sama aje hdh buang buang duit doang,2025-11-05,negatif
bener nih guys motor qw jg hbis mbrebet lo pdhal brp thn pk pertalite gak ad masalah lo,2025-11-04,negatif
itu aki pertaminakita tiap hari cekelu emang ada tiap hari di lokasi,2025-11-04,negatif
pantesan beli lewat botol gk boleh tkut tau ad air nya,2025-11-06,negatif
pom malang selatan juga banyak yg bikin sepeda mogok,2025-11-04,negatif
minggu kemaren ngisi ecer yg toko liat sepi berat stok lama aman aja isi pertamax langsung motor kemaren brebet masih bisa jalan sekarang udah mati klesek gabisa kerja minnnnn,2025-11-03,negatif
punya saya sudah saya kuras tetep aja kalau di gas gk bisa jalan malah injeksi ikut rusak,2025-11-05,negatif
motor maticku mas baru juga mogok,2025-11-04,negatif
banyak sepada mogok,2025-11-03,negatif
itu rusak mesin spd mtr tolong tangkap orang yg campur etanol,2025-11-03,negatif
hampir tiap spbu di negeri konoha ini ulah,2025-11-03,negatif
gara gara bensin speda brebet,2025-11-06,negatif
mboh wes ruwet konoha,2025-11-06,negatif
eeem alas ecer mau di tutup jadi ini acara pemerintahbiar gk ketauancakeeep,2025-11-05,negatif
woiii ga tauu prosedur sidakk kahh,2025-11-05,negatif
dan yap gw nak,2025-10-31,netral
bang bahas mbg collab ama prindavan,2025-11-01,netral
kok bisa sih rakyat masih sabar hadap jabat indonesia,2025-10-31,negatif
jir sama bg mtr gua brebet,2025-11-01,negatif
ini yang dulu bilang politik g ngaruh sama hidup seharihari ngumpet dimanaliat nih bijak org dolok yg kasih jabat,2025-11-03,negatif
shell aman ta rek,2025-10-31,netral
podo woi scoopy anyar kaet jpuk di isi pertalite brebettpi mboh lek pertamax,2025-11-02,negatif
habis brp rek ke bengkel bongkar gituu,2025-10-31,netral
guys kalo pakai pertamax masih aman kah,2025-11-01,netral
periksa pom bensin nya,2025-10-31,netral
pertamax gin juga ga yaa,2025-10-31,netral
bang bahas museum yg maling,2025-10-31,netral
coba bahas king evos is backkkkkk,2025-10-31,positif
when dunia full of korupsi,2025-11-01,negatif
begitu indo udah serba mahaltapi kualitas beda jauh banget bagai langit dan bumi,2025-10-31,negatif
kalian yg punya bengkel berterimakasih lah ke bapak bahlil,2025-10-31,negatif
motor jg brebet tapi langsung aku sedot pertalite nya isi pertamax alhamdulillah aman tapi tetep aja bahlil b nya,2025-10-31,negatif
gak tau nakal works apa enggak gue cuma pikir aja kalau misal isi fulltank dulu terus bawa balik kuras lagi bensin simpen di ember diendapin dulu biar pisah bensin sama bahan oplos habis itu pindahin lg bensin yg ada di atas dalam dalam tangki,2025-10-31,netral
kang bengkel,2025-10-31,netral
motor hasil utang masih baru eh baru aja rusak gara isi pertalite,2025-10-31,negatif
sabar ye saudar ku di indo salam dari malaysian,2025-10-31,positif
saham bengkel,2025-10-31,netral
hati jendral,2025-10-31,netral
pantesan motor bapak gw suka mati jalan,2025-10-31,negatif
pertama,2025-10-31,netral
aduh kakak kelas ku lagi pkl apakah dia sibuk,2025-10-31,netral
tukang bengkel laris manis,2025-10-31,positif
pertamina sby mana nih,2025-11-01,netral
aku scoppy dar beli pertamax trs,2025-10-31,netral
podoo mbak beat street ku yo kenek jancok i bahlil,2025-10-31,negatif
aku yo dadi gaisok pp beatku tiba gabisa nyala,2025-10-31,negatif
piyemosok iseh arep mileh bahlil dan partaine maneh,2025-11-01,negatif
erin mesti spek balap iso nyurong soale step motor,2025-11-01,netral
podo mbk motor q brebet hari ini,2025-10-31,negatif
terus maksute e opo pertamina terus lak koyok ngene seng gae susah opo n kok g onok tindak opo rasane adem ayem ae enak seng pertamina tetep kipas duit lha kita ini terus susah,2025-11-01,negatif
motor q juga baru keluar bengkel kak,2025-11-01,netral
cara pisah etanol dari pertalite,2025-11-01,netral
wah mbak isi turbo dulu aj mbak punya saya beat pake pertalite gak enak pakai pertamax masih gak enak pakai turbo baru enak mbak,2025-10-31,positif
wees mbuh pertaminakatanya rugi terus tapi kita tuku bayar cashmalah pordak eee oplos wesss mbuh negoro ikipak prabowo piye mentrine iki esdm,2025-10-31,negatif
ingat kata manusia klereng minta tanggung jawab ke pertamina kak,2025-11-01,netral
duhh akuu gaene pom mobil tapi aman sehh moga aman sak rusa,2025-11-01,positif
mba podo wes dino mslhe gae budal moleh kerjo,2025-10-31,negatif
saat shell banyak cabang,2025-10-31,netral
lebih baik beli seblak dari pada ganti oli opo sehh,2025-11-02,negatif
sepeda e ayah ku yo gawe pertamax tapi tetep macet,2025-10-31,negatif
monggo pihak kait utama pertamina untuk tanggap keluh masyarakat kait pertalite,2025-11-01,netral
mending shell aja,2025-10-31,positif
fazzio ku juga betul isi pertalite sama ibuk kemarin malah brebet bet duh,2025-10-31,negatif
aku iyo mbak moleh kerjo tuku pertalite lah kok brebet bsk e moleh kerjo tak tukuno pertamax astaghfirullah tambah mati gaiso dstater gaes nuntun teko pom tekan omah adoh kesel moleh kerjo hari iki aku gojek karo ngebis trus kerjo e sepeda motor melbu bengkel jare rusak busi e smpek an,2025-10-31,negatif
scoopy q yo dadi korbane pertalite ngisi pertalite rb kenek servis rb,2025-10-31,negatif
samaa kak motor juga hbs di isi pertalite brebet trs akhir ganti ke pertamax baik huhu,2025-10-31,negatif
untung di deket rumah pom mobil masih beroprasi jd gk ke pertmn,2025-10-31,positif
nek aq gawe pertamax yo gak cocok polane sepeda q tenaga karbu tak setel yo enak,2025-10-31,negatif
betull sama bgtt beatbstreet yo mbrebet,2025-10-31,negatif
drpd pertamina gaji komisaris miliar gk ada guna lbhbaik buat ganti baik motor yg rusak ini krn bbm nya,2025-11-01,negatif
tangki ku karat gtu kenapa yamasak bensin nya atau masuk air ya,2025-11-07,negatif
bahlil b nya apaa,2025-11-02,netral
pantesan motor baru sekarang tidak bisa tahan lama dan cepat rusak rupa ini sebab,2025-11-03,negatif
pasuruan brebet jga pak,2025-11-03,negatif
bahlil lihat tuh bikin tambah susah rakyat paham g,2025-11-02,negatif
banyak sekarang solar campur air mobil teman kena juga,2025-11-04,negatif
bapak prabowo masih tidur kalau udah viral baru bangun,2025-11-02,negatif
pantesan motor masyarakat banyak yang rusak,2025-11-04,negatif
copot tri anak jg mogok motor,2025-11-03,negatif
pantas aja motor rusak bagi injesi trusd,2025-11-02,negatif
itu masih mendingkadang air campur warna,2025-11-05,negatif
tp kata gus iqdam bahlil itu orang baik,2025-11-03,positif
motor kemarin brebet habis itu tangki dibersihin sama tukang bengkel sekarang aman aja,2025-11-03,positif
pertalit bikin motor brebet sekarang,2025-11-02,negatif
udh byk korban gaknusah ngelak lg,2025-11-01,negatif
pantas motor banyak yg rusak bengkel pada banjir rizki,2025-11-01,negatif
di wilayah tuban bojonegoro lamongn sama pakbnyk sepdh motor pd rusak bekebet hbs di isi bensin,2025-11-01,negatif
pertamax malah antri sekarang,2025-11-03,netral
beneran di daerah gresik sudah banyak motor yg brebet atau mogok telah isi pertalite,2025-11-03,negatif
gara pertalit sepeda saya juga brebet pak,2025-11-03,negatif
gak tindak tegas ya jd ulang trs jadi spt ini tugas intelejen itu ngapain aja sih ya,2025-11-01,negatif
pantesan motor saya hbs d servis lancar trs lanjut stlh hr isi bensin di ecer masih aman lnjut lg hr ikut isi d pom jd brebet,2025-11-02,negatif
tetep yg jadi korban rakyat kecilkasihan yg jdi korbanapa gk takut kualat yach,2025-11-02,negatif
pertamina jauh banget tinggal dari petronas,2025-11-02,negatif
etanol kah campur,2025-11-03,netral
copot aja tuh si bahlil nyusahin kita rusak woy mobill,2025-11-02,negatif
bener banget pak spdaku langsung mati,2025-11-05,negatif
sama yg ada mayjend sungkono o,2025-11-02,negatif
kereta ku mogok karena campur etanol,2025-11-02,negatif
motor brebet anjj di kasih etanol,2025-11-02,negatif
bahenol bahlil etanol,2025-11-03,negatif
etanol boleh kita boleh ajar dengan barat tapi harus bisa urai dengan premium kalo pisah gin bosa jadi masalah serus,2025-11-03,negatif
itu curang pertamina,2025-11-01,negatif
plesss cepet tindak lanjut pertamina sampe sepeda ku rusak i benerin nya jg ga murah dan kasihan juga para ojek online atau bentorbecak montor dan para milik motor yang harus benerin sepeda nya karna ulah kalian iya kalo mereka punya uang buat benerin kalo ngga sepeda itu penting buat kami yg tidak milik kendara lain kecuali montor apalagi seperti ojek online mereka cari nafkah dan kerja yang mau berangkat kerjaa juga kasihan banya di pinggir jalan yg sepeda nya brebet ini sudah sangat sangat fatall segera di usut,2025-11-07,negatif
gara si bahlil motor gua brebet,2025-11-02,negatif
aku pertamax gpp iki lek pertalite ancen iyo tak bener no tapi lek pertamax gag iki,2025-11-04,netral
alam semarang beat street minggu ini brebet klo gas kecil pas jln macet ndut an klo gas gede aman boros lkm jemput anak,2025-10-31,negatif
lha seng gk oplos iki opo terus reekkk pertalite pertamax podo ae,2025-10-31,negatif
yg dorong dari kanan kakak kaki kiri dorong ujung knalpot,2025-10-31,netral
keren banget temennya bs kayak gt tahan teman kalian,2025-10-31,positif
jadi ini harus alhamdulillah atau astaghfirullah,2025-10-31,netral
guwa korban,2025-10-31,negatif
rejeki kang bengkel,2025-10-31,positif
bang bahas atlas i yang kata kapal lord boros,2025-10-31,netral
kata kalau alami kendala sebut pertamina akan tanggung jawab sumber dari pak bahlil ntah itu jga valid apa ngga seliwer di tiktok,2025-10-31,negatif
tukang bengkel senyum iki langsung rame,2025-10-31,positif
kata bahlil di ganti motor yg rusak yuk kita tagih karna yg gitu gak satu dua gaas,2025-10-31,negatif
pertamina kiro kiro iso di klaim rusa hadap customer sak endonesa ta gak yooo,2025-10-31,negatif
aku pake astrea juga ihhhh,2025-10-31,netral
dampak hanya pada motor matic yg full injection kalau yg karbu aman,2025-10-31,netral
sing neng kabupaten piye iki enek e muk pertamina,2025-10-31,negatif
pertamax neng varioku ngeden jir,2025-10-31,negatif
tag bahlill rekkk,2025-10-31,negatif
kakk sadar ndak pasti pertalit nasib kayk premium jdi bisa aja diilangkan loh agar kita pake pertamx semua klo ndk gt pertmax nntik di opls sma pertalitr kak dengan nada dering,2025-10-31,negatif
samaaa mbkk sampe ganti filter bensin sama sensor gas ttp macet,2025-10-31,negatif
mbak kalau beli yg di spbu coco dengan kode depan itu kalau beli sana ada case seperti ini nnti bisa di bantu bawa ke bengkel mbk bawa bukti pembayaranpembelinya biar bisa di claim,2025-10-31,positif
dah suzuki nex selalu aq isi pertamax alhamdulillah sek aman cuman tari kek berat gitu skr ga kek pertamax jaman dulu,2025-10-31,negatif
iyo pek motor yo brebettt anjerrrr ngisi ng pom darjo pdhal,2025-10-31,negatif
ihh motor juga brebett tauuuu,2025-10-31,negatif
kakk sama di motor beat cerita kmrin sblm dipinjem orang bensin full tak beliin pertalite mesin enak klo di gas pas dipinjem sm bapak buat ke rs dibeliin full sm dia lah kok mesin tak pake kyk berat bgt dan mogok,2025-10-31,negatif
surabaya byk pilih pom bensin swasta kak aku yg di daerah lbh milih ngisi di mobil indostation krn yg swasta ada itu udh gk percaya sm pertamina,2025-11-01,negatif
pertamax jg kena,2025-11-06,negatif
pertamax jg sama aja bang,2025-11-06,negatif
motor beat aku jga nak capek bolak balek ke bengkel bagus sebentar tu brevet lagi,2025-11-04,negatif
saham bengkel full margin,2025-11-05,netral
iya motor ku d gas senin jalan kamis,2025-11-05,negatif
di samarinda sudah,2025-11-03,netral
ya allah motor udah mau kena kayak,2025-11-08,negatif
sama barusan aku ngalamin,2025-11-03,negatif
tar w mw isi bensin dr luar az klo udh ada sekarang pake motor listrik dlu az,2025-11-05,negatif
motor kuuu isi pertamax juga gituu,2025-11-03,negatif
info klok ga di pertamina dimna lagi jual bensin,2025-11-03,netral
aku juga brebet di kalsel banyak juga bukan aku aja,2025-11-05,negatif
yang saya heran kenapa jadi seperti ini ada di jawa sajakita tingal di pelosok jarang jadi seperti ini,2025-11-05,negatif
neng yang punya bengkel,2025-11-08,netral
gw jg gt anj emng,2025-11-07,negatif
banjarmasin juga oy,2025-11-05,negatif
saya sudah d batas ke bengkel x dan lapor spbu tp spbunya ada aja sanggah nya kl bilang mesin masalah masak iyaa bareng jamaah gin hadehhh meski spbu bilang udah di sidak dan mereka aman tp loo bukti ancuurrr,2025-11-07,negatif
minta ganti rugiii,2025-11-03,negatif
bkn cuma pertalite motor ku hbs di isi pertamax langsung brebet mogok,2025-11-05,negatif
gw isi pertamax mogok kena busi ama rotak ganti,2025-11-05,negatif
korban motor,2025-11-07,negatif
di kalimantan juga kak,2025-11-05,negatif
aku kena bangg,2025-11-08,negatif
motor juga kak padahal di jateng astaga dzalim sekali ni perintah,2025-10-31,negatif
waduh aq tiap hari isi bbm di jln rajawali mangknya motor ku sering mogok anjirrr,2025-11-01,negatif
bene cirebon juga gtu kek nya gue abis isi bensin brebet,2025-11-01,negatif
yang penting gw untung,2025-11-01,positif
wes raja lela mogok dah,2025-11-02,negatif
cuur pantesan beat ku bet ga mari,2025-11-04,negatif
pantes sering mogok motor gue asuuuh pertamina goblok,2025-11-01,negatif
motor juga sering tibapas di gas kyak mau mati,2025-11-04,negatif
bahlil makin ganteng aja,2025-11-03,positif
aq juga beli pertamax di pom perak juga gitu pak ada air,2025-11-02,negatif
bahlullbahlull,2025-11-02,negatif
rembang juga udah oplos pak banyak kendara yang bobrok,2025-11-01,negatif
oo baru nyadar brrti lama ini beli bensin dipom besar tidak boleh guna botol nyata takut tau,2025-11-02,negatif
kenya hampir rata motor jadi berebett,2025-11-06,negatif
bukti sudah ada masih ngelak aja itu org pertamina,2025-11-04,negatif
motor ku ngadet klw jalan,2025-11-03,negatif
ini gada pertanggungjawabann kahhh atas motor yang brebet atau ada yang kata sampe turun mesinn minimal dri spbu dalam waktu tentu turun harga kek atau gimana gitu bagai bentuk ganti rugi,2025-11-04,negatif
gawe brebet,2025-11-04,negatif
mending beli shell,2025-11-03,negatif
perintah nyenengin rakyat nyusahin rakyat,2025-11-03,negatif
tangkap bahlul,2025-11-03,negatif
ini smua main orang atas agar pertamax lakuu kerass,2025-11-03,negatif
pasuruan cek,2025-11-04,netral
cung yg karbu nya bocor gegara etanol,2025-11-04,negatif
mau pindah ke shell tapi shell di medan udah tutup semua,2025-11-05,negatif
dah brebett cuokkk,2025-11-02,negatif
cokkk gara gara bahel dah mogok cokkkk,2025-11-01,negatif
makanya gk boleh beli pake jerigen biar gk tahu kelakuannyaa,2025-11-02,negatif
plis demo ke pertamina saja karyawan spbu hanya jalan tugas kerja,2025-11-02,negatif
pasuruan keluh di bensin sepeda brebet,2025-11-02,negatif
turun bahlil,2025-11-02,negatif
bahenol bahlil ethanol,2025-11-01,negatif
mau demo pun masyarakat sibuk sama kerja masingmasing sedih euy ga ada yg wakilin buat nuntut pertamina,2025-10-31,negatif
duar,2025-11-01,netral
bisa jdi daerah situ kali,2025-11-01,netral
wis monopoli korupsi,2025-11-04,negatif
pantes motor gw rasa kek gitu akhir ini nyata gara si lil lil,2025-11-01,negatif
ini benar akal akal buat pindah pertamax ga si wkwkk,2025-11-02,negatif
berita nya pertamina ngecek aman tp fakta nya banyak yg ke bengkel,2025-11-01,negatif
pertamina mana mau tanggung jawab,2025-11-02,negatif
iya bener motor gue ngadat ngadatan,2025-11-01,negatif
gw juga pernh gin anjr,2025-11-01,negatif
itu game pause itumah,2025-11-02,netral
mobil indostation bagus gak gaes,2025-11-03,netral
lah kemarin pertamax sekarang pertalite trus mau isi apa,2025-11-01,negatif
pantesan motor gw brebet juga,2025-11-05,negatif
bahan bakar gak kualitas padahal harga mahal anj,2025-11-01,negatif
knp baru sekarang rusak hadeh,2025-11-01,negatif
skrg uda ksni bang,2025-11-01,netral
arti kmrn pas buat mbrebet yov mergo iki soale analisis bengkel masuk air sampe turun mesin ganti sembarang kalir meh jt,2025-10-31,negatif
ylki tolongin dong,2025-10-31,negatif
ancen bahlik mbak gawe ontran ontran,2025-10-31,negatif
podo mbke aq spda brebet kbh,2025-11-09,negatif
opo hubung bbm dengan mesin kotor jaka sembung nggak bawa golok,2025-11-09,negatif
matic injek pasti mumet beat q juga rompal gara pertalite kak,2025-11-09,negatif
tangerang aman,2025-11-08,positif
kok saya lihat yang penuh masalah itu sepeda matic honda ya,2025-11-08,negatif
sama kak duit habis buat benerin motor mulu trnyata problem nya di bensin,2025-11-08,negatif
lek tuku njalok nota,2025-11-08,netral
sama kaya aku motor baru ku udah brebet nyata ga nisa pakai pertalite karena ada campur etanol bisa rusak mesin sekarang paksa pakai pertamax,2025-11-08,negatif
iki masalah pertamina opo honda asline,2025-11-08,negatif
dari sby madurasm sm brebet kk meski servis sm di ganti gusi nya tetep aja brebet kk sampai sampai g bisa kerja,2025-11-08,negatif
temenku sendiri kena anjir abis rb,2025-11-08,negatif
tuku pom mobil ae lek onk tapi,2025-11-08,netral
damn,2025-11-08,negatif
aku tahun ini udh pindah ke pom biru,2025-11-08,netral
moga lancar kuliahnyantar kalau udah punya jabat jangan punya putus yang nyusahin orang juga ya kak,2025-11-08,positif
bener asli sama yg saya juga kirain motor saya doang yg masalah nyata pas buka tiktok tau banyak juga yg ngalamin yg sama,2025-11-08,negatif
mesakke rek yoopo pak bahenol bantu dorong gelem ta,2025-11-08,negatif
nanti barang bukti upa kilang minyak apakah akan bakar lagi,2025-11-08,negatif
spd motor isi pertalite brebet bawa bengkel lalu ganti pertamax malah mati nyala mati nyala gitu terus,2025-11-07,negatif
mbakkk peda mari servis k,2025-11-07,netral
pindah indomobil ae mbak,2025-11-07,netral
kena apa kok mesti motor merk ini ya aaaa,2025-11-07,negatif
udh pling bener isi di mobil,2025-11-07,positif
jadi gin yg maksud buka lapang kerja bengkel,2025-11-05,negatif
asli euy dekah kmren brebet di kuras tangki isi smaaa,2025-11-07,negatif
tangki kilang minyak bocor masuk air,2025-11-03,negatif
asli sampai kena,2025-11-08,negatif
sama pertamax wehh,2025-11-07,negatif
memang beli di mana di spbu apa bensin ecer,2025-11-03,netral
motor jugaa ihh pernah pas ujan deres pulang sekolah tiba mati,2025-11-02,negatif
pertalite di hujat rakyat rugi tukang bengkel untung,2025-11-02,negatif
pertamax malah gak glm mlaku blassssssss gas e,2025-11-03,negatif
kalimantan juga kena,2025-11-05,negatif
lah gua kira motor gua doang,2025-11-02,negatif
fyp nya telat motor ku udah masuk bengkel kemarin,2025-11-03,negatif
motor brebet gitu juga tapi udah lama apakah opolosan daerah udh dluan dr dlu sblm viral atau ada kendala lain ya,2025-11-02,negatif
mending gruduk aja rumaj si bahlul gblk,2025-11-02,negatif
di kalsel juga bang,2025-11-03,negatif
udh lite masih oplos malah lebih tiktok lite,2025-11-06,negatif
di kalbar juga gitu btw aku korban nya,2025-11-02,negatif
ini yng pada kena pas servis kena berapa guys,2025-11-07,negatif
pertamax juga,2025-11-03,netral
motor ku juga kena,2025-11-06,negatif
motor sensei ku juga rusak gegara pertalite,2025-11-02,negatif
iyaa kak punya saya juga kayak gitu,2025-11-01,negatif
ancuk aq korban e siang ini habis,2025-11-06,negatif
gua mau isi vivo ga bisaaaaa akhir mau ga mau isi pertamax emang tiiiiiii,2025-11-02,negatif
ini negara mau jd apa sih,2025-11-01,negatif
rejeki tukang bengkel,2025-11-01,negatif
bang bahas kenapa waktu kian mundur seperti jam sholat,2025-11-01,netral
motor cwo gua juga gitu,2025-11-02,negatif
tukang bengkel cair cair,2025-11-01,negatif
bang bahas ujang rajin ngaji,2025-10-31,netral
motor kena jugaa sekarang bingung beli bensin mana soal bp sama shell dekat masih pada tutup gatau kapan buka,2025-11-02,negatif
kayak harus turun tangan ke lapang lagi sih seperti sahroni kemarin,2025-11-01,negatif
pertamax juga bang serius gw juga tiba tiba rebut,2025-11-02,negatif
bahlul ente bahlul,2025-11-03,negatif
ungkap sampe tuntas pertamina,2025-11-01,negatif
klo kayak gin siapa yg tanggung jwb klo motor korbanya rusak,2025-11-02,negatif
yang oplos menteri nya yg di sidak spbu nya,2025-11-01,negatif
bikin rusak kendara ga siih kalau bahan bakar kaya gitu,2025-11-01,negatif
kawal cak ji ges,2025-11-01,negatif
kalo mau cek langsung di pom nya langsung cek tempat coba,2025-11-01,netral
pecat bahlil,2025-11-01,negatif
akhir ini emang motor tbtb jdi brebet padahal rajin ganti oli,2025-11-03,negatif
sepeda sudah jadi korban mbrebetpadahal baru servisdan nyata banyak sepeda di bengkel dengan nasib yg sama,2025-11-03,negatif
emang ga ada demo untuk bahlil,2025-11-04,negatif
motor uda rusak,2025-11-02,negatif
mobil ngisi disurabaya juga jadi rusak henti jalan,2025-11-02,negatif
sepada suami q brebet hbis isi bensin pertalite jd takut beli bensin,2025-11-02,negatif
tri yang bikin susah rakyat jangan kasih jabat,2025-11-01,negatif
jadi inget bahan bakar di film cars trus mogok mati mesin,2025-11-02,negatif
sepeda brebet semua pak gimana sich habis pertamax oplos skrg yg pertalite sepeda jdi brebet semua,2025-11-03,negatif
tetap mentok keluarga dan pertamina lanjut lagi oplos lagi,2025-11-04,negatif
kendara banyak yang macet,2025-11-02,negatif
bahlil emang bahlul,2025-11-02,negatif
gak juga ngaruh bro orang kecil bisa apa,2025-11-03,negatif
udah jelas bukti dua mata nampak jelas dan sagat jelas masih aja geles terus pertamina tiap hari gecek entah apa yg di cek tiap hari yg salah rakyat terus nantik,2025-11-01,negatif
betul bapak saya warga kota bekas mobil saya kiras tangki sama dj toyota jababeka karena bensin pertamax pertamina tidak sempurna bakar nya dan tinggal ampas yg buat gas rem masalah mesin tidak enak jadi mohon bantu nya bapak tegur pihak pertamina,2025-11-02,negatif
mana tegak hukum,2025-11-03,negatif
asli bener saya isi pertalite juga motor jadi brebet gilir isi pertamax lancar parahparah,2025-11-02,negatif
wajar gak si dalam tangki motor vbaru tahun tapi udah karat tangki nya,2025-11-01,negatif
ya allah motor baru bulan januari brebet mogok tengah jalan ya allah kudu nang aku,2025-10-31,negatif
sumpah kak aku juga samaaa akhir aku pindah pake bensin bp,2025-10-31,negatif
pantas pas telah isi motor saya suka mati,2025-11-01,negatif
kalimantan juga bang,2025-11-01,negatif
kasi tau gua dong bree balik dalang ini siapa,2025-11-01,netral
sebab gak boleh beli pakai gen ini lah sebab nyaakan liat campur,2025-11-02,negatif
kwalitas pertamina ragu banyak keluh tidak mau benah,2025-11-01,negatif
itu bukan etanol mungkin itu campur air apalagi sekarang musim hujan kalau bongkar tidak benar rentan masuk air,2025-11-01,negatif
di pasuruan pak banyak sepeda brebet garagara bengsin juga bak banyak sepeda mogok dan banyak yang nunggak kerja karna kendala kendara an,2025-11-02,negatif
uu nomor tahun tentang lindung konsumen udh jelas,2025-11-02,netral
paling bener banyu udan,2025-11-05,negatif
ya allah poleh wedi nek gowo anak g lucu yo,2025-11-04,negatif
indo demo,2025-11-05,netral
iki presidene onok keluh sak indonesia perkoro bbm kok neng aejane kerjone opo presiden iki ngerti mentrine gawe ontran sak indonesia kok neng ae,2025-11-05,negatif
motor juga asa lemah mesin,2025-11-03,negatif
pertamax beli k dmn kk,2025-11-07,netral
rakyat kok bikin coba gimanakesel banget tp kok keluh rakyat asa gak di dgr,2025-11-07,negatif
pertamina wajibbertanggung jawab sesuai amanat uu indung konsumen,2025-11-03,negatif
beat street kan kompresi tinggi srandar nya ya ron pertamax malah isi ron utk kompresi rendah apalagi motor skrg rata mesin kompresi tinggi,2025-11-04,negatif
tuku sepeda maneh ae mbak,2025-11-07,netral
sementara beri octan boster n injection cleaner neng injection cleaner beri x aja,2025-11-07,netral
aq yoooo tadi nang mayjend sungkono jam an ujuk ujuk mati motor pas mau muter di makam pahlawan untung mobil belakang pelan abang polisi cepek bantuin dorong mpe nyebrang deket ruko efek bahlul pake etanol,2025-11-05,negatif
listrik aja lah,2025-11-04,netral
motor scoopy awal shell aman damai sentosa tp trus atok kosongberalihlah ke pertalite tp bikin brebet akhir gnti busi trus gnti pake pertamax brebet boros pakai trus gnti pertamax turbo sik pancet brebet muncul vt pertamax turbo yg hrsnya ron stlh cek trnyata ron nya cm pie jaltrus kudu gnti solar ta ben aman damai sentosa gk atek drama motor brebet maneh,2025-11-07,negatif
ada temu baru bbm bobibos liat aja ges besok bobibos akan di sabotase oleh pihak yg rasa saing,2025-11-04,negatif
podovarioku iki mau d isi pertamax juga mati mesinjian mangkel yoan,2025-11-05,negatif
sudah sampek tulungagung,2025-11-03,netral
aku mau bnsn ecer atau di spbu gede tetep pertamax dari dlu pernah pake pertalite klo pertamax habis aja,2025-11-05,netral
anak ku pakai pertamax juga mogokpas pulang kuliah dari upn,2025-11-07,negatif
bahlil cair,2025-11-04,netral
ngeri,2025-11-05,negatif
bisa di jadi saksi nih di polda metro jaya lanjut yg adu ada barang juga ada lanjut mbak biar ada cerah,2025-11-03,netral
njalok tanggung jawab karo kumpul manusia laknat nek pertamina yoo ra baka di reken bahlil kro wong pertamina kui isine kumpul menungso laknat dn kutuk,2025-11-04,negatif
awal dari kerang kuning ke pertamax ampuuuun mbaakk motor tari gas nyaa berattt bgt alhasil aku pindah ke pertamax turbo alhamdulillah aman mbaa,2025-11-04,positif
kira kalo di doain se indonesia di ijabah ga doa nya ges,2025-11-06,netral
kembali ke sepeda kalau gin mah,2025-11-01,netral
trus xride gua pake bensin apa mana udh wktunya isi bensin lg,2025-11-01,netral
motor gw jg rusak gara ini nih,2025-11-02,negatif
aku pingin misuh,2025-11-01,negatif
bahlil bantu buka lapang kerja dan maju umkm bengkel,2025-11-01,positif
saya nak brebet taman saya jugak nak yang satu lagi nak jugak emang mantap nih satu kosan orang nak semua jadi bukan cuma saya aja kesel,2025-11-01,negatif
bang aku awal pake pertalite jadi rebet trs ganti pertamax lah malah mogokkk,2025-11-08,negatif
telah pertamax skrang pertalite,2025-11-01,netral
yauu sampe udh capek benerin motor mulu,2025-11-02,negatif
apakah ini cara putar ekonomi apakah biar orng orng belanja,2025-11-02,netral
koviv pers motor,2025-11-02,netral
betul motor udah masuk bngkel ganti busi sm bngkel gak boleh pk pertalite tp aq lanjot isi perlatite masih brebettttt lagi,2025-11-09,negatif
gak nyangka motor ikut fomo,2025-11-02,netral
bensin nya udah oplos ditmbah etanol lagi,2025-11-02,negatif
motor bukan cuma x hari mogok brebet panjang jalan telah sy isi full di spbu,2025-11-08,negatif
udah yapping nya,2025-11-01,negatif
motor brebet njir,2025-11-01,negatif
bang bahas papa nya jerome bang,2025-11-01,netral
iyaaaa bener lagiiii,2025-11-02,netral
trus isi bengsin mana woi,2025-11-01,negatif
ini tarik nih,2025-11-01,netral
itu bpk yang nasrani anak mondok itu kan yg pke kmeja item pak,2025-11-01,netral
tanya kenapa beli kesitu lagi beli klo isi air,2025-11-01,netral
maka motor bnyak suka rusak,2025-11-02,negatif
beli kemaren sorehari ini baru konplain,2025-11-01,negatif
suami isi tiap beli ecer jdi alhamdulillah gk ada kendala,2025-11-03,positif
pantes mbil suka rebet,2025-11-01,negatif
untung para kuasa jd x lipat yg pertama dr ngoplos minyak dan yg dua dr spearpat motor paham kan mksud nya,2025-11-01,negatif
itu hasil dari bodoh dungu dan rakus,2025-11-01,negatif
motor gw di isi pertamax bretbet dikit di isi pertalite jadi brebet mati anj memang,2025-11-01,negatif
smua spbu memng begitu,2025-11-01,netral
pak ji sangat aktif ya,2025-11-01,positif
paaaak sepeda motor banyak bretbet,2025-11-03,negatif
prabowo kada wani mecat bahlil,2025-11-02,negatif
ihh motor w brebet jgn gin jga kali ya bensinnyaa,2025-11-03,negatif
pertamina seharuse nerima bila di komplen untuk lebih baik,2025-11-03,negatif
tolongggg,2025-11-02,negatif
konspirasi untuk alih ke kendara listrik kah,2025-11-01,netral
takut ada oknum yg bayar orang itu,2025-11-02,negatif
pantes motor kmaren isi pertalit langsung angel mau hiduppdahal speda msih thn dri dealerajg emang,2025-11-02,negatif
harga tinggi kualitas rendah,2025-11-03,negatif
saya juga kena dampak asem tenan,2025-11-01,negatif
iki harus e nek beli bensin pakek aqua saja biar misal campur gin taudaripada langsung ke motor jadi resiko brebet ke motorkasian seng uang e press bisa buat beli bensin aja malah jadi benerin motor,2025-11-02,negatif
politik bisnis,2025-11-02,netral
ohh nyata ini ta sebab pe layak gon ku brebet ae,2025-11-02,negatif
jangan beli pertamina lagi,2025-11-02,negatif
prabowo sbnr nya tau gak sih,2025-11-02,negatif
pertamina jatim itu rek,2025-11-04,netral
nmax ku jek aman i panggah tk isi pertalet tp mboh maneh depan e brebet sis po ra,2025-11-04,negatif
motor juga brebet kemarin bolak balik bengkel sampe x ini gimana yah kesel bgt sumpah kalo gin trs mending beli motor listrik,2025-11-03,negatif
klarifikasi nya aja kata baik aja kok malah pyn suruh tanggung jwb,2025-11-05,negatif
makin ke sini makin ke sana para atas gmn ini pak prabowo anak buah malah nyengsaraiin rakyat,2025-11-04,negatif
pertamina asu ancen,2025-11-05,negatif
wong wedok iso postep langka,2025-11-04,negatif
pertaminus mbak,2025-11-03,negatif
motor juga kemarin brebet,2025-11-04,negatif
sepeda pancal sehat ayoo,2025-11-04,positif
takok nang dealer onok a dodol injeksi sing bolongane gede tak tukue drpda mbrebet,2025-11-03,negatif
ya allah dzolim tenan,2025-11-05,negatif
saiki tuku bensin aku minta struk kmrn gara pertalite motor mati servis habis ribu,2025-11-03,negatif
ngerasain hal yg sama,2025-11-04,negatif
podo kak busi kyk ngno,2025-11-05,netral
beatku ae tk isi pertamax mbak oleh sedino melbu bengkel,2025-11-05,negatif
pertamina sedang mengcarry rakyat indo biar gampang masuk surga,2025-11-03,negatif
pom bensin daerah mana kak,2025-11-04,netral
kug gak ada demo ya,2025-11-04,negatif
ngene ki solusi ne piye yo po sak negoro pe dikei motor kabeh nek wes rusak,2025-10-31,negatif
ganti exxonmobil ae wis ngene iki carane,2025-11-03,negatif
ini lho tadi pagi aq sdh jadi korbane bahlul,2025-11-03,negatif
aku bulan lalu habis servis motor full di bengkel resmi abis rb itu full ya rek pokok semua tak ganti posisi jg abis celaka udah ga servis bln lbh uenakkkk pol eh baru ini kok gaiso nyala susah distarteraku kira ya abis bensin ta apa lah penuh heh wkwktrs liat berita brebet wah iki kayak e motor kenamslh e ya baru abis rb buat servis full trs kalo dikit servis gara bensin e apa kira kita rakyat ini sugih ya,2025-11-05,negatif
pertamina jadi itachi biar bengkel jadi laku sama rame,2025-11-04,negatif
motor astaghfirullah bengkel alhamdulillah wasyukurillah,2025-11-02,negatif
motor rekan kerja nggak cuma brebet lagi mati total iya,2025-11-02,negatif
asal campur campur aja ga sesuai kendaran nya anehh,2025-11-02,negatif
kompak nepalkan bahlil,2025-11-01,negatif
pertamax campur dengan pertalite pertalite campur dengan etanol,2025-11-03,netral
perlu demo ga sih ke pertamina,2025-10-31,negatif
yaampun rek adekuu pedahe disurung,2025-10-31,negatif
ngakak dua warga ini,2025-10-31,netral
deg degan woii kemaren abis pinjem motor sodara soal motor sendiri dipake kerja kaka trs gw beliin pertamax woilahh nyata yang punya motor biasa pake pertalite woilahh,2025-10-31,negatif
masuk bengkel rb,2025-11-02,negatif
info yg punya motor spacy karbufi ada yg brebet ga,2025-11-04,negatif
motor gw juga jadi brebet udh ganti sensor tps tapi masih brebet saran dong bg biar bener lagi,2025-11-02,negatif
madura jugak ada pakbanyak sepeda motor yg mati telah isi bbm di spbu,2025-11-03,negatif
jawa timur solar kok langkah benar ada apa di balik semua ini,2025-11-03,negatif
bahlil b nya apa,2025-11-03,netral
ini alas gaboleh pake jeliken bier ga liat,2025-11-03,netral
ini efek klao menteri tidak kualitas tidak ahli di bidang nya,2025-11-03,negatif
pantesan ada rencana larang jual bensin ecer,2025-11-01,negatif
semua juga tuju dari atas dan jabat lebih tinggiseolah di rencana rakyat kecil selalu buat berat harus atur ini dan ituyang atas tetap senyum tanpa pikir rakyat suara,2025-11-02,negatif
kenapa ya pak prabowo biar bijak bahlil padahal jelas rugi rakyat kata mau mensehterakan rakyat,2025-11-02,negatif
ini yg buat kendara masyarakat sekarang cepat masuk bengkel,2025-11-02,negatif
bahlil itu tangkep,2025-11-01,negatif
bahlil turunin laah ini udh terlalu bgtrakyat juta main dia doang,2025-11-01,negatif
astaga kemaren pertamax skrg pertalite gk sudh,2025-11-01,negatif
sudah pertalite di indo mahal kwalitas buruk masak ada berita di campur etanol parah parah,2025-11-01,negatif
ya maknaya udh vivo sma shell jgn di tahan dikosongin lagi udh ga sudi gua beli pertamina,2025-11-02,negatif
siapa yg bilang campur ethanol aman cari yg bilang itu pak dia cuma kerja itu,2025-11-01,negatif
hhhmmm dah lama ttp aja kagak tuntas,2025-11-02,negatif
ya sepeda juga begitu brebet di ganti tamak lamcar,2025-11-03,negatif
habis tamak di palsu skrg pertalite,2025-11-01,negatif
bukan etanol itu tp campur air hahah,2025-11-01,negatif
terus gimna jln kluarnya itu,2025-11-02,netral
tiap hari kita cek jareeiku lak jaremu a,2025-11-01,netral
makanya ada atur larang beli pake plastik drigen kecil yang liter iya itu biar mgga liat,2025-11-02,netral
bukan pertalite aja pak tpi pertamax juga,2025-11-02,netral
ini ksalahan pom bensin kenapa ga di cek ga teliti mobil tengki dari pertamina,2025-11-01,negatif
kalau mau sidak beneran ya smean ambil langsung dari selang isi loh cak jiii,2025-11-01,netral
klo sidak langsung aja pa dari nozlle jangan yang bawa dari botol mesin pompa dispenser langsung aja ambil sample,2025-11-01,netral
motor gua juga kena sakit ini nih bjir,2025-11-04,negatif
pertamax juga,2025-11-04,netral
bengkel makasih lil,2025-11-04,positif
apakah ini s marketing pertamax,2025-11-04,netral
punya barusan ini harus ganti busi padahal belum tahun ganti busi,2025-11-04,negatif
ga pertalite ajaa pertamax jugaa,2025-11-03,netral
bang saya mau nanya nih kok orang pada tau korban jiwa dari bencana bahkan perang yang korban bisa banyak banget,2025-11-03,netral
lah motor gua gitu pdhl baru service,2025-11-03,negatif
emang motor ane juga ni awal bunyi eh tiba brebet mati mati haduhhh,2025-11-03,negatif
mobil belum ada yang brebet bang tunggu tahun baru ya,2025-11-03,negatif
pantesan,2025-11-02,netral
iya bjir brebet kek mo mati mtor gua,2025-11-02,negatif
iya kenapa sihh,2025-10-31,netral
gua isi turbo pulang kerja motor gaenak bgt ada endut endut padhl vario,2025-10-31,negatif
kelakuann pak tri paling ganteng gin amatt,2025-10-31,netral
mekanik bengkel resmi mekanik bengkel pinggir jalan,2025-10-31,netral
tanggung jawab nih perintah,2025-11-03,negatif
pertamina turuuuuun jgn nglenyem ae,2025-11-07,negatif
honda maneh,2025-11-04,netral
pertamina anjm,2025-11-07,negatif
semangat rinn,2025-11-03,positif
kurang kaya ta direksi pertamina,2025-11-04,negatif
salahkn si balul,2025-11-03,negatif
spedaku nak gk usah ngelles,2025-11-03,negatif
ini lah konohadiman pmerintah bisnis dgn rakyat sendiri,2025-11-02,negatif
pertamax juga,2025-11-02,netral
ohh dr bensin nya toh motor q sering brebet walaupun di service juga ttp tp bengkel kok ngasih tau y itu dr bensin nya,2025-11-02,negatif
omaaagmn dong klo orng bengkel tau aku ngisi pertamax klo pas pertalite kosong di pom,2025-11-04,negatif
astaghfirullah marah banget sama b,2025-11-06,negatif
pantes mtrku kek gitu,2025-11-06,netral
motor juga brebet alhamdulillah udh di servis moga gak mbrebet lagi,2025-11-09,positif
apakah ini konspirasi lord bahlul sama asosiasi bengkel,2025-10-31,negatif
jatim jdi kelinci coba etanol,2025-11-02,negatif
admin gerindra mana nihhh ok gas ok gas,2025-11-02,positif
kampung juga sekarang banyak motor brebet massal anj bgt yg oplos itu pliss pak prabowo tolong tindak,2025-11-06,negatif
emg parah pertalite skrg bikin motor cepat rusak kotor tangki dasar mah beli di pom antri minta ampun parah parah,2025-11-02,negatif
zolim terus sama rakyat yaallah,2025-11-02,negatif
q kemariin juga ngalamin di pom magelang luurrr,2025-11-02,negatif
hukum berat mungkin bahlilbila perlu suruh minum etanol dn bensin dampot tenan kok bahlil,2025-11-02,negatif
akun bahlil komen nonaktif rek,2025-11-02,netral
memzng iya pertalit di campur etanolmangkanya mulai sekarang beli pertamax aja,2025-11-02,negatif
parah non ketimbangkena tipu jugak ya,2025-11-02,negatif
anku jg beli pertalit sepeda macet bolak balik,2025-11-02,negatif
nah sekarang tau kan alas tiap spbu pertamina di larang pake botolplastik nah itu bukti tri esdm gmn kalau kayak gtu tanggung jawab kau,2025-11-02,negatif
wes dang di demo,2025-11-02,negatif
sibalili hrus tanggung jawab jgn masarakat yg jadi sasar,2025-11-02,negatif
jember juga banyak motor keluh sepeda brebek mungkin karena itu,2025-11-02,negatif
pantes sensor bensin gampang rusak,2025-11-02,negatif
aku isi pertalite ban nya mala pecah,2025-11-02,negatif
ganti ke shell,2025-11-02,netral
aaku juga gituuuu,2025-11-02,negatif
hidup udh sulit jadi nambah sulit,2025-11-02,negatif
rezeki orang bengkel,2025-11-02,positif
kapan shell ada bensin nya,2025-11-02,netral
viralin,2025-11-02,netral
bahlulll,2025-11-02,negatif
bekel full senyum,2025-11-02,positif
kalau rusak di ganti negara mah gpp ini kita betulin sendiri bensin beli sendiri,2025-11-02,negatif
ohh mrebet gara pertalite ya kirain krna blm gnti oli,2025-11-02,netral
cung aku baru aja tadi malam kak motor kaka ku sih tapi rebet brebet mogok gitu mana nggak ada engkol lagi,2025-11-02,negatif
pantes motor ku juga ngadat gitu jalan,2025-11-02,negatif
ini akibat jabat di isi sama yg bukan teknokrat please lah depan jabat tri harus di isi sama teknokrat seperti pak purbaya,2025-11-02,negatif
lah gua kira punya gua doang,2025-11-02,netral
yg isi pertamax sama juga bg keluh sama gitu,2025-11-02,negatif
kalo pertamax nggak bang,2025-11-02,positif
binggung nya kok gw searching bbm masih belum kasih etanol yah tpi kok pada ada masalah mulu saat udh ke isi bbm di spbu,2025-11-02,negatif
tmpat ku aman aj anjir mlh beli di ecerann daerah jawa aj ituu,2025-11-02,positif
dahlahh udah jdi korban,2025-11-02,negatif
tambahannnn solar langka bgt di daerah alas sinyal eror jd yg udh scan barcode kudu nunggu jam klo blom satu jam di scan lg ujung nambah jd jam gila bgt dagang mau muter ekonomi aja di sulit,2025-11-02,negatif
podo mbaa sini banyak keluh tamak,2025-11-03,negatif
motor sek enak iso di surung kancane lha mobil matic lho opo ga nangispas tb mandeg jegrek tengah dal di surung ga kenek bedo karo mobil manual,2025-11-04,negatif
aku sll isi pertalite kdng pertamax aman aman ajatp mmg tiap bulan aku sll serviceganti oli,2025-11-06,positif
sudah bnyak korban tpi blom ad tindak masuk tipu gak sih jual minyak buat otor rusak,2025-11-03,negatif
org kaltim kami pernah ada situ di posisi mu,2025-11-04,netral
sama bgt mbak aq beli pertamax brebet ke bengkel habis,2025-11-05,negatif
kreta brebet teruss anj laa,2025-11-01,negatif
langsung cek ajah spbu nya mumpung di spbu,2025-11-01,netral
tangkap mafia pertamina,2025-10-31,negatif
jgn asal umum kan pihak pa de bukti saja tank pom ada air atau tank gojek ada air nya karna sering beli ecer pas ujan di warung,2025-10-31,negatif
kemarin sore kirain baru ngisi langsung di periksa,2025-10-31,netral
ihhh sama tau motor aku jg gitu bbrp hari ini bahkan skrng aja masuk lg bengkel betul aku pake pertamax,2025-11-05,negatif
ini bisa jadi demo part nih,2025-11-01,negatif
saran dong klo udh gin motor gmn ya takut pas jalan malah mogok tiba tiba,2025-11-01,negatif
orang lagi jual bakso nih,2025-11-01,netral
mekanik untung tapi capek jirr,2025-11-02,negatif
alternatif nya apa guys,2025-11-02,netral
pasti ulah si bahlil,2025-11-02,negatif
benerrr motor gua juga brebet co,2025-11-02,negatif
asli bang sama udh bner cape ke bengkel,2025-11-02,negatif
tukang bengkel anggota mekanik jurus tkr harga benerin motor,2025-11-02,netral
loh,2025-11-02,netral
semua nya oplos jdi mau pakai bensin mana lagi,2025-11-02,negatif
tukang bengkel,2025-11-02,netral
aku isi di indomobil amannn,2025-11-02,positif
mobil aku juga pernah begitu,2025-11-02,negatif
anjjj nyusahin bgttt,2025-11-02,negatif
mobil ajaa brebet anj,2025-11-02,negatif
tolak petronas yg beri bensin asli untuk bensin campur good idea,2025-11-02,positif
arti lebih aman pertamax ya bang,2025-11-02,positif
mungkin stok sudah sedikit alih ke listrik,2025-11-02,netral
aku gak mau ngomong kasar bisa wakil gak,2025-11-02,netral
jawa timur doang jabar aman,2025-11-02,positif
aku pertamax sama jugakayak gin,2025-11-02,negatif
kita ini kaya sengaja giring pake kendara listrik ga sih,2025-11-05,negatif
lah kok podo yo wes ono minggu iki vario d gas mlh matidulurq yo ngunu servis entek mogok trus wes ono minggu,2025-11-03,negatif
sama ka saya juga isi pertamax kemaren sore skrng mtr brebet tapi blm bawa ke bengkel,2025-11-03,negatif
pertamina sedang rugi,2025-11-03,negatif
sama,2025-11-06,negatif
coba o yamaha mbakmesine bandelrata seng korban spedane honda,2025-11-03,negatif
sekarang pertamax ksongmaunya apa perintah ini,2025-11-03,negatif
korban juga,2025-11-01,negatif
kalah ama petronas jirudah murah kualitas bagus,2025-10-31,negatif
aku baru aja kena bg,2025-11-01,negatif
terus isi bensin pake apa dongg,2025-11-01,negatif
apa ini cara perintah ngurangin populasi kendara pribadi,2025-10-31,negatif
kek sekarang harus beli sepeda aja deh gaada bensin yg bisa percaya,2025-10-31,negatif
pdhl aku beli peramax loh,2025-11-07,negatif
ntb msih ama bngt,2025-11-04,positif
samaa astghfirr dzolim bgt perintah,2025-11-01,negatif
sama kakk motor baru bulan masih baruu poll brebet brebet beat cbs ku,2025-10-31,negatif
isi mana mb pom nyabawa kantor adu pertamina kl sana sulit viralkan lg mb biar rakyat bs laku seperti nepal,2025-11-09,negatif
shell aja nolak tuh kan di campur,2025-11-01,negatif
absen korban saya jg barusan,2025-11-01,negatif
ya anak saya beli pertalit di daerahmalang sepeda di pakai pagi tadi jam henti dadak isi pertalit di stater brebet mati nuntun jadi gimana ini pak,2025-11-02,negatif
emang nyata kok tonggoku ngisi motore mbrebet nang bengkel entek ewu lek emang rekayasa mosok wong akeh seng kenek,2025-11-01,negatif
ahahaa ga bisa nyalahin tempat lain karena yg buka situ doang,2025-11-01,negatif
bagus pak sidak terus pak pertamina semuaaa,2025-11-02,positif
sudah banyak korban pak de,2025-11-01,negatif
tp saya jual di botolgitu ga ada airnyaentah kl sdh masuk k tank motor guncang,2025-11-01,netral
lil bahlil,2025-11-01,netral
alhamdulillah jateng jaya semenjak dpt bansos,2025-11-04,positif
siksa pda rakyat,2025-11-04,negatif
pertamax sama aja,2025-11-08,negatif
bahlil gua telat tka ini gra bentol,2025-11-06,negatif
saya isi pertamax tadi jam di pom bensin madura pas jam brebet ya allah,2025-11-07,negatif
kemarin gw sampe jatoh bang,2025-11-04,negatif
motor juga brebet,2025-11-01,negatif
nyata bukan gw aja,2025-11-07,negatif
solusi nya pertamina harus punya mobil yg tangki nya transparan,2025-11-01,netral
pertamina sudah sulit di percaya,2025-11-08,negatif
kasi rakyat,2025-11-03,netral
pertamina gimana mau tanggung jawab kita bayar beli bensin kes aja rugi terliunan,2025-11-05,negatif
pertamax juga kotor ada residu walaupun lebih kecil dari pertalite,2025-11-06,negatif
atur orang biadap di pusat,2025-11-06,negatif
ayo rim semangat,2025-11-04,positif
ikut sedehh nek motor anyar lha nek motor ngunu karuan e beat lawas nek amyar menang,2025-11-04,negatif
pertalite pertamax ga ada beda,2025-11-04,negatif
yuk larisin spbu swasta aja rek,2025-11-03,netral
biasa aq isi bensin di sell sekrng kosong terus trpaksa isi pertamax,2025-11-05,negatif
podo mbak beatku tak isi pertamax yo brebet,2025-11-05,negatif
sama seperti yg aku alami sekarang ganti bp amannn josss,2025-11-03,positif
samaaaa gabisa di gasss anjirrrr,2025-11-04,negatif
punya keluargku kena semua,2025-11-06,negatif
motor baru beli udh rebet,2025-10-31,negatif
njay motor yahku juga gituu,2025-11-01,negatif
pertamax jugak,2025-11-06,netral
jadi cerita etanol itu bensin buang terus bensin yg pertalite di jadiin ke pertamax,2025-11-01,netral
punya tibatiba mati gtu bkn ap tkutny pas ngebut blkng ngebut jg eh tabrak naudzubillah min zallik,2025-11-01,negatif
bener si bahlul bikin ulah aja,2025-11-01,negatif
punya gw juga kena juga jir,2025-11-01,negatif
tetap saja bahlil tak goyah maha sakti bahlil lakada apa tuh,2025-11-01,negatif
rusak banget dahh indonesia sekarang,2025-11-01,negatif
gw jg sama,2025-11-02,negatif
klk pertamax aman ngga ya,2025-11-01,netral
pajak njirrr,2025-10-31,negatif
bahlil bahlil,2025-11-01,negatif
oke gaes punya pacar juga gitu habis bawa ke bengkel tetep aja brebet trus tadi malem bawa ke bengkel lagi dan aku tanya ke orang bengkel kasus ini dah brp orang dia jawab beberapa hari ini dah motor yg kasus sama guendeng poll sih,2025-11-05,negatif
tapi untuk jawatengah jabar dan banten sampai saat ini untuk pertalite pertamax aman ngak ada yg mogok juga rebet mungkin harus di cek di spbu nya yg curang atau sopir tangki coba di cek dulu lagi ngak semua spbu di jatim campur air,2025-11-03,netral
aku aman saja pernah brebet mati nyata switch dari standart samping yg erorya sudah mati saja switch nya,2025-11-03,positif
turbo juga ga yaa,2025-11-03,netral
kenapa laku msh aman n jabat yaa,2025-11-01,negatif
motor jg sama ih rusak beberebedan padahal aku selalu isi pertamax trnyata krna aku g prnh service,2025-11-04,negatif
plat merah mana ada yg bagus,2025-11-01,negatif
ganti bahan bakar mobil aja dlu kakaman,2025-11-01,netral
bahlull tinggal grup,2025-11-01,negatif
gara etanol itu,2025-11-01,negatif
kusut pertalit,2025-11-01,negatif
bener itu campur etanol,2025-11-01,netral
motor jd brebet mulu padahal sblm jln sdh di warm up,2025-11-01,negatif
tolong di usuult tentang bbm di sini udah lama rugi bahaya rusak,2025-11-03,negatif
etanol itu ubah jadi air yaa,2025-11-01,netral
musim ujan skrng,2025-11-01,netral
ijin pak harus bapa beli di pertamina langsung jangan bgtu kawatir oknum yg buat rusuh mending bapa bawa botol isi ke pertalitnya langsung biar tau bukti asli,2025-11-01,netral
td ada yg servis motor ditmpat suamikupertmaa isi pertalittrus brebetakhirnya isi tamak eh malah matidikuras bensin nya warna nya jadi merah,2025-11-01,negatif
usut bos sampe tuntas,2025-11-01,netral
sumpah pantesan motor gua brebet anjir,2025-11-01,negatif
pertamina mana ngaku,2025-11-01,negatif
moh salah,2025-11-01,netral
ini semua gara gara reza chalid,2025-11-01,negatif
pertama sudah saat di pimpin ahok supaya oknum di internal bantai yg rugi masyarakat luas di indonesia,2025-11-01,negatif
tutor nyurung motor mbakk aku ket biyen ajar raiso isoo,2025-11-06,negatif
pertamina sepi wisan ket wing,2025-11-06,netral
sama kak menghhindari pertalite malah kennak krn ganti pertamax,2025-11-06,negatif
pertaminaindonesia gimana inih masa kita beli bensin bayar pertamina yang rugi kan motor kita yang pada rusak,2025-11-06,negatif
sama kakaku ya pakai pertamax uda lamaaaatetep ngadat jugaaa,2025-11-05,negatif
di daerah mana ini,2025-11-05,netral
fulpum injektorbusi dah kena semuaa,2025-11-05,negatif
rapopo skalian service lek gak ngunu gak tau mok service,2025-11-05,netral
podo mbk,2025-11-05,negatif
sama ka,2025-11-05,negatif
tapi beat pop tak isi pertalite terus gk brebet,2025-11-05,positif
motor putri yo angel di starter padahal biasane ora lokasi jombang,2025-11-05,negatif
pertalit pertamax sm saja bikin brebet,2025-11-05,negatif
knpa kmareb blik knpa komplen nya baru,2025-11-01,netral
suami juga d sidoajo sampek g bisa kerjatapi paling sakit hati lihat respon pertamina dan bahlil,2025-11-04,negatif
podo mbkbeat e ank ku yo ngonobrebetterus padahal wsd service pancet aegk onk hasil epancet brebet,2025-11-03,negatif
inti belum menteri ganti jangan beli di plat merah,2025-11-04,negatif
aku aja ngisi pertalite di spbu ribu lngsung brebet ka,2025-11-03,negatif
alhamdulillah spedaku gak pernah rewel ngisi bensin mana aman aja,2025-11-03,positif
kayak aku kmrin motor wes ape sakaratul maut pertamina onok ae gebrakanne,2025-11-06,negatif
partalit etanol,2025-11-02,netral
pertalite udah gk bagus tambah ancur lagi gara balil paling bner pke pertamax emg,2025-11-01,negatif
buka kemaren udh kena kasus kok malah tambah parah si,2025-11-01,negatif
kang bengkel,2025-11-01,netral
motor juga udah mulai brebet ni,2025-11-01,negatif
mana kemarin abis isi pertalite,2025-11-01,negatif
podo mbukakbeat street ku thn ini yoan busine gosong filtere rupane kyk areng,2025-11-07,negatif
wing gonku y mari mlebu bengkel mbk sak gurunge isi aman mari isi sekitar km an brebet akhire y ng bengkel wes,2025-11-05,negatif
podo mbak,2025-11-03,negatif
mntrinya dipulangin aja deh,2025-11-01,negatif
di tempat saya juga banyak yg keluh motor brebret di kira rusah teryata semua yg habis di isi pertalite semua seperti itu,2025-11-01,negatif
knp gk ambil sample langsung dari selang,2025-11-01,negatif
memang di fb sekarang juga viral berapa minggu ini pertalite bikin motor brebet apa lagi motor tua yg pengapianya kurang normal langsung dah mogok kayak motor ku bener sekarang gak jalan tak otak atik karbunya malah gk karu karuan,2025-11-01,negatif
di surabaya juga rame ada orang mogok,2025-11-01,negatif
boleh pake canpuran etanol tapi negara maju,2025-11-01,negatif
pantes tangki bensin gua sering karat bulan akhir ini,2025-10-31,negatif
astagaaa isi pertamax oplos pertalite juga oplos trus suruh percaya gituuu,2025-11-03,negatif
doa tukang benkel di ijabah,2025-11-01,negatif
acau masa depan tenan iki kok ngene men yo yoooo,2025-11-03,negatif
haalahhh aq aja isi pertalite tgl okt an kli ga salahlgsung mrebett pcx ku isi rbbrebeetttt bettt trs nunggu abis sampe kedip isi pertamax turbo yaa sek ttp brebeettt beettt,2025-11-03,negatif
motor beat baru bln kalau jalan nyendatscopy sampek gak bisa nyala sisa motor yg masih aman gak brani ngisi ku biar nganggur garasi bensine habis,2025-11-03,negatif
pertamini zholim sekali kepada rakyat,2025-11-03,negatif
podo mbakk iki motor yo brebet bet bett,2025-11-06,negatif
pertamina susah rkyt,2025-11-03,negatif
motor beat juga kenaganti bussi juga akhir septemberoktober ganti busi lagi,2025-11-03,negatif
mbakk samaaa beatkuu mogok donggg pas jmput sekolahh padahal udh ganti pertamax,2025-11-03,negatif
ini semua agar mol laku,2025-11-03,negatif
yg ngeluh banyak honda matic keluar terbarusedangkan yg yamaha mo kluaran baru ato lama gak masalahjangan matic honda,2025-11-03,negatif
kok pertamina sing salahnekudune sing gawe bijak,2025-11-05,negatif
sini sat set back langsung semua,2025-11-01,netral
hehe,2025-11-01,netral
padahal akibat nya udah bisa di liat cara langsung lo kok masih nyngkal doa nya,2025-11-02,negatif
ini lah pom yg di surabaya itu toh seng tempate gak terlalu gede,2025-11-01,netral
kok gua pakai pertalite aman aman aja,2025-11-01,positif
ganti saja menterinyabiar gak kerja numpang keren saja,2025-11-01,negatif
kalau spbu yg bukan no spbu nya awal semua bbm di oplos ga murni pertalitepertamaxitu kabar yg real sy terima dari tmn yg kerja di priok,2025-11-01,negatif
kalau mau sidak jgn ke lapang tapi ke yang bikin atur orang mereka yang main,2025-11-01,negatif
pom bensin emang ada yg nakal ada juga yg bener kalau di botol itu dari tangki motor dimasukin ke botol aqua untuk bukti,2025-11-01,netral
semua pom bensin mesti di adakan periksa,2025-11-01,negatif
suruh beli motor mobil listrik,2025-10-31,netral
henti bohong public uda cukup rakyat makan hati dari perintah dan oknumuntuk kendara waktu mreka habis dan mogokdan untuk grab gojek mreka kreta mogok brp banyak order di cancel dan di maki org,2025-11-01,negatif
motor saya jugo blakangan ini brebet njirrr,2025-11-01,negatif
tolong diresufle pak presiden,2025-11-01,negatif
itu ulah bahlil,2025-11-01,negatif
udhlhgk usah lgi kasihan kendara org rusak mesin yg lain aja ya ciiii i lov u,2025-11-01,negatif
sepeda saya juga brebet,2025-11-01,negatif
minyak pertalit nyata di oplos etanol minyak tamak ter isi pertalit iya sudah kembali saja minyak bensin seperti dulu dan adakan solar bukan biosolar mana hargasudah mahal kkn,2025-11-01,negatif
itu kenapa kita larang beli bbm di spbu gak boleh pakai jerigen atau wadah lain selain langsung ke tank kendara motor,2025-11-01,netral
yaallah zalim banget,2025-11-01,negatif
motor ku juga,2025-10-31,negatif
ket grng heboh pertalite brebet wes gatau tuku pertalite ancen tk rasakno nek pdhku gae pertalite gas e uwabot eh lakok saiki heboh garai brebet,2025-11-04,negatif
mba coba pas isi bensin di videoin di kaltim bisa ajuin dana buat baik motor,2025-11-05,positif
podo mbk sepadae mbk ku yo kenek njir,2025-11-05,negatif
wali kota malang bisa gak sih seperti cak ji,2025-11-01,negatif
apakah iniii yang bikin motor gw kedutt kedut kalo di bawa jalan,2025-11-01,negatif
akibat termul masih jabat dirut pertamina hancur sudahhh,2025-11-01,negatif
rindu shell,2025-11-01,negatif
liat cctv kalau bapa itu isi bengsin di situ kan ada cctv,2025-10-31,netral
hello,2025-11-01,netral
bzirr bener banget kemaren abis ganti busi motor ga nyala org bengkel malah bilang fuel pump masa sampe sjuta servis,2025-11-01,negatif
bang tahun depan usaha jasa bengkel kyaknya bakal d pajekin nih karna skrg udah d bantu sm bumn,2025-11-01,netral
untung minggu ini blm ngisi baru isi suami kmren langsung ke indomobil,2025-11-01,positif
bahlil maksa kita bli pertamax,2025-10-31,negatif
ih motor gw jg gituu jdi krna bensinny tohh,2025-10-31,negatif
kalian ingat rizky riplay jadi nya mirip kayak kasus pertamina dlu,2025-11-05,negatif
goblin ajh,2025-10-31,negatif
dh saatny stop pke pertamina,2025-10-31,negatif
kemarin kasus pertamax sekarang pertalite negeri apa ini,2025-10-31,negatif
ingat kata gus iqdam bahwa bahlil itu seperti nabi makanya jangan di ragu mulia,2025-11-01,positif
bahlil sama jokowi cerdas si sengaja bikin etanol biar motor pada rusak terus biar pada naik whoosh nya jokowi,2025-10-31,negatif
motor gw juga bangsattt scoopy kata sensor injektor nya kena air blok nya di buka gosong pdhal motor ga pernah telat ganti oli bensin selalu full,2025-11-03,negatif
baru bgt tadi,2025-11-01,netral
guys ini percuma isi bensin sama si merah yg ada malah rusak kecuali isi bensin di swasta,2025-11-01,negatif
kan udah paling enak beli bensin botol,2025-11-08,positif
buset bang gua sekali jalan motor bisa mati kali,2025-11-01,negatif
indonesia jelang ada aja gebrak,2025-10-31,negatif
bapak ku jg begini kata campur sama air,2025-11-05,negatif
pantesan,2025-11-01,netral
ngene ki misal lak jadi bahan bakar e pesawat campur etanol trus pesawat e macet ndk duwur sp sing tanggung jawab,2025-11-03,negatif
semua gegara si kuah rawon mbaaaaak,2025-11-04,negatif
gantio turbo saiki elek pertalite tamax,2025-11-03,negatif
tenang mbak pertamina blm puas kalau rakyat kecil blm jadi bahan coba jan giatel tel tel,2025-11-07,negatif
sepeda motor mati mati an telah isi bensin,2025-11-04,negatif
berkah buat bengkel,2025-11-01,positif
untung belum beli,2025-10-31,positif
ya allah kenapaaa indonesia macam niee selalu di jatuh oleh orang atas,2025-11-01,negatif
tapi kalau mobil gimana,2025-11-01,netral
di samarinda sblm lebaran smpi hbs lebaran kaya gin pertalite pertamax sama brebetngeluh ke jabat dan kalian tau kata gubernur kaltim yg bilang motor jarang di servis padahal yg kena jg ad motor baru keluar dealer,2025-11-01,negatif
waduh bikin rusak motor,2025-11-08,negatif
aku yg paket pertamax aja masih brebet bang anjiir,2025-11-06,negatif
mtr ku dah cape bolak balik bengkel smpe nang dorong di benerin terus harga benerin ya pulpam smpe habis dah kali masuk bengkel bensin pul tapi ko ngeberebet,2025-11-05,negatif
motor q mogok terus mrebet,2025-11-08,negatif
huemm negara macam apa ini,2025-11-05,negatif
motor ku brebet njir,2025-11-06,negatif
tangkap,2025-11-08,negatif
telah ethanol edar dan motor punya temen guna pertalite pada brebet di situ saya gak mau lagi pake pertalite malah enak pke pertamax,2025-11-07,negatif
ayo cak ji bantu kami para rakyat untuk komplain ada sampur etanol pada bbm pertamina,2025-11-08,negatif
november bernya apaa,2025-11-06,netral
pantes beli bensin pake drigen g maubiar g liat ada campuranya,2025-11-05,negatif
kota malang sepeda motor banyak yang brebet woii,2025-11-05,negatif
sepeda ku rusak gara bensin,2025-11-05,negatif
upload cctv dari atas nya,2025-11-07,netral
gua kalo beli ecer botol,2025-11-06,netral
motor dadi draculaaa,2025-11-05,negatif
pokok bensin jorok,2025-11-06,negatif
jahat banget,2025-11-05,negatif
biar apa di capur air,2025-11-05,negatif
semenjak isi di vivo pas msh ada aman aja tp skrg vivoshell bnyk kosong mau gk mau ke pertamina malah motor brebet parah udh gtu ngebul bau bensin jdi mtr taro di rmh aja gk kepake sama sekali jdi mls ngisi di pom pertamina dgn kasus ini akhir naik tj aja yg aman ojol walaupun bayar brp pun dri pda bnerin mtr,2025-11-05,negatif
itu buat koruptor geng solo,2025-11-05,negatif
motor jadul ku tak kasih pertamax terus,2025-11-07,positif
motor saya brebet,2025-11-05,negatif
cari bahlilrakyat sll jd korban,2025-11-07,negatif
ngamau ngaku alas tiap hari test on sport aja jika bukti km mau apa,2025-11-06,negatif
omengi bareng kaka,2025-11-04,netral
pertamax podo ae tambah boros pollll,2025-11-06,negatif
tag akun bahlil,2025-11-04,netral
truss d isi opooo looo reekpertalite bosok pertamax yo bosok sisanpiye loooh,2025-11-06,negatif
cuman tanya knp masih di isi pertalite kan ada pertamax dan pertamax turbo kecuali montornya itu masih karbusaya masih pelihara montor karbu cuman vga zr taon aman aja pakai pertalite lhaaa paham gak apa beda montor karburator sama injeksi,2025-11-06,netral
udah korban dan mogok itu pas bar tinggal alias mau habis krn gw rasa itu sisa ampas nya yg bikin motor makin rusak dan gak nyedot istilah bensin bar itu udah gak bisa guna,2025-11-04,negatif
kesel bensin ku tak isi pop ice,2025-11-06,negatif
bahlil posisi,2025-11-06,netral
pertamax aman ja kah,2025-11-08,netral
spdaku jugak brebet abis ngisi bensin,2025-11-06,negatif
bahlil sedang etik,2025-11-06,negatif
motor gk mau jalan,2025-11-07,negatif
saya gnt pertamax krn ngeri mau pertalite takut turun mesin,2025-11-06,negatif
motor brebet isi pertamax,2025-11-07,negatif
kalo udah anak bangsa sudah pandai buat bensin sendiri mbk yo di dukung ntuk kembang,2025-11-06,positif
lil bahlil,2025-11-06,netral
pntesan motor lngsung gak enak klau di gass,2025-11-07,negatif
udh smpe kalsel,2025-11-07,netral
from now on dont trust pertamina anymore,2025-11-08,negatif
sepeda ku ya pernah begitu berebbet bunyi,2025-11-06,negatif
ga ada yang ucupin hbd ni,2025-11-06,negatif
bahlil sruh liat,2025-11-06,netral
lima hari lalu dah motor juga habis isi petralait di jln arjuno juga brebet ahirnya di bawa kebingkil juga,2025-11-06,negatif
itu air atau ethanol ethanol harus campur itu air kyknya,2025-11-07,netral
rugi semua rakyat,2025-11-06,negatif
komisi lindung customer ko diam aja ini,2025-11-07,negatif
sidak ke kalimantan pak byk kendara yg mogok telah isi dipom,2025-11-06,negatif
banyak pom bensin curang memang harus d sidak semua pom d indonesia,2025-11-06,negatif
kalao kemarin udah tak percaya bang,2025-11-06,negatif
motor ku brebet pakkk,2025-11-07,negatif
motor laki gw brebes bocor dari knalpot akibat bakar tidak stabil ya ampun padahal blm lama kluar dari dealer,2025-11-06,negatif
mtor pcx gw kilometer bru rbu udh mulai rebet anjirr lahhhhhhh opo krna bensin pertamax w trpaksa isi pertamax gara shell vivo kgk adaa,2025-11-07,negatif
motor juga brebet parah sampk masuk bengkel kali alhmdllh ganti bensin sekarang sdh normal kembali,2025-11-07,positif
sue pindah pertamax nek gk ngunu turbo ra percoyo pertalite,2025-11-08,negatif
alhamdulillah pertamax turbo aman,2025-11-09,positif
cok wong goblok,2025-11-08,negatif
bahlil garanya,2025-11-05,negatif
bahlil di gantung saja tri goblok,2025-11-05,negatif
semua karena laku anak anjing,2025-11-04,negatif
kenapa ya perintah tuh dzalim banget ke rakyat nyabener dari segala sisi di main allah kalo sini saya bagai rakyat gabisa apa izinin saya buat nuntut mereka nanti di akhirat,2025-11-04,negatif
kacau kacau jawa,2025-11-03,negatif
bahlil anj motor gua brebet ngtd,2025-11-03,negatif
ini g ada yg mau nge dor kah greget bnget ama si goblin,2025-11-03,negatif
bahlul anj,2025-11-03,negatif
mungkin bersih nama pertamax karna dulu pertamax oplos agar merek pertamax bnyk yg beli lgi wkwk,2025-11-03,negatif
sama bang motor saya juga pake ngojol rebet kaya kaga ada tenaga nyh saya paksa in aja terus di gas soalnyh lagi ngojol,2025-11-02,negatif
untung ga jadi bbm gratis,2025-11-02,positif
pake pertamax ada campur juga nggak sih motor gw masih baru tapi dah ngerasa dampak karena sering isi pertalite,2025-11-02,negatif
wkwkw oplos pertama pas di smd bulan juni kemarinbensinnya di campur jdinya brebet semua di smd sampe mobil jgad yang ampe tangki karat,2025-11-02,negatif
kalo masih ada yg betah di indogila sihgua udh muak bgt,2025-11-02,negatif
bahlil asw,2025-11-02,negatif
gess nanti gk usah milih kader dari partai golkar,2025-11-02,negatif
pertamax sama aja tiba tahun ini tangki motor karat,2025-11-02,negatif
heran kok pertalite botol di warung madura gak liat campur ya apa warung madura lebih baik pertalite nya,2025-11-02,netral
untung aja motor gw gak kena pas habis kemaren gw milih ngisi ecer di tetangga gw dan dia udh kulak minggu yg lalu jdi aman,2025-11-02,positif
akhem,2025-11-02,netral
pipis bahlil itu,2025-11-02,negatif
semua nya gara orang ini,2025-11-02,negatif
apa laku laku main an jing an jing itu gak rela dunia akhirat,2025-11-02,negatif
bahlil kasih ethanol pertamina jadi kambing hitam masa kasih solusi komplain ke spbu kenapa pertamina ga gugat bahlil atas bijak ethanol mana itu kadar untuk api tinggi motor sportmoge,2025-11-01,negatif
salamin gua ama bahlil dong bang,2025-11-01,netral
gua baru ngalamin di padang rembet karna isi pertalitee,2025-11-06,negatif
lha kyknya masalah semua org sama hbs isi bahan bakar d pertamina lgsg mbrebet,2025-11-05,negatif
motor scoopy gak ku pake minggu belum gak kenapa terus aku pake aku isi pertalite abis isi besok lgsg brebet sampek malu,2025-11-03,negatif
sangu busi sing akeh jare gur perkoro busi pertamina pancen kok bosok,2025-11-08,negatif
tuku o bp guys uda normal stok e,2025-11-03,positif
peda rusak gak kaget nek seng nggowo wedok,2025-11-03,negatif
yg ada pertalite dan pertamax turbo,2025-11-03,netral
motor ku supra x dr dulu aman wae pake pertalite tgl okt aku isi full dgn pertalite tp di tgl motor lgsg brebet brebet dangdut motor nyendat di lampu merah ato di palang ka mesti mogok haduuuhhhhh iki jane maksute opo tooooo cb perintah lekas di tangan mslah ini biar kaum dang mending sprti aku ini bisa motor ria tanpa ada ganggu brebet motor walaupun motor tua susaaahhhhh monggo bpk prabowo yg hormat mslah ini cpt di atas kami org susah punya motor cm satu lha koq gin jadi,2025-11-03,negatif
bisa pasti mbakk varionya isi pertamax teruss gapernah isi pertalite belum motor varioku isi pertamax terus aman deh mbak hayo jgn adi ngadii motor rumah aman aja tuh tpi alam tmn sy hbis beli pertamax trus brebet tpiii belum dia isi pertalite kn yg ada kandung etanol pertalit kakak,2025-11-06,negatif
pake cair aditif ikat air aja kakd campur telah isi bensinbiar gak brebet,2025-11-03,netral
bahlil k nya apa,2025-11-06,netral
saya mohon bapak spbu yang di pontianak kalimantan barat juga periksa soal banyak motor yang rusak saya juga alam karena bensin campur dengan air bensin terlalu banyak kandung air,2025-11-07,negatif
pantas bebeapa hari ini motor aku rasa agak lain di pake jalan,2025-11-06,negatif
bila mauk maju indonesia semua jadi samsing,2025-11-06,negatif
yang punya bengkel full senyum,2025-11-07,negatif
udah salah gk ngaku,2025-11-07,negatif
kemaren pas beli tanya ke pegawai pomnya pertalitenya masih kayak yang viral t mbak mbak jawab kata ndak tau saya cuma jual aja,2025-11-06,negatif
klu rakyat jelata langsung di tangkap klu yg kurang ajar jabat pura tdk lihat macam apa ini,2025-11-07,negatif
aku juga ngrasain brebet,2025-11-07,negatif
maknya skrng motor bnyak rusak,2025-11-06,negatif
haduhhh konoha konoha gmn mau majuu,2025-11-07,negatif
motor jadi boros padahal sbelumnya engga,2025-11-05,negatif
cek cctv dan klo mau komplin jngan nunggu jam dulu boss,2025-11-05,netral
motor saya mati total pak,2025-11-07,negatif
saya,2025-11-05,netral
rumah bahlil waspada hati kalau rakyat jadi seperti ini,2025-11-06,negatif
nih,2025-11-05,netral
benar semua teman alami sprti itu semua pom se akan begitu cmn tk mumkin ngaku orang begitu man kpds rakyat kecil,2025-11-06,negatif
pihak pertamina tdk akan aku curi ngaku penuh penjara,2025-11-02,negatif
motor saya juga brebet telah isi bensin di pom kadang mesin mati sendiri,2025-11-07,negatif
sidak di spbu trawas pak saya beli pertamax motor brebett masuk bengkel habis anjiir,2025-11-06,negatif
hancur,2025-11-06,negatif
aku beat street juga mba pake pertamax turbo pertamax green kalo ga gitu ya ngisi di shel aman,2025-11-06,positif
semua ulah para direktur,2025-11-04,negatif
teman teman nak tanya ini yang montornya yamaha brebet juga atau aman soal montorku vario kemarin brebet parah gara aku isi pertamax dan montor kakak nmax kata aman,2025-11-06,negatif
ngene iki rakyat seng kenek imbas e sepeda mogok pas wayae mapak sekolah mogok pas budal kerjo opo gak telat mogok pas gk due duek mogok pas budal sekolah,2025-11-06,negatif
mba kaya aku kemarin mau ke kampus malah mati di jalan gak bisa jalan,2025-11-05,negatif
minggu pagi ada motor itu masih nyala tp suara mesin itu kyk berat ndret gtulah sblmnya isi pertalite msih ada bar belum kedip lngsung ngisi pertamax soale takut habis di jalan krn mau jalan jauh pagi itu slm di jln ssekali pas narik gas itu nggk laju pas di lpas tiba ngegas sndiri medeni poll nah sore aku pulang udh mau dket rumah tp masih di jalan raya pas tikung biasa kan agak ngurangin gas ya lah tiba matiiaku nyalain mati laginyalain buat jln mtr mtr mati pdhl pagi ngisi full tank pertamax pulang cuma kurang bar tp kyk gk ada tenaga tuh motor alhasil dorong ke bengkel kta kang bngkelnya pompa bensin ngga bisa naik ke gas jd ngganti busi pompa habis an trus kemarin coba di kuras bensin tp liat nggk ada campur yg putih kyk di video itu ya harus di diemin brpa lama bensin di botol itu info dongg,2025-11-04,negatif
misal kitaaa yg tiap hari brangkat kerja jarak tempuh lumayan jauhh tb mati kek gin gak bom gajiann jugaaa gmnaaa cara byar motor ke bengkell coba bayanginnnnn pemerintahhh tuh gak mikir apaaa dari sini ajaaa udaaa kek jahatt bgt kaliaannnn itu sm kita pdhal bensin kitaa yaa beli gak dikasihhhh,2025-11-05,negatif
iyo jasik dah yo ndredet goro bensin,2025-11-04,negatif
varione ojo ploi,2025-11-04,negatif
pantesan sepeda brebet,2025-11-07,negatif
pantes motor gua tiba tiba brebet padahal motor sehat awat,2025-11-07,negatif
enak beli ecer lihat klu campur,2025-11-07,positif
pantes tiba ngeden di gas terus tiba ngancleng gtu,2025-11-07,negatif
orak di campor uyoh e bahlil ssn,2025-11-07,negatif
jember jawa timur berebbett,2025-11-07,negatif
sma kk aq dari madura pamekasan brebetnya minta ampun,2025-11-07,negatif
motor jg brebet,2025-11-07,negatif
apa orang atas klau gk koropsi gak makan ta,2025-11-07,negatif
tangkp pertamina,2025-11-07,negatif
motor yo korban petramak brebet mbrebet terus sopo sg tangung jawab,2025-11-07,negatif
ekspresi bahlil,2025-11-07,netral
parah banget ya pertamina kok bisa bisa nya di campur kek gin,2025-11-07,negatif
motor saya juga brebet akhir macet cet,2025-11-07,negatif
pak tadi pagi motor mogok kali,2025-11-07,negatif
motor sy juga brebet,2025-11-07,negatif
daerah kami tiba banyak sinjal jiga kndraan kami ada apa ya ini,2025-11-07,negatif
bahenol,2025-11-07,netral
nyata sy alami mtr lsg g bisa jln akhir msk bengkeltrnyata dbgkel byk org korban sm jg kyak yg alam,2025-11-07,negatif
bumn kalo ga rugi ya kualitas begitu kirakira,2025-11-07,negatif
salin dari luar negeri,2025-11-07,netral
sama ama kakak ku ngisi bensin ada air nya,2025-11-07,negatif
itu betul bukan rekayasa di daerah kami kalimantan selatan banjar masin jua kaya gitu motor mogok jd nya,2025-11-07,negatif
di tanjung pinang masih aman nih pertalite,2025-11-01,positif
emang dancookk iblis pertamina,2025-11-01,negatif
udah banyak korban masih aja elak cari solusi entah etanol rangin kek apa kek,2025-11-01,negatif
paling bentar lagi tanggap perintah kalo ga kaget ya ngeluarin statement bodo kek itu karna motor blm biasa nanti juga sesuai padahal yg ngomong cuma lulus sma ga ada basic mekanik,2025-11-02,negatif
apakah ini salah satu upaya pak bah buka juta lowong kerja demi mewujutkan visi misi juta loker rujuk dampak dr itu buat bengkel dadak buka banyak loker se indo,2025-11-01,netral
gw paham sih bang tiap akhir konten kan elu selalu ngasih kata netizen yg wakil asa bg tapi bisa kali usernamenya di sensor takut doi diapain sama tikus sono,2025-11-01,negatif
ini beneran saya juga kena ga hoaks,2025-11-01,negatif
masuk surga jalur di dzolimi jabat,2025-11-01,negatif
ku ketik bahlil dan azab komenku hilang bjir,2025-11-03,negatif
ngunnu pertimini seh ngejel standar bbm nya sesuai,2025-11-03,netral
kaluan sdh th pelakux nyata menteri bahlil yg punya ide ndk brani kalian usut,2025-11-05,negatif
pengaruh bensin ke busi apa ya aku serius nanya ini,2025-11-03,netral
baklilll baklilll,2025-11-03,negatif
pertamax full dipake hari mblayu letoy gas e ilang di isi bp full tank serasa minum vitamin jamu bp mantab shell super tunggu full tank pertamina jual es juice es legen ben gak ono sing brebet jabat sing gaji digit,2025-11-03,negatif
waduh kok nemen ngene,2025-11-03,negatif
saat nya kita satu,2025-11-04,positif
yg motor alami rusa akibat bensin segera urus data lengkap mulai dr rtrw dst,2025-11-03,negatif
kata guru guwa itu sengaja biar semua masyrakat ganti ke kendara listrik,2025-10-31,negatif
yaudah isi solar aja kalau sikit sikit di oplos,2025-10-31,negatif
pertamina selalu denial anjir bukan sadar baik kualitas,2025-11-07,negatif
di jawa aja ya untung di kota jakarta alhamdulillah enggak,2025-11-07,positif
baekot aja sdh,2025-11-07,negatif
sepeda saya juga brebet dan ahinya macet,2025-11-05,negatif
ngeles ae pertamina,2025-11-05,negatif
sepedaqu juga berebbet isi pertalet,2025-11-06,negatif
copot pak bahlil pak prabowo,2025-11-06,negatif
bahlil bahlil wes wes,2025-11-05,negatif
memang fakta banyak yang campur,2025-11-09,negatif
malang dan singosari wis gak aman lurrr,2025-11-07,negatif
kemarin saya hampir tabrak mobil karena motor saya mati mesin karena rebet,2025-11-07,negatif
plisslah bujangmotorku udah brebet anj,2025-11-07,negatif
iya pak kemaren saya juga nak korban pertalite motor brebet trus mogok pas d servis harus di buang smua isi pertalet ya trus busi mati,2025-11-07,negatif
kamis pagi sepeda masih enak banget kamis sore isi bensin full pertamax jumat pagi brebet tolong,2025-11-07,negatif
demi allah gua juga,2025-10-31,negatif
kalo kata termul rakyat jawa gibran dan solo mah perintah lagi cari solusi yg lebih baik sabarin ajah,2025-10-31,netral
dasar tri bahlul,2025-11-06,negatif
pantas,2025-11-06,negatif
turbo kosong turbo,2025-11-08,netral
rakyat di rugi,2025-11-07,negatif
pake tamak mba,2025-11-05,negatif
hari jumat punya ponakan kena hari sabtu punya tetangga hari minggu punya kakak yg lagi aku pinjam kok bisa motor brevet massal,2025-11-05,negatif
kata pertamina itu salah busi bukan bensin nya,2025-11-05,netral
awan ganti olibengine tuku bengsin full wes an terus langsung nak pacet pas balek sis wes bleret ganti uli yo mari bensin yo full eh adakno di oplos banyu,2025-11-05,negatif
bensin jelek spy pindah ke listrik,2025-11-05,negatif
penak tuku shell,2025-11-04,positif
kok mirip yg jadi di kaltim bbrapa bulan lalu,2025-11-04,negatif
bukan brebet tapi brebet bang,2025-10-31,negatif
eleh habis ini jga ada statement ya rakyat beli pertamax aja kalo mau motor awet,2025-10-31,negatif
mntang d ksih murah ko tega yg ngoplos ya ya allah konoha gk abis orang yg koropsi,2025-11-01,negatif
oh itu masalah di bensin ku kira motor kenapa haduh gimana ini,2025-11-01,negatif
ini boleh ke spbu bawa botol aja ga sih biar gue sendiri yg masukin tuh bensin ke tangki motor gue takut banget campur air masuk ke motor gue kasih harga sama jg gapapa deh,2025-11-01,negatif
hy co apa iyayah,2025-11-04,netral
hmzzz,2025-11-05,netral
ramadhan,2025-10-31,netral
lahadalia indonesia,2025-11-01,netral
tolong paakkkk,2025-11-01,negatif
tolong jgn buat masyarakat tambah susah,2025-11-03,negatif
tag bahlil smpai liat lahadalia,2025-11-01,negatif
e tolong dengar ya admin gerinda,2025-11-01,negatif
wiss ra normal,2025-11-01,negatif
iya lg motor aku kek gin,2025-11-01,negatif
yg pakai tamak bilek,2025-10-31,negatif
bukan ribu motor lagi bg tapi juta motor yang brebet,2025-11-05,negatif
bau pertalite nya aja uda beda kyk bau busuk,2025-11-05,negatif
samaaa motor baru bulan keluar tahun ini rusak gara pertalite ini wes diperbaikin semua ganti busi busi persis kyk gitu,2025-11-04,negatif
pertamina udh monopoli aja nanti akhir tahun buku bilang rugi,2025-11-04,negatif
anjr vario ku juga brebet ka uda x bawa ke bengkel sama aja kata karena pertalite padahal uda isi pertamax,2025-11-04,negatif
pertamina sekarang kejam ya ga respek kah sm rakyat kecilkita udah antri tak karuan loh untk beli bensin bayar cash lagi gak utangkok tega ya pertamina dan perintah kayak jaman ini kita loh mau kerja,2025-11-04,negatif
bahlill,2025-11-03,negatif
class action,2025-11-03,negatif
motor juga cedut cedut bengkel gak ada bisa ngatasi kecuali pertalite nya di murni,2025-11-03,negatif
usaha pertamin ini jangan terlalu ngerasa high value deh padahal produk minyak juga jelek masyarakat make pertamina karena usaha itu monopoli market ga lebih dari itu klo ada usaha bbm lain udah pasti masyarakat pke itu biar motor awet,2025-11-03,negatif
lama pertamina the only one sedia bahan bakar di indonesia gak akan dia evaluasi bjir,2025-11-03,negatif
dosa sak terdzolimi tanggung pertamina di akhirat,2025-11-03,negatif
dr bahasa ini daerah jatim kyanya ada yg sabotase di daerah situ soal di daerah sini aman aja gua pake full pertalite jga motor biasa aja sih,2025-11-01,netral
tuhh liat jelek bahan bakar motor saat kamu beli kuda,2025-11-01,negatif
knap lah bengsin skrang begitu,2025-10-31,negatif
lahadalia,2025-10-31,netral
woy bahlull mana si bahlul lahadalia,2025-10-31,negatif
lahadalia ayo yoopo perintah korban e ws uakeh ndang tangan ojo ngomong tok ae sg gede,2025-11-06,negatif
iki yang pertamax yo masalah pis,2025-11-03,negatif
rakabuming ri solidaritas indonesia gimana ini bapak ug hormat ini fakta di lapang pak,2025-11-02,negatif
motor ku vario juga begini karna sudah diberitahu sama akun yg nama bengkel rakyat jadi ketika motor mau pakai harus di nyala sekitar mnt karena ethanol kerja ketika suhu atas beberapa derajatgw lupa ntah berapa derajat yg diberitahu oleh akun nama rakyatpekanbaru,2025-11-02,netral
ganti rugi loo,2025-11-01,negatif
punya lubang tangki bensin tuh karat gitu padahal motor barumakin ngga beres pertamina minta tolong laporin ke bapak min,2025-11-01,negatif
pak itu pada komplain kembali sheeell si kuning lahadalia,2025-11-01,negatif
bahlil anj,2025-10-31,negatif
supra ora resiko,2025-11-03,positif
ganti bensin truk main,2025-11-03,netral
mobil gue jg kayak bunyi ketek ketek gitu kayak geter gitu paham ga sih pdhl matic klo isi pertamax ga pernah kek gitu bunyi mesinnyakira karna pertalite bukan sihh krn udh bawa ke tempat service ya baik ajacuma saran ganti ke pertamax,2025-11-01,negatif
lama lama pertamina bisa jual air,2025-11-06,negatif
ya allah pak gue cuma punya motor mio jadul itu pun satu nya dan skrng rusakawalnya brebet tp lama gas ngempos dan skrng jalan gak bisakita cuma rakyat biasa pakklo tidak bisa bantu tidak jangan nambahin beban kita,2025-11-07,negatif
motor teman sampek diserviss lho gara pertalite ini,2025-11-01,negatif
betul motor saya hari sinjal dan akhir mogok,2025-11-06,negatif
apakah ini demi bonus akhir taun karyawan pertamina makanya campur campur biar untung gede,2025-10-31,negatif
mulai sekarang kalau isi bensin di pom usaha selalu minta bon beli jadi ketika ada masalah kait produk pertamina kita bisa aju klaim,2025-10-31,netral
podo mbak poleh ta isi pertamax turbo iki beat wes brebet,2025-10-31,negatif
pertamincuk banyak koruptol,2025-11-03,negatif
pak presiden bahlil wajib di pecat wajib ber tanggung jawab pak prabowo,2025-11-03,negatif
gusti mboten sare pihak yg terus terus susah rakyat akan terima ganjar pada waktu,2025-11-03,negatif
demo ae kantor pertamina,2025-11-07,negatif
obong en ae pom e ben ramee,2025-11-04,negatif
nyata pertamina konttoooool,2025-11-07,negatif
isi en solar mbak,2025-11-04,netral
solusi naikin kompresi pakai bensol opo maneh nek lagi mumet loss,2025-11-04,negatif
tuku solar ae kak,2025-11-05,netral
isi pertalite pertamax podo bosok e haduh kok yo ketar tir aku gae pertamax iki,2025-11-05,negatif
kakak di siang hari saya dorong motor brebet jam malam di tengah kota dan baru ketemu bengkel jam lbh trauma sekali bukan krn dorong motor sendiri untuk cari bengkel tapi saat motor brebet hampir saja jadi celaka alhamdulillah allah msh lindung saya tolong perintah jg pikir untuk penting masyarakat apalagi nyawa jadi taruh skrng milih bp saja,2025-11-08,negatif
ken meso tp yo kate meso nang sopo intine jhancooook,2025-11-09,negatif
respekkkk konco wedok nyetut nggae supra,2025-11-05,positif
rakyat udah di tahap ikhlas jabat main curang soal gak ada demo,2025-11-01,negatif
aku pakek pertalite aman aja rejekiku pastine hehe,2025-11-05,positif
aku yo gawe pertalite tapi aman kok tiap bulan busi ganti saja biar ngejreng,2025-11-05,positif
bbm sudah gak murni lagi payah,2025-11-05,negatif
coba ae gmn klo mobile para pns di kei pertalite koyo ngono,2025-11-03,negatif
samaaa woyy brebet parahh rugi dobel dobel ga si gara gara bensin,2025-11-08,negatif
mana mau nuntut tanggung jawab perintah nunggu kasus ini uap,2025-11-03,negatif
g wa aqmbak roh ngono tak surung embak,2025-11-08,positif
wing ono wong wedok panas panas nyurung dah motor gatheli direktur e pertamina iki g tanggung jawab,2025-11-05,negatif
perintah bobrok,2025-11-05,negatif
yudhi sadewa,2025-11-01,netral
beat ku sama kayak kaka rusak baru kemarin beli,2025-11-06,negatif
pertamina iki asline krungu opo igak se,2025-11-06,negatif
varioku yo mogok gaes,2025-11-04,negatif
ya allah kl lagi buru g bayang nyeselnya kek mana,2025-11-04,negatif
lapor polisi,2025-11-04,netral
spedaku wes brebet x gara pertamina padahal isie selalu pertamax seng beat parah brebet e sampe ganti injector,2025-11-06,negatif
ya ngpain coba pke pertalitegua yg pnya pcx sama adv dri baru aja smpe skrng gprnh pke pertalie bukan sombong tpi emg gprnh mau aja pke pertalite,2025-11-03,negatif
honda ap kabar,2025-11-04,netral
motor gw brebet ngempos gas biasa gk seperti iniudah dibengkelin disaranin suruh pakai shell,2025-11-05,negatif
stop pertalite biasa pakai pertamax atuh,2025-11-06,negatif
pertamina kl terus bikin mayarakat kecewa dan masyarakat di rugi bisa kantorpom bisa di obong masa jgn main masyarakat beli bukan minta,2025-11-06,negatif
motor gua brebet semenjak pake pertalite anj,2025-11-06,negatif
banyak kendara racun,2025-11-06,negatif
yg nggak jujur pertamina atau pom bensin nya ya,2025-11-06,negatif
lahadalia garagara elu sial,2025-11-03,negatif
ini serius si bahlil gak akan di ganti padahal dari awal si bahlil sudah bikin rakyat pusing,2025-11-02,negatif
terimakasih pak lahadalia,2025-11-02,positif
makin ga nyaman yg mahal maupun murah sama ajah uang ri,2025-11-02,negatif
tolong ini gmn solusi capek bgd sumpah pak,2025-11-02,negatif
lahadalia pak maha ieu pak,2025-11-02,netral
denger ni,2025-11-02,netral
setiawan,2025-11-02,netral
memeg,2025-11-01,netral
motor yo mbrebet mb,2025-11-03,negatif
bahlul,2025-10-31,negatif
samaa njir motor gw gin akhir ini sekarang nak njir,2025-10-31,negatif
kakk sama beat ku bom ada taun tapi pas isi pertalite sekali langsung masalah mesin,2025-11-02,negatif
klo pertalite harus campur pertamax soale sering brebet gitu klo mau abis,2025-11-02,negatif
montorku sis mbentek rb nak bengkel,2025-11-02,negatif
kmrin ak mbrebet juga sampe mati di jalan padahal minggu yang lalu bar service apkarna bensin ya,2025-11-02,negatif
wes penak gawe shell malah di kon tutup,2025-11-01,negatif
untuk sepeda vario mending pertamax ajaron,2025-11-01,netral
pas mangkel mergo ngono ndongoo mbakben jabat sing dholim ndang ketangkep kabeh,2025-11-02,negatif
podo scoopyku brebett,2025-11-02,negatif
jarene lawak bagio biyen pertamina singkatane tahun minyak naik,2025-11-02,negatif
ijolno supra bapak ae mbak enak awet tahan banting,2025-11-01,positif
lahadalia,2025-11-02,negatif
mbak podo,2025-11-02,negatif
mana mau pertamina tanggung jawab mbk e mau korupsi yg cepet,2025-11-02,negatif
peda yo brebet mbak tak kiro opoo motor yo masuk anyar,2025-11-02,negatif
terlalu banyak korban bang,2025-11-02,negatif
tolong samean nang omah e bahlil mbak,2025-11-02,negatif
ayo rin sorong semangaaat ayo pertamina bubar ae lek kualitas nggateli ancooooor nyusahno rakyat jabat balik pertamina melek o mata,2025-11-02,negatif
pertamina kok suruh tanggung jawab ya ogahh lahhhh kalau suruh korupsi okelahhhhhhh,2025-11-02,negatif
hayooo lhooo,2025-11-02,negatif
lahadalia,2025-11-02,netral
swasta minyak dari pertamina juga podo wae,2025-11-02,negatif
iyo aku mo mangkel,2025-11-02,negatif
piye ki tambah gak karu an di isi pertalite brebet di ganti pertamax tambah gak nemen nyala mati nyala mati,2025-11-02,negatif
aku yang tinggal di daerah harus isi apa ini gak ada pom bensin selain pertamina,2025-11-02,negatif
demo pertamina kwalitas pertalite buruk dan hrs tanggungjawab banyak motor org rusak baik mahal hrs gantirugi,2025-11-02,negatif
antara emg sengaja campur air atau tangki pendam spbu nya bocor jd cemar air,2025-11-01,negatif
sementara dah tak isi banyu putih ae,2025-11-02,negatif
pak,2025-11-01,netral
apa motor ku nyendat juga karena itu,2025-11-08,negatif
kami di kalsel juga sudah kena pertalit brebet,2025-11-09,negatif
banjarmasin juga ada pak gimna ini,2025-11-05,negatif
sepeda motor saya baruikut brebet dan mogokgimna solusi,2025-11-08,negatif
bahlul bahlul nyari masalah aja jadi tri gak becus,2025-11-05,negatif
wihh ngeriii biasa beli di situ,2025-11-05,negatif
rapz klk e gara nilhh motor ku ok,2025-11-03,netral
anjng lahpom suasta di beklis si dajjal nyari sempat ga punya kompetitor,2025-11-01,negatif
jangan salahin bensin nya barangkali mesin nya,2025-10-31,netral
pertalitepertamax dll oplos semua bang mtr gw jg korban brebet nya kirain emng dasar gwnya aja cewek yg makenya asalanpdhl oli aki udh gw ganti semua nyata emng pda oplos bensinya,2025-10-31,negatif
ekspresi si fefek liat vidio ini,2025-10-31,netral
demo,2025-11-01,netral
coba dong masyarakat kompak jangan bayar pajak,2025-10-31,negatif
skenario teori awal dari premium hilang suruh ke pertalite drama lagi oplos suruh pindah ke pertamax di buat drama apa nanti pindah lagi ke turbo deklite yang lebih mahal tapi kualitasny depan disamaratakan,2025-11-04,negatif
bang cara baca e di brebet itu seperti baca e di enam,2025-11-02,netral
ethanol,2025-11-02,netral
saran kaa rekomendasi bensin selain pertalite dong,2025-11-01,netral
aku dengernya pertalite setanol,2025-11-03,netral
aku pertamax jg mogok jir,2025-11-07,negatif
pertalite pertamina pelittt,2025-10-31,negatif
bahenol bahlil etanol,2025-10-31,netral
habibullah,2025-11-02,netral
gilakkk yaa sepeda mati di tengah jalan untung gk di tabrak,2025-10-31,negatif
jare pe tangung jawab pertamina,2025-11-03,negatif
itu etanol kak,2025-11-06,netral
motor beat nyoba isi pertamax malah berat kayak nerobos banjir,2025-11-04,negatif
tri esdm,2025-11-04,netral
pertamina tanggung jawab motor juga mogok,2025-11-04,negatif
bahlul kon dorong mbak,2025-11-06,negatif
pom mana ngge kak buat jagaklo mau ngisi,2025-11-03,netral
riau iya jugak sih,2025-11-07,netral
panik,2025-11-06,negatif
klo di campur air memang bahaya bget di takap saj klo kasih air,2025-11-06,negatif
kita bagai rakyat sudah bayar pajak masih saja rugi kami minta ganti rugi ku ulang kami minta ganti rugi,2025-11-06,negatif
aneh pas jabat sidak nyata pertalite aman aja kan anj kapital,2025-10-31,negatif
motor w rusak anjirrr kyk gin udah ke bengkel habis jt lebih ga ngaruh baru sadar gegara pertalitenyaaa,2025-10-31,negatif
di banjarmasin juga banyak motor brebet,2025-11-06,negatif
ke suen langsung ae sidang,2025-11-08,negatif
smua pulau pakkami di banjarmasin pun byk yg mogokminta tolong di usut pa,2025-11-05,negatif
yang heran kok pertamina bilang aman ajaa yaaa gw bingung,2025-11-03,negatif
ngene jare wong cak ji ting,2025-11-03,netral
pak prabowo mohon sekali di tindakada curang lagi dari pertamina,2025-11-06,negatif
pertamina gk ngaku di kalimantan kya gitu juga banyak motor yng rusak habis ngisi bensin di pertamina,2025-11-06,negatif
motor mati tibaterus pas jalan apa ini jg efek bensin ini ada yg sma,2025-11-06,negatif
kalsel juga banyak yg mogok sepeda motor hbis ngisi dpomdengrkn keluh masyarakat pak peresedin prabowo,2025-11-06,negatif
mtr saya brebet jg bru tdi pagi di isi prtamax mana lagi kerja malah mogok sering mati,2025-11-06,negatif
pecat s bahlul,2025-11-06,negatif
bensin di zaman dulu gak ada masalah,2025-11-06,negatif
pom bensin panjang jiwo juga,2025-11-06,netral
bahlil posisi,2025-11-06,netral
jual bensin kok di oplos negorone pye iki,2025-11-06,negatif
kapan sih jawa bisa merdeka tu pulau kena musibah mulu heran,2025-11-02,negatif
apakah ini gara gara bahlil,2025-10-31,negatif
usut menteri esdmnya min kerja gak becus ini,2025-11-02,negatif
parah pertamina rakyat beli gk pernh hutang tapi rugi dan skrng oplos tmbh dengn etanolkualat loh,2025-11-02,negatif
niat pgn untung dgn ngoplos pertalite yg ada g laku lg,2025-11-04,negatif
bahlil full senyum,2025-11-02,negatif
bahlil mikir gk sih dia tu,2025-11-04,negatif
negara konoha tambah rusak sama negara sendiri,2025-11-02,negatif
alhamdulillah pertamax,2025-11-01,positif
masih heran kok ga ada demo masalah anomali resah ini,2025-11-01,negatif
buat goblin ijo bibit korupsi hitam indonesia contoh buruk bagi generasi,2025-11-01,negatif
rebet bg bukan rebet,2025-11-01,netral
nyiksa rakyat,2025-11-01,negatif
isi pakai bahan bakar pesawat atau mesin di modifikasi jadi diesel lebih realistis,2025-11-01,netral
gapaham lagi si bahlil msih d kerja,2025-11-01,negatif
djjl bener menteri esdm ini,2025-11-01,negatif
bahlil kon,2025-11-07,negatif
trus gimna shell masih kosong balil zholim,2025-11-03,negatif
bahlill anjj,2025-11-01,negatif
lil lil lil bahlin goblin si curi nikel dan pemabok ethanol kalau bisa buat meme tolong ya,2025-11-01,negatif
ga bang ga pertalite doang gua isi pertamek juga brebet sekali lagi brebet,2025-11-04,negatif
sumpah bikin rugi kita udah ga keluar duit buat bensin aja tp juga buat biaya service yg ga murah laknat banget sumpah hasil bikin rakyat derita,2025-11-04,negatif
ya allah kenapa sih menteri mneteri pada gilaaaaa smuaaa allahu akbar,2025-11-01,negatif
iya cok nyusahkan rakyat terus udh lah umr seihklas nya,2025-11-01,negatif
santai aja kita nanti masuk surga jalur di zolimi perintah,2025-11-02,negatif
demo ke c bahlil bikin ulah,2025-11-02,negatif
babi b nya apa teman,2025-11-02,negatif
mtorku vario ben dino go pertalite alhamdulillah ora brebet seh soale cop busi ampe busi ne di ganti seng racing awale brebet go pertalite pas busine gawan mtor ambe cop busine saiki aman rek,2025-11-03,positif
km sopan banget sukses sekali ortu yg udah besar n didik km dek untung laki kelak yg jadi suami,2025-11-03,positif
pnyae tmnku jg beat street e rusak,2025-11-03,negatif
karyawan e pertimini pas di protes ngomong e sepeda e seng rusuh,2025-11-06,negatif
iki perintah turu a,2025-11-03,negatif
gua takut liat tandon air oren belakang,2025-11-06,negatif
audit direktur pertamina,2025-11-03,netral
kelakuane mr b,2025-11-03,netral
itu model nya,2025-11-06,netral
sepeda ya mbrebet,2025-11-05,negatif
pantes motor ku brebet,2025-11-06,negatif
yang ngasih saran pertalite campur etanol sok sibuk nyusahin orang the real beban negara,2025-11-06,negatif
heran sama si bahlil tiap buat bijak banyak blunder mulu,2025-11-06,negatif
harus beli pentol beli busi,2025-11-06,netral
kang bengkel makasih bahlil beli ben bahlil kon,2025-11-02,negatif
kapan bahlil di pecat,2025-11-02,negatif
puodooooo,2025-11-02,negatif
sana ada spbu kode kah,2025-11-01,netral
demo suruh cabut atur buat produk luar negeri seperti sell untuk beri ijin dan bebas untuk jual di indo,2025-11-01,negatif
ket wing ko seliwer nang beranda motor do mogok iki area jatimsmoga cpt d atas pertaminawah ngerugi kan uwong akeh nek ngene ki smoga area jateng jogya ttp aman,2025-11-02,negatif
perintah denger suara rakyat gak sih,2025-11-02,negatif
dosa besar pertamina sdh buat masyarakat indonesia sengsara sepeda rusak,2025-11-02,negatif
perintah konoha cap gathel nyusahne wong cilik tok,2025-11-01,negatif
oleh mesoh a lek ijoli duet bengkel,2025-11-02,negatif
up,2025-11-02,netral
bahlil ga turun besok netijen lain yang nak,2025-11-02,negatif
tiwas ngisi full pertamax mosok di isi kuah rawon,2025-11-02,negatif
itu nyata negara kita selalubikun susah rakyat,2025-11-02,negatif
rindu ngisi nang indostasion soale wes podo tutup paksa pertamax,2025-11-02,negatif
vario ku saiki yo kuk kuk mosok podo karo wong mbrebet,2025-11-01,negatif
salah pake pertalite dapat motor baru ko isi bensin subsidi jelas kamu sing salah,2025-11-02,negatif
sumpah kalimantan kyk gin serentak jg brebet bulan april,2025-11-02,negatif
aku wis alih ke bp,2025-11-01,netral
dulu banyak pom bensin mobil sepi beli jadi ikhlasin aja jadi langgan pertamina,2025-11-01,netral
pokok aku ojok kongkon tanggung jawab,2025-11-02,negatif
opo enake di isi ambek alkohol campur kuku bima ae yo,2025-11-02,negatif
ting tau kompresi kendara yg kita pakemau nya hemat yg penting motor jalan,2025-11-02,netral
ayo tanggung jawab iniapa harus demo dulu baru benah,2025-11-01,negatif
ws akeh kjdian ngene perintah mneng ae,2025-11-02,negatif
sama e mba motor ya brebet ini ini harus bawa ke bengkel dulu kah kak mohon saran,2025-11-02,negatif
ganti menteri tambang,2025-11-02,negatif
bar tekko tumbas pertamax cahh,2025-11-02,netral
di doa aj,2025-11-02,netral
udh susah di buat susah lagi,2025-11-02,negatif
darurat bbm,2025-11-01,negatif
gw udah thun ga ke pom klo isi selalu beli ecer aja di desa wkwk tpi alhamdulillah aman aja minus nya mahal aja k liter,2025-11-03,netral
dok en lil bahlil,2025-11-03,negatif
masyarakat indonesia udh serama ini dan muak ini perintah gabpecat bahlil juga nunggu apa lagi coba anj,2025-11-03,negatif
poro jabat ng ndi iki gubernur bupati sg turun malah cak ji walkot suroboyo,2025-11-04,negatif
iyo wes aku tanggung jawabrabi kapan,2025-11-04,positif
pake onthel sehat dan tidak boros di kantong,2025-11-03,positif
mbak lak beli bensin nang pertamina mintao struk buat bukti ben isok di lapor,2025-10-31,negatif
wing beat ku tak isi pertalite nenk pom bensin danakarya alhamdulillah sek aman kakyo opo mnh ngenteni shell opo bp podo kosong kbh motore selak di gawe kerjo bahlil ancene njalok di koyek kok,2025-10-31,positif
motor gw juga kena anj dasar pertamina anj kualitas rendah anj mtor gw belum selesai nyicilnya tapi udah kena injektornya gara gara gw sering isi bahan bakar di pom pertamina lo tau kan pom yg ada kasus ttng bensin campur air itu nah gw isi situ rusak ini motor anj anj pertamina anj,2025-11-02,negatif
bahlil b nya apa,2025-11-08,netral
dengan cara ini demi untung besar tampa pikir rugi orang lain,2025-11-06,negatif
lngsung jdiin judul skripsi aja kak,2025-10-31,netral
kuwi montormu kepanasen gr etanolyo ketok e adem tp njero panasdadi busine matibusi kerak e parah resik mari jare kok masalahe nek busine jare pertaminamakane kudune bengkel podo speak up lk ora yo panggah golek alas pertamina anccukkk,2025-11-03,negatif
sama scoopyku pakai pertamax kok brebet pis,2025-11-03,negatif
karena di ada mulyono opung dan bahlil,2025-11-03,netral
bakal luar biasa hisab nih perintah kita negara mayoritas muslim tapi kalah akhlak dari jepang dan negara mayoritas non muslim,2025-11-02,negatif
saran saya klo masih bisa ngotak ngatik sendiri mending ganti dlu aja yg dasar dasar kuras tangki ganti busi kalo udah kuning bbm ganti pertamax turbo beli sedikit saja dlu ganti pertamax biru sekira nya masih berbed bawa ke bngkel saja,2025-11-02,netral
bbm maha enggak ada qualitymenteri sama aja goblok,2025-11-02,negatif
mau ngeles apalagi lu,2025-11-02,negatif
rakabuming pakkkk tolong lahh montorku juga brebet,2025-11-02,negatif
kapok,2025-11-02,negatif
monggo di pers kn,2025-11-02,netral
gak opo rek kan bengkele neng pro bahlil dwekke,2025-11-02,netral
malam ini vario tetiba mogok padahal bensin masih paro kyok e ya gr bnsin ini kmren sabtu aku isi full,2025-11-02,negatif
mangkane isio bp,2025-11-02,netral
kalo kayak gin gimana rakyat udah susah makin susah loh huhuu,2025-11-01,negatif
konco kok sangar mbak,2025-11-02,positif
sampe sepeda bingung kate tak isi bensin opo pdahal wes kentek an bensin mosok yo kudu peda ontelan,2025-11-02,negatif
pertamax sama pertalite sama e,2025-11-02,netral
deloken m o to mu c o k jaluk ta sleding ta asuy,2025-11-02,negatif
woiii podo mbak aku mang awan sektas ng bengkel ganti busi pis,2025-11-02,netral
di darjo kota udah ada shell malah tutup ganti pertamina juga kan nyebelin ya ngga ngasih rakyat opsi lain jadi mau ngga mau harus beli ke pertamina,2025-11-02,negatif
honda ampas kasih bensin ampas yo brodol ges,2025-11-02,negatif
wes tak like moga pertamina moco,2025-11-02,positif
scoopy ku anyar yaa gitu mba abis isi bensin pertalite sm adekku langsung nyandet jalan,2025-11-02,negatif
lahadalia udh bnyk kasus masih tutup mata kah,2025-11-01,negatif
klaimnooo mbakee,2025-11-02,netral
lah aku sering pake pertamax aman aja,2025-11-02,positif
sampean hak tuntut kualitas bbm yang sampean beli serta bukti dan laku tuntut kepada yang wenang,2025-11-01,netral
banyak honda yg kena,2025-11-02,negatif
ngoro jombang,2025-11-05,netral
laksana siap laksana,2025-11-08,positif
kami bagai pihak bengkel sangat berterimakasih atas banyak kasus motor pada rusak akibat isi bensin pertalite karena dapat rezeki kita sangat tambah,2025-10-31,positif
rumah bahlil di sidak ngga pak,2025-11-06,netral
bner byk mtor brebet skrg,2025-11-06,negatif
mending swasta,2025-11-06,positif
politik lgi ini ceritax,2025-11-06,negatif
udh tau gk bisa ke campur kn kyk mi dan air,2025-11-06,negatif
gara ini spda sy mati juga pak bensin pertalite ada campur,2025-11-06,negatif
tul sy abis beli tamak sepeda tiba sering mogok di tengah jl,2025-11-06,negatif
bikin vt nya di spbu sajadan di saksi isi bensin lain nya dan di saksi operator spbukalau perlu di saksi aparat polisi biar tidak timbul resah di masyarakat,2025-11-06,netral
shell aj kek bahaya c ojol pd brebet,2025-11-06,negatif
di daerah jawa timur jember juga di campur dan bikin motor rusak,2025-11-05,negatif
kiro motor e bahlil enek etanol e opo ora yo,2025-11-05,netral
gitu doang ngeluh,2025-11-06,negatif
ada pa danil,2025-11-06,netral
vario ku ikut sesak napas rebet rebet,2025-11-06,negatif
medan kereta brebet baru di benerin nak jtaan,2025-11-06,negatif
emang bbr klw dah di endap simpan,2025-11-06,netral
bapak nya kena kamera pertamina,2025-11-06,netral
motor aku ngadat padahal mesin masih mulus,2025-11-06,negatif
motor beat di isi solar kok,2025-11-06,negatif
presiden mlempem,2025-11-06,negatif
apa cuma beberapa pom doang atau semua nya soal nya says di bandung masih aman atau distribusi bbm yg baru belum seluruh aja,2025-11-06,netral
bahlil stnk nya basah itumah bukan karena bensinya,2025-11-02,netral
si bahlill ken jadi uchiha itachi kali,2025-11-02,netral
samaaa kblangan ini motor tbtb mati mulu kek lemah bat dia lemaahhh,2025-11-02,negatif
pantes motor gw jg bgtu anj emg si bahlul,2025-10-31,negatif
ini bukan hoax tapi ini nyata dan fakta banyak motor brebet gimana bijak perintah ini,2025-11-02,negatif
suaramesin kasar,2025-11-07,negatif
bahlull,2025-11-07,negatif
beli ecer ajaakan liat klo ada air,2025-11-07,netral
ngak ada ngak ada nih sepehku habis ribu bawa bekel,2025-11-07,negatif
eman iya efek kendara pada banting valve,2025-11-07,negatif
bahlil bahlul motor gw jadi brebet,2025-11-07,negatif
jangan diposting terus langsung di proses aj,2025-11-07,netral
selagi koruptor tidak di hukum mati tetep rusuh penuh sampah negara,2025-11-07,negatif
ben opo se d oplos banyu barang,2025-11-07,negatif
saya jg jd korban malem di isi pertalite pagi sdh brebet,2025-11-07,negatif
tambah ancur nih negara,2025-11-07,negatif
penjara gregget banget aku sm yg ngecampur,2025-11-07,negatif
ngeyeeeel tutup wae spbunya pak,2025-11-07,negatif
tolong dong perintah cepat di selesai masalah ini kasi masyarakat udah susah nyari uang,2025-11-07,negatif
pertamax juga bet,2025-11-07,negatif
bahlil memang titip jokowi biar perintah prabowo cheosprabowo juga tau kalau bahlil bego cuman gak berdayatuk campak,2025-11-07,negatif
akhr x kndraan q kena rebet jg,2025-11-07,negatif
nahh gt itusaya sudah d batas ke bengkel x dan lapor spbu tp spbunya ada aja sanggah nya kl bilang mesin masalah masak iyaa bareng jamaah gin hadehhh meski spbu bilang udah di sidak dan mereka aman tp loo bukti ancur asli,2025-11-07,negatif
gara pertalite motor ku ke nya brebet semua,2025-11-07,negatif
kenapa sekarang pertalite lagi yang masalah kemarin pertamax kenapa kita rakyat sudah tengah mati dengan hidup mala diginiin,2025-11-01,negatif
bacut eeeeee sampe pertalite ae dioploss,2025-11-07,negatif
lucuyg disalahin pertamina padahal semua tau siapa laku yg oploshukum di indonesia emang berat belah,2025-11-07,negatif
assalamualaikum pprabowo mohon copot aja p bahil kasi rakyat nya pak beli sepeda motor mahal ujung ujung rusak gara gara etanol,2025-11-07,negatif
biar bapak sidak smpai di mna klo kebijkan tri pake etanolknpa mesti d slah pom nyalogikaaaa,2025-11-07,negatif
wes epok kabehh,2025-11-07,negatif
bilang aja air,2025-11-07,negatif
motor aku pake pertalet greget akhir pake pertamax,2025-11-07,negatif
orak di campor uyoh e balil ssn,2025-11-07,negatif
moga kita masuk surga lewat jalur wni,2025-11-02,positif
gara bahlul,2025-11-02,negatif
andai ambrozi dan imam samudra masih hidup,2025-11-02,negatif
uchiha bahlil,2025-11-02,negatif
mang berani cape denger berita oplos mulu,2025-11-06,negatif
makin dzolim aja para jabat,2025-11-06,negatif
itu yg masih bangga banggain pertalite dimanaa otakkk kauu emang iya bener lebih murah tapi kan gk sehat kocak alih deh ke ron atas jgn pada kocak sadar napagini gimana indonesia mau maju udah perintah tukang boong ini pula masyarakat kocak akan sadar otak sendri,2025-11-06,negatif
yg salah ya bhlul,2025-11-06,negatif
hasil bijak si bahlul,2025-11-06,negatif
adil bahlil mafia migas gank solo,2025-11-06,negatif
rakabuming indonesia ri jagung suruh cek pak ada indikasi korupsi,2025-11-06,negatif
presidene turu,2025-11-06,negatif
hoax gk nih ampun dah ini tambah parah,2025-11-06,negatif
banyak banget soal sini kena pertalit untung gw pertamax wowkwowo tapi kemaren liat ig madura jirr pertamax airr semua banyak yg kenaa,2025-11-06,negatif
aku beli ecer aja,2025-11-06,netral
itu salah si bahlil,2025-11-06,negatif
gara busi itu,2025-11-06,negatif
serakah amat yatanpa curang tanpa di oplos sudah untung bnyak krena gak di supsidi tapi tetap aja kurang dasar manusia serakah,2025-11-06,negatif
emg pertamina anj mtr gua brebet gua ngira mesin yg kenapa kenap smpe x service nyata permasalahnbya di bensin anj,2025-11-06,negatif
untung di jepara masih aman,2025-11-06,positif
tadi aku ngisi bensin pertalite jam malemnya keluar jam mlm tiba mati motor masak iyah aku jadi korban lanjut,2025-11-06,negatif
madura juga,2025-11-06,negatif
ada baik selang isi di spbu tuh di kasih selang yg transparan pak biar ada transparansi jga sama warga,2025-11-06,positif
yg di usut bahlul biar semua tidak ada masalah lagi semua ini gara gara bahlul,2025-11-06,negatif
pertamina kacau,2025-11-06,negatif
di bohong mau bae,2025-11-06,negatif
kelolah sendiri pak sumberdaya alam indonesia jangan suruh negara lain,2025-11-06,positif
motor sya tiba mati stater idup lgi trs kya abis bensin gtu,2025-11-06,negatif
ancurrr prabowo ngerti kaga,2025-11-06,negatif
bang ucap brebet mu salah,2025-10-31,negatif
mbrebet bang bukan mbrebet,2025-10-31,netral
motor ku sampai kenna,2025-10-31,negatif
terima kasih pak bahlil berkat bapak bengkel kami jd ramai busi laris jual,2025-10-31,positif
