text,text_clean
Pertamina bisu dek 😂😭,"['pertamina', 'bisu', 'dek']"
"MBAKK SAMA BANGET DEMI ALLAH AKU GA IKHLASSSSS, BIARIN NTAR TAK TUNTUT DI AKHIRAT😭😞","['mbakk', 'banget', 'allah', 'tidak', 'ikhlasssss', 'biarin', 'ntar', 'tuntut', 'akhirat']"
"sudah disidak sama Pertamina dan tim bahlil,, katanya kualitas BBM di jatim baik baik saja,, yaampuuuun,, gini amat jadi WNI,, 😌serius kita cuma pasrah","['disidak', 'pertamina', 'tim', 'bahlil', 'kualitas', 'bbm', 'jatim', 'yaampuuuun', 'gin', 'wni', 'serius', 'pasrah']"
ncen e bahlil ahli neroko,"['ncen', 'e', 'bahlil', 'ahli', 'neroko']"
UU perlindungan konsumen ga berlaku pada Pertamina 🙂 susah ngelawan Perusahaan BUMN. Kecuali masyarakat bersatu untuk demo meminta agar kembalikan kualitas yang layak untuk kendaraan mereka.,"['uu', 'lindung', 'konsumen', 'tidak', 'laku', 'pertamina', 'susah', 'ngelawan', 'usaha', 'bumn', 'kecuali', 'masyarakat', 'satu', 'demo', 'kembali', 'kualitas', 'layak', 'kendara']"
gais baca doa nabi yunus aja khusus buat pertamina dan jajarannya,"['gais', 'baca', 'doa', 'nabi', 'yunus', 'aja', 'khusus', 'pertamina', 'jajar']"
"klarifikasi pertamina di berita tv nasional tadi udah dicek sesuai prosedur dan yang bermasalah motor masyarakat padahal udah jelas bensinnya gabisa nyatu kayak ada airnya, logikanya kalo motor masyarakat yang memang bermasalah ga akan massal ini yang kena imbas","['klarifikasi', 'pertamina', 'berita', 'tv', 'nasional', 'cek', 'sesuai', 'prosedur', 'masalah', 'motor', 'masyarakat', 'bensin', 'gabisa', 'nyatu', 'kayak', 'air', 'logika', 'motor', 'masyarakat', 'masalah', 'tidak', 'massal', 'kena', 'imbas']"
"next isi BP mba, wes ready nang nginden, kertajaya, pemuda, karo citraland","['next', 'isi', 'bp', 'mba', 'wes', 'ready', 'nang', 'nginden', 'kertajaya', 'pemuda', 'karo', 'citraland']"
dikiro rakyat iki duit e ga entek² 7 turunan gawe nang bengkel 😭 mangkel,"['dikiro', 'rakyat', 'iki', 'duit', 'e', 'tidak', 'entek', 'turun', 'gawe', 'nang', 'bengkel', 'mangkel']"
"please siapapun yang bertanggung jawab notis dong kita nih rakyat kecil di dzolimi terus, itu kendaraan kalau rusak juga servisnya pakai uang sendiri kasian banget kita rakyat kecil 😭","['please', 'tanggung', 'not', 'rakyat', 'dzolimi', 'kendara', 'rusak', 'servis', 'pakai', 'uang', 'kasi', 'banget', 'rakyat']"
Jare saiki wes isok klaim perbaikan motor mbak nak SPBU. Tapi koen eruh salah siji syarate? Melampirkan struk. 🤣🤣 Sejak kapan tuku bensin entuk struk? Ket jaman elek yo ga pernah dikei struk. Nek wayahe njaluk yo alesane opo bolo?? Coba ke'i contoh alesane petugase opo ae... 👇,"['jare', 'saiki', 'wes', 'isok', 'klaim', 'baik', 'motor', 'mbak', 'anak', 'spbu', 'koen', 'eruh', 'salah', 'siji', 'syarate', 'lampir', 'struk', 'tuku', 'bensin', 'entuk', 'struk', 'ket', 'jaman', 'elek', 'yo', 'tidak', 'dikei', 'struk', 'nek', 'wayahe', 'njaluk', 'yo', 'alesane', 'opo', 'bolo', 'coba', 'kei', 'contoh', 'alesane', 'petugase', 'opo', 'ae']"
ngene kok jare onok berita jatim aman LAH IKI BUKTIE??!!,"['ngene', 'jare', 'onok', 'berita', 'jatim', 'aman', 'iki', 'buktie']"
Bahlil menanggung DOSA semua masyarakat yg isi bensin di Pertamina 🗿,"['bahlil', 'tanggung', 'dosa', 'masyarakat', 'isi', 'bensin', 'pertamina']"
"pegawai Pertamina gaji AKEH...Podo dzolim Kabeh... Mentri ne Podo...g ikhlas,g ridho....kita sama2 tuntut di akhirat..Krn hukum dunia sangat lemah","['pegawai', 'pertamina', 'gaji', 'akehpodo', 'dzolim', 'kabeh', 'tri', 'ne', 'podog', 'ikhlasg', 'ridhokita', 'tuntut', 'akhiratkrn', 'hukum', 'dunia', 'lemah']"
WNI melbu surgo kabeh iki😌,"['wni', 'melbu', 'surgo', 'kabeh', 'iki']"
Alhamdulillah motorku aman gawe pertamax…motor genio,"['alhamdulillah', 'motor', 'aman', 'gawe', 'pertamaxmotor', 'genio']"
mewakili curahan hati para warga brebet se Indonesia😂,"['wakil', 'curah', 'hati', 'warga', 'brebet', 'indonesia']"
minimal klo monopoli pasar produknya bagus 😭😭,"['minimal', 'monopoli', 'pasar', 'produk', 'bagus']"
"yaallah urip ning konoha enek wae cobaane, dzolim iki pemerintahe😭😭","['yaallah', 'urip', 'ning', 'konoha', 'enek', 'wae', 'cobaane', 'dzolim', 'iki', 'pemerintahe']"
Wis viral ....Wis di lapori.... Pertamina e anteng ae koyok ngak onok opo2 😁😂🤣....awak 2,"['wis', 'viral', 'wis', 'lapor', 'pertamina', 'e', 'anteng', 'ae', 'koyok', 'ngak', 'onok', 'opo', 'awak']"
"jangankan sing pertalite, aku sing ngisi pertamax lakok budal nang bengkel, padahal sebelume ngisi shell baik2 aja lakok diisi si merah brebet gaiso dinyalakno jare mas e karena bahan bakar e yo elek","['sing', 'pertalite', 'sing', 'ngisi', 'pertamax', 'lakok', 'budal', 'nang', 'bengkel', 'sebelume', 'ngisi', 'shell', 'aja', 'lakok', 'isi', 'si', 'merah', 'brebet', 'gaiso', 'dinyalakno', 'jare', 'mas', 'e', 'bahan', 'bakar', 'e', 'yo', 'elek']"
trus sing bener kudu isi bensin opo guyss?? pliss mene wayah e tuku bensin soale,"['trus', 'sing', 'bener', 'kudu', 'isi', 'bensin', 'opo', 'guyss', 'please', 'mene', 'wayah', 'e', 'tuku', 'bensin', 'soale']"
"yg motornya karbulator rpmnya jadi ga stabil. alhasil berangkat kuliah pas di lampu merah jalanan merr mati dongg mesinnya💀. bayangin di bel orang"" di belakang aku ga kira"" ngebelnya","['motor', 'karbulator', 'rpmnya', 'tidak', 'stabil', 'alhasil', 'berangkat', 'kuliah', 'pas', 'lampu', 'merah', 'jalan', 'merr', 'mati', 'dongg', 'mesin', 'bayangin', 'bel', 'orang', 'tidak', 'ngebelnya']"
pertamina sekarang lagi budek mbak. kebanyakan untung,"['pertamina', 'budek', 'mbak', 'banyak', 'untung']"
"indonesia gaada semacam hukuman yang bikin beneran takut/mengekang membahayakan nyawa koruptor ya wajar makin², itu lagi abisin kekayaan indo sebelum periode abis, pinter si, selagi uu perampasan aset atau hukuman mati gaada ya bakal gini terus sampe ratusan tahun kedepan","['indonesia', 'gaada', 'hukum', 'beneran', 'takutmengekang', 'bahaya', 'nyawa', 'koruptor', 'ya', 'wajar', 'makin', 'abisin', 'kaya', 'indo', 'periode', 'abis', 'pinter', 'si', 'selagi', 'uu', 'ampas', 'aset', 'hukum', 'mati', 'gaada', 'ya', 'gin', 'sampe', 'ratus', 'depan']"
"mbaa aku vario yo ngisi pertamax terus, tp belakangan brebet brebet ancene bahlil bahlul","['mbaa', 'vario', 'yo', 'ngisi', 'pertamax', 'brebet', 'brebet', 'ancene', 'bahlil', 'bahlul']"
Prabowo kok diem aja?,"['prabowo', 'diem', 'aja']"
menyebalkan🗿,['sebal']
"review dari aku yg motornya kebagian brebet hari ini :
- isi bensin hari minggu tgl 26, isi pertalite full (motorku pcx)
- senin sampe kamis pagi buat kerja masih oke
- kamis sore mulai kerasa gas nya tbtb turun sendiri (strip bensin masih sisa 4)
- jumat pagi buat kerja masih aman dikit, tp gas motor bolak balik turun
- damnnn, jumat sore makin parah. kecepatan 20 normal, 30 keatas udah kek motor keabisan bensin😫😫","['review', 'motor', 'bagi', 'brebet', 'isi', 'bensin', 'minggu', 'tanggal', 'isi', 'pertalite', 'full', 'motor', 'pcx', 'senin', 'sampe', 'kamis', 'pagi', 'kerja', 'oke', 'kamis', 'sore', 'rasa', 'gas', 'tbtb', 'turun', 'strip', 'bensin', 'sisa', 'jumat', 'pagi', 'kerja', 'aman', 'dikit', 'gas', 'motor', 'bolak', 'turun', 'damnnn', 'jumat', 'sore', 'parah', 'cepat', 'normal', 'atas', 'kek', 'motor', 'abis', 'bensin']"
yg pasti pasti aja,['aja']
untuk sementara aku tuku bensin eceran sek😭,"['tuku', 'bensin', 'ecer', 'sek']"
salam satu keropos🤣,"['salam', 'keropos']"
kenapa kebanyakan yg troble honda?,"['banyak', 'troble', 'honda']"
aku pake pertamax turbo🙏🏻,"['pake', 'pertamax', 'turbo']"
anjir aku baru isi pertamax turbo motor vario lawas smoga amaaan😭😭😭,"['anjir', 'isi', 'pertamax', 'turbo', 'motor', 'vario', 'lawas', 'smoga', 'amaaan']"
kejadian kapan?,['jadi']
semangat rin....,"['semangat', 'rin']"
Vario 110cc ku terpantau aman 🙈🙈 .. ini harus ku lanjut pertalite apa ganti apa ini,"['vario', 'cc', 'ku', 'pantau', 'aman', 'ku', 'pertalite', 'ganti']"
"pertamina ganti rugi gak yaa
misal bbm gratis 5th gitu","['pertamina', 'ganti', 'rugi', 'tidak', 'yaa', 'bbm', 'gratis', 'th', 'gitu']"
ngisi nk pom ndi mbk,"['ngisi', 'nk', 'pom', 'ndi', 'mbk']"
"pegawai Pertamina nerimo gaji tok, wayah ruwet ngene bisu Kabeh pret","['pegawai', 'pertamina', 'nerimo', 'gaji', 'tok', 'wayah', 'ruwet', 'ngene', 'bisu', 'kabeh', 'pret']"
daerah ndi mbk?,"['daerah', 'ndi', 'mbk']"
enak e isi opo rek.. seriuss,"['enak', 'e', 'isi', 'opo', 'rek', 'seriuss']"
di ISO es teh,"['iso', 'es', 'teh']"
"brebet brebet , tengah dalan moro² mati bahlil mbokneambleg ancenn","['brebet', 'brebet', 'dal', 'moro', 'mati', 'bahlil', 'mbokneambleg', 'ancenn']"
"sama mbk aku juga, motorku aja baru 3bulan beli udh brebet pdhl sebelumnya aman ternyata sama pas di tap dibawah ada cairan bening dibawah gitu","['mbk', 'motor', 'aja', 'beli', 'brebet', 'pdhl', 'aman', 'pas', 'tap', 'bawah', 'cair', 'bening', 'bawah', 'gitu']"
haha motorku sek ket seminggu grg metu plat e wes bosok,"['motor', 'sek', 'ket', 'minggu', 'grg', 'metu', 'plat', 'e', 'wes', 'bosok']"
YA ALLAH TERNYATA GA CUMAN AK YAA TIAP BRANGKAT KRJA NDEREDEG GAS MOTOR TBTB TURUN KY MAU MOGOK DI TENGAH JALAN PARNO BGT TAKUT DI TABRAK DR BLAKANG😭,"['ya', 'allah', 'tidak', 'cuman', 'ak', 'yaa', 'brangkat', 'krja', 'nderedeg', 'gas', 'motor', 'tbtb', 'turun', 'ky', 'mogok', 'jalan', 'parno', 'takut', 'tabrak', 'blakang']"
sumpah kudu tak pisui pedaku pisann 😭,"['sumpah', 'kudu', 'pisui', 'peda', 'pisann']"
gue pakai Pertamax juga ngegas gak enak banget,"['pakai', 'pertamax', 'ngegas', 'tidak', 'enak', 'banget']"
iki enak e tuku bensin opo rek 😫 pertamax t pertalit,"['iki', 'enak', 'e', 'tuku', 'bensin', 'opo', 'rek', 'pertamax', 't', 'pertalit']"
"yuk yang bilang ""siapapun presiden atau pejabatnya gak ngaruh ke kehidupan kita"" mulai melek lagi yuuukk","['yuk', 'bilang', 'presiden', 'jabat', 'tidak', 'ngaruh', 'hidup', 'melek', 'yuuukk']"
"ges, coba isi di pom jemursari deket rsi, itu pom pemerintah kode 51 gak kecampur air. kode selain 51 kasus bgt campur air","['ges', 'coba', 'isi', 'pom', 'jemursari', 'deket', 'rsi', 'pom', 'perintah', 'kode', 'tidak', 'campur', 'air', 'kode', 'campur', 'air']"
"naudzubillah ojok sampe beat karbu kesayanganku mogok ya Allah 😭 tak Eman poll tak isi partamax dri dulu. Alhamdulillah masih aman, mugo SPBU sepanjang g aneh aneh 🤲","['naudzubillah', 'ojok', 'sampe', 'beat', 'karbu', 'sayang', 'mogok', 'ya', 'allah', 'eman', 'poll', 'isi', 'partamax', 'dri', 'alhamdulillah', 'aman', 'mugo', 'spbu', 'tidak', 'aneh', 'aneh']"
mbak beat racingku yo melu trend e bahlil yaampunn iki sek durung ta gowo nde bengkel😭,"['mbak', 'beat', 'racingku', 'yo', 'melu', 'trend', 'e', 'bahlil', 'yaampunn', 'iki', 'sek', 'durung', 'ta', 'gowo', 'nde', 'bengkel']"
benkel🤝bahlil,['benkelbahlil']
IDEKU BAGUS KAN ? 🤣,"['ide', 'bagus']"
tolong lahh woyyy BP sama Shell adain lagi sumpah isi pertamax boros minta ampun masa isi fulltank cuman dari rumah ke kampus ngurangin 2 bar,"['tolong', 'lahh', 'woyyy', 'bp', 'shell', 'adain', 'sumpah', 'isi', 'pertamax', 'boros', 'ampun', 'isi', 'fulltank', 'cuman', 'rumah', 'kampus', 'ngurangin', 'bar']"
bahlil: 😹,['bahlil']
Kok Bisa?Sumpah Gw heran!!,"['bisasumpah', 'heran']"
"Oh ini, LAPANGAN PEKERJAAN DI BENGKEL 🗿😭🙏 YAKIN BISA 19 JT😭","['oh', 'lapang', 'kerja', 'bengkel', 'jt']"
reaksi gw😭,"['reaksi', 'gw']"
"bahlil cerdas, buat para bengkel dapat pelanggan. buat indonesia makin maju","['bahlil', 'cerdas', 'bengkel', 'langgan', 'indonesia', 'maju']"
turbo kena oplos juga,"['turbo', 'kena', 'oplos']"
bahlil : loh saya gatau habis rapat,"['bahlil', 'loh', 'tidak', 'habis', 'rapat']"
"jgn2 pertalite dibuat jelek supaya pengendara beralih ke pertamax😂😂😂biar untung nya lebih gede, dan plotwistnya sama aja kualitas nya😂😂😂😂cuman gak ngantri aja","['jgn', 'pertalite', 'jelek', 'kendara', 'alih', 'pertamaxbiar', 'untung', 'gede', 'plotwistnya', 'aja', 'kualitas', 'nyacuman', 'tidak', 'ngantri', 'aja']"
udah bener² ada shell ehh bahlil malah nutup shell jadi curiga😒,"['bener', 'shell', 'ehh', 'bahlil', 'nutup', 'shell', 'curiga']"
brarti motornya ngelag ngelag,"['brarti', 'motor', 'ngelag', 'ngelag']"
capek bnget hidup di indonesia,"['capek', 'bnget', 'hidup', 'indonesia']"
kirain motor gw doang🗿,"['kirain', 'motor', 'doang']"
tau lah ya pelakunya siapa,"['ya', 'laku']"
"jadi PNGN buka bekel, makasih pak Bahlil udh kasih kerjaan","['pngn', 'buka', 'bekel', 'makasih', 'bahlil', 'kasih', 'kerja']"
bahas tentang sudan bang,"['bahas', 'sudan', 'bang']"
"berarti daerah situ yg GK bener Pertamina nya , soalnya disini aman aja tu","['daerah', 'situ', 'tidak', 'bener', 'pertamina', 'aman', 'aja', 'tu']"
brrti tujuan bahlil buat mekanik motor banjir cuan😨,"['brrti', 'tuju', 'bahlil', 'mekanik', 'motor', 'banjir', 'cuan']"
Bahlil b ny ap,"['bahlil', 'b', 'ap']"
gw korban nya jir 🗿,"['korban', 'jir']"
"ini antara bagus atau ngga
bagusnya tukang bengkel dpet bnyk duit
ngga nya karena pengendara bayar lagi buat bengkel
inilah yang di namakan yin dan yang🗿","['bagus', 'tidak', 'bagus', 'tukang', 'bengkel', 'dpet', 'bnyk', 'duit', 'tidak', 'kendara', 'bayar', 'bengkel', 'nama', 'yin']"
Sama mtorku jg skrang mulai brebet pdahal kmrin² nggak,"['mtorku', 'skrang', 'brebet', 'pdahal', 'kmrin', 'tidak']"
"Pertamina💀
bengkel🤑","['pertamina', 'bengkel']"
"jangan nanti ada yang bilang ""siapa tau tujuan sebenarnya pak bahlil campur bahan bakar dengan etanol itu sebenarnya sengaja biar motor cepet rusak jdi tukang bengkel banjir job dan banyak dapat rezeki"" 😌🫵🏻","['jangan', 'bilang', 'tuju', 'bahlil', 'campur', 'bahan', 'bakar', 'etanol', 'sengaja', 'motor', 'cepet', 'rusak', 'tukang', 'bengkel', 'banjir', 'job', 'rezeki']"
bahlil dendam tu kemaren mukanya di buat meme soalnya🗿🗿,"['bahlil', 'dendam', 'tu', 'kemaren', 'muka', 'meme']"
bro motor kredit gw baru beli 1 bulan yg lalu malah brebet ya ampun🤰,"['bro', 'motor', 'kredit', 'beli', 'brebet', 'ya', 'ampun']"
kangen Indonesia normal,"['kangen', 'indonesia', 'normal']"
"pertamax sama aja, justru awal masalah di pertamax baru merembet ke pertalite, lih bahlil","['pertamax', 'aja', 'pertamax', 'rembet', 'pertalite', 'lih', 'bahlil']"
"gue isi pertamax sama aja bang, ngelag juga","['isi', 'pertamax', 'aja', 'bang', 'ngelag']"
"Shell g ad barang, pertamina ad barang tapi ngrusak mesin","['shell', 'tidak', 'ad', 'barang', 'pertamina', 'ad', 'barang', 'ngrusak', 'mesin']"
pertamax yo rusak? trus diisi opo iki 😭,"['pertamax', 'yo', 'rusak', 'trus', 'isi', 'opo', 'iki']"
"mosok y paling aman sepeda listrik😌 sak iki ngisi bensin ae ya di jaajah,tinggal ndek konoha kok g nyaaman bgt y😭 rakyat kecil menderita😌 kagak bisa bayangin kasian yg punya motor jadul apalagi gojek gojek 😭","['mosok', 'y', 'aman', 'sepeda', 'listrik', 'sak', 'iki', 'ngisi', 'bensin', 'ae', 'ya', 'jaajahtinggal', 'ndek', 'konoha', 'tidak', 'nyaaman', 'y', 'rakyat', 'derita', 'kagak', 'bayangin', 'kasi', 'motor', 'jadul', 'gojek', 'gojek']"
pertamina sakjane isok kerja sing bener gak sehhhh,"['pertamina', 'sakjane', 'isok', 'kerja', 'sing', 'bener', 'tidak', 'sehhhh']"
"iki sue"" indonesia lomba dorong""an motor","['iki', 'sue', 'indonesia', 'lomba', 'dorong', 'motor']"
"iki kyake perang dagang pertamina dan swasta
tapi banyak antek"" swasta yg kerja di pertamina
jadi mudah untuk mengsabotase wkwkwk","['iki', 'kyake', 'perang', 'dagang', 'pertamina', 'swasta', 'antek', 'swasta', 'kerja', 'pertamina', 'mudah', 'mengsabotase']"
Gitu itu pegawainya pertamina sendiri motornya pada kena juga gasi?,"['gitu', 'pegawai', 'pertamina', 'motor', 'kena', 'gas']"
"mbak, sama bgt.
aku ganti pakek indomobil karena di kota ku adanya cuma itu, dan losss bgt ga rewel udah, tapi sebelum itu ke bengkel dulu ya kak, dikuras pertalite nya. trus bawa bahan bakar selain yg dari Pertamina ke bengkel biar langsung diisi. soalnya punya ku abis dari bengkel disini pertalite lagi nyatanya sama aja brebet meskipun ga separah yg pertama.","['mbak', 'ganti', 'pakek', 'indomobil', 'kota', 'ku', 'losss', 'tidak', 'rewel', 'udah', 'bengkel', 'ya', 'kak', 'kuras', 'pertalite', 'trus', 'bawa', 'bahan', 'bakar', 'pertamina', 'bengkel', 'langsung', 'isi', 'ku', 'abis', 'bengkel', 'pertalite', 'aja', 'brebet', 'tidak', 'parah']"
"beat street punya suami jg brebet"" abis beli bensin di apbu arjuno 😭","['beat', 'street', 'suami', 'brebet', 'abis', 'beli', 'bensin', 'apbu', 'arjuno']"
gua save vidionya..biar bisa tembus ke penyelidikan 👍🏻,"['gua', 'save', 'vidionyabiar', 'tembus', 'lidi']"
"kata kata andalan ""businya itu""","['andal', 'busi']"
rakyat terzolimin bgt ini😔. bahlil dan jajarannya yg bikin kebijakan bbm di oplos etanol semoga azab dunia akhirat buat kalian,"['rakyat', 'terzolimin', 'bahlil', 'jajar', 'bijak', 'bbm', 'oplos', 'etanol', 'moga', 'azab', 'dunia', 'akhirat']"
"kerjaan bahlil muridnya mulyono, agar rakyat pindah ke motor listrik yg kaya perusahan baterai opung dan mulyonoi","['kerja', 'bahlil', 'murid', 'mulyono', 'rakyat', 'pindah', 'motor', 'listrik', 'kaya', 'usah', 'baterai', 'opung', 'mulyonoi']"
WINGINANE ONOK SING KOMEN.. JARE BOJONE MEH KETABRAK TRUK GORO GORO MACET NDE TENGAH DALAN... ANCENE PERTAMINA DLOGOKKKKK,"['winginane', 'onok', 'sing', 'komen', 'jare', 'bojone', 'meh', 'tabrak', 'truk', 'goro', 'goro', 'macet', 'nde', 'dal', 'ancene', 'pertamina', 'dlogokkkkk']"
Yaampun kasian bgt sampe gajadi kuliah..bayangkan kl motornya dibuat nyari nafkah😭,"['yaampun', 'kasi', 'sampe', 'gajadi', 'kuliahbayangkan', 'kl', 'motor', 'nyari', 'nafkah']"
pokoke sheell bukaen onokno bbm e. pemerintah ikiloh duuhhhh,"['pokoke', 'sheell', 'bukaen', 'onokno', 'bbm', 'e', 'perintah', 'ikiloh', 'duuhhhh']"
"gini kak maksudnya? ini motorku aku tap, aku bawa ke bengkel habis 350rb pdhl gaji sebulan ga seberapa🙂","['gin', 'kak', 'maksud', 'motor', 'tap', 'bawa', 'bengkel', 'habis', 'rb', 'pdhl', 'gaji', 'bulan', 'tidak']"
dibahlulkan oleh negara😭,"['dibahlulkan', 'negara']"
"perusahaan monopoli kok rugi, berarti yg mengelola kebanyakan korup.","['usaha', 'monopoli', 'rugi', 'kelola', 'banyak', 'korup']"
"Percuma ada UU perlindungan konsumen, soalnya gk berlaku buat pertamina. Krna pertamina kualitas terbaik","['uu', 'lindung', 'konsumen', 'tidak', 'laku', 'pertamina', 'krna', 'pertamina', 'kualitas', 'baik']"
Indonesia itu ada-ada aja ndak kasihan rakyat,"['indonesia', 'adaada', 'aja', 'tidak', 'kasihan', 'rakyat']"
pertamina gini ini ngaku rugi mulu 🗿,"['pertamina', 'gin', 'ngaku', 'rugi', 'mulu']"
otw pertamax terus,"['otw', 'pertamax']"
bekasi udah kebagian brebetnya😭,"['bekas', 'bagi', 'brebetnya']"
kira2 salah siapa yaa,"['salah', 'yaa']"
KAPAN INDO NORMAL YA ALLAH 😭,"['indo', 'normal', 'ya', 'allah']"
"bahlil berencana bengkel banyak pelanggan dan akhirnya ekonomi maju
sebenarnya bahlil itu pahlawan di balik hytam 🗿","['bahlil', 'rencana', 'bengkel', 'langgan', 'ekonomi', 'maju', 'bahlil', 'pahlawan', 'hytam']"
motor gw sama💔💔💔💔,['motor']
kalo pertamax gmn,"['pertamax', 'gmn']"
kenapa rata rata motor honda ya....,"['motor', 'honda', 'ya']"
gua baru aja ngalamin,"['gua', 'aja', 'ngalamin']"
jatim ini emg problematik ya,"['jatim', 'problematik', 'ya']"
motor gua udh nggk bisa pertalite skrng,"['motor', 'gua', 'nggk', 'pertalite', 'skrng']"
"aku juga kena 😭, btw -1cwo hyper🥺","['kena', 'btw', 'cwo', 'hyper']"
motor gw juga kena anjj,"['motor', 'kena', 'anjj']"
pertamax juga sama bnag,"['pertamax', 'bnag']"
selain dipertamina kita bisa beli Bensin dmna ya?,"['dipertamina', 'beli', 'bensin', 'dmna', 'ya']"
"motor w abis jatoh kmren, rusak dan mesin nya emg ada yg salah, trus w servis abis 400k, normal dah seminggu, abis tu kok brebet, w bingung apa prasaan w aja, berhari2 kepikiran, belom sempet kebengkel juga, apa jangan2 gegara pertalite ya jir soalnya seminggu abis service udh enak bat pdhl motonya, jdi takut
lokasi: mojokerto - jatim","['motor', 'abis', 'jatoh', 'kmren', 'rusak', 'mesin', 'salah', 'trus', 'servis', 'abis', 'normal', 'minggu', 'abis', 'tu', 'brebet', 'bingung', 'prasaan', 'aja', 'hari', 'pikir', 'bom', 'sempet', 'bengkel', 'jangan', 'gegara', 'pertalite', 'ya', 'jir', 'minggu', 'abis', 'service', 'enak', 'bat', 'pdhl', 'moto', 'takut', 'lokasi', 'mojokerto', 'jatim']"
gw kira motorku doang😭,"['motor', 'doang']"
"PERTAMAX JUGA WOI , Vario gua brebet","['pertamax', 'woi', 'vario', 'gua', 'brebet']"
ini pelakunya😂😂😂,['laku']
habis kejadian ini kepikiran mulai cari² harga motor listrik,"['habis', 'jadi', 'pikir', 'cari', 'harga', 'motor', 'listrik']"
"bukan salah pom,,,
MEREKA HANYA MENJUAL,,,KEBIJAKAN OLEH MENTRI BILANG PAKAI ETANOL","['bukan', 'salah', 'pom', 'menjualkebijakan', 'tri', 'bilang', 'pakai', 'etanol']"
AKANKAH RUMAH BAHLIL MENJADI RUMAH SAHRONI PART 2?,"['rumah', 'bahlil', 'rumah', 'sahroni', 'part']"
pantes isi BBM ga boleh pake botol😂😂😂 takut ketauan😃😃😃,"['pantes', 'isi', 'bbm', 'tidak', 'pake', 'botol', 'takut', 'tau']"
Pelakunya lagi liburan 🗿,"['laku', 'libur']"
PK PRESIDEN TOLONG SEGRA COPOT BAHLIL,"['pk', 'presiden', 'tolong', 'segra', 'copot', 'bahlil']"
Step by step wd 55jt bilek🚀🥰📈,"['step', 'by', 'step', 'wd', 'jt', 'bilek']"
cung yg motornya brebet☝🏻😹,"['cung', 'motor', 'brebet']"
ini ada yg kudeta berarti mafia migas lagi atur rencana menjatuhkan pemerintahan 😂😂😂,"['kudeta', 'mafia', 'migas', 'atur', 'rencana', 'jatuh', 'perintah']"
"PAK PRABOWO ayo copot pak Bahlil masa masih dipertahanin,denger keluhan rakyat pak mohon pak prabowo🙏","['prabowo', 'ayo', 'copot', 'bahlil', 'dipertahanindenger', 'keluh', 'rakyat', 'mohon', 'prabowo']"
pertamina kalo sudah tidak mampu kasih kualitas mending ttup aja. biarkan shell bp vivo dan kawan2 yg mengambil alih[angry],"['pertamina', 'tidak', 'kasih', 'kualitas', 'mending', 'ttup', 'aja', 'biar', 'shell', 'bp', 'vivo', 'kawan', 'ambil', 'alihangry']"
bawa kerumah dirut pertamina dan bahlil,"['bawa', 'rumah', 'dirut', 'pertamina', 'bahlil']"
tangkap si bahlil,"['tangkap', 'si', 'bahlil']"
"BAHLIL
B= nya itu apa ....","['bahlil', 'b']"
cabut aja izin usaha pertamina yg nakal kasi denda,"['pergi', 'aja', 'izin', 'usaha', 'pertamina', 'nakal', 'kasi', 'denda']"
"kerjaan si Bahlil itu,,,","['kerja', 'si', 'bahlil']"
"pantasan motor ku brebet trus pembakaran nya gak bagus..
kasian kami yg uda gak punyak apa apa
kadang beli bensin aja pun susah kalau motor kami rusak bagai mana kami kerja dan beraktipitas ...
tolong kasihani kmi orng orang yg di bawah ini oleh orang orang yg rakus akn uang ..🥺","['pantas', 'motor', 'ku', 'brebet', 'trus', 'bakar', 'tidak', 'bagus', 'kasi', 'uda', 'tidak', 'punyak', 'kadang', 'beli', 'bensin', 'aja', 'susah', 'motor', 'rusak', 'kerja', 'beraktipitas', 'tolong', 'kasihan', 'kmi', 'orng', 'orang', 'orang', 'orang', 'rakus', 'akn', 'uang']"
mangkanya banyak mobil dan motor pada mogok dan rusak😏,"['mangkanya', 'mobil', 'motor', 'mogok', 'rusak']"
trus gmna solusinya jangan hanya sidak aja apak ini motor Uda pada ngadat...🥺,"['trus', 'gmna', 'solusi', 'jangan', 'sidak', 'aja', 'apak', 'motor', 'uda', 'ngadat']"
Rezekinya gw hari ini habis cair 88jt😳,"['rezeki', 'habis', 'cair', 'jt']"
motor temen gw berebet karna ulah bahlil,"['motor', 'temen', 'rebet', 'karna', 'ulah', 'bahlil']"
BAHLIL OHH BAHLIH.....merusak RAKYAT,"['bahlil', 'oh', 'bahlihmerusak', 'rakyat']"
"saatnya ganti pak menterinya,gak beres😅","['ganti', 'menterinyagak', 'beres']"
usut tuntas pa....penjarakan penljabat yg menyarankan pencampuran dgn etanol...,"['usut', 'tuntas', 'papenjarakan', 'penljabat', 'saran', 'campur', 'etanol']"
"iya motorku hbs di isi pertalite mlh ngeden"" di gas berat bgt 😭😭","['iya', 'motor', 'hbs', 'isi', 'pertalite', 'mlh', 'ngeden', 'gas', 'berat']"
bensin sudah oplosan seharusnya laporan tahunan pertamina untung gede ya? tp herannya koq masih rugi trilyunan. mirissssss 🗿🗿🗿🗿,"['bensin', 'oplos', 'lapor', 'tahun', 'pertamina', 'untung', 'gede', 'ya', 'heran', 'rugi', 'trilyunan', 'mirissssss']"
jgn salahkan spbu salah kan yg buat kebijakan,"['jangan', 'salah', 'spbu', 'salah', 'bijak']"
BAHLIL B NYA APA..??,"['bahlil', 'b']"
"sepeda sy juga brebet, korban pertalite pom bensin kedinding. br kmrn ke bengkel. bersihkan injektor sm ganti busi. isinya pertalite persis itu,ada airnya. mending beli eceran botol lgsg kelihatan kl mmg bensin dioplos","['sepeda', 'sy', 'brebet', 'korban', 'pertalite', 'pom', 'bensin', 'dinding', 'br', 'kemarin', 'bengkel', 'sih', 'injektor', 'sm', 'ganti', 'busi', 'isi', 'pertalite', 'persis', 'ituada', 'air', 'mending', 'beli', 'ecer', 'botol', 'lgsg', 'kl', 'mmg', 'bensin', 'oplos']"
Bahlil bahli,"['bahlil', 'bahli']"
curiga satu komplotan Bahlil sama tukang bengkel,"['curiga', 'komplot', 'bahlil', 'tukang', 'bengkel']"
Untung saya gak pakai motor 😁,"['untung', 'tidak', 'pakai', 'motor']"
gara2 bahlil tok pekok,"['gara', 'bahlil', 'tok', 'kok']"
"aampun dech, kapan ya indonesia normal aja","['aampun', 'dech', 'ya', 'indonesia', 'normal', 'aja']"
Tukang bengkel:Gacor kang,"['tukang', 'bengkelgacor', 'kang']"
“Pertamina Harus bertanggung jawab”,"['pertamina', 'tanggung']"
😭Bnr anjir rusak motor cowo gua,"['bnr', 'anjir', 'rusak', 'motor', 'cowok', 'gua']"
tukang bengkel: cuan nihhhh😸,"['tukang', 'bengkel', 'cuan', 'nihhhh']"
dan kebnyakan dari motor matic merk honda....,"['kebnyakan', 'motor', 'matic', 'merk', 'honda']"
bang bahas BOBIBOS karya ank bangsa yg berpotensi menyaingi pertamina,"['bang', 'bahas', 'bobibos', 'karya', 'ank', 'bangsa', 'potensi', 'saing', 'pertamina']"
motor Fu gw rongsok bagus ja minus pertalite 😂,"['motor', 'fu', 'rongsok', 'bagus', 'ja', 'minus', 'pertalite']"
"iyaa njr gua pertalite terus, masa gas nya berenti² 😭","['iya', 'njr', 'gua', 'pertalite', 'gas', 'renti']"
klo gw beli pertamax malah ngebrebet,"['beli', 'pertamax', 'ngebrebet']"
saya pake Pertamax juga sprti itu. jadi bukan hanya pertalite,"['pake', 'pertamax', 'sprti', 'bukan', 'pertalite']"
600 rb melayang....,"['rb', 'layang']"
airnya stengah sendiri,"['air', 'stengah']"
motor gua kena,"['motor', 'gua', 'kena']"
kacau... 🤯🤯🤯,['kacau']
"mending beli bensin eceran bang, lebih bagus keliatan bensin nya 😁✌","['mending', 'beli', 'bensin', 'ecer', 'bang', 'bagus', 'liat', 'bensin']"
turbo kena juga,"['turbo', 'kena']"
pantesan pertamax gua 🗿rame,"['pantesan', 'pertamax', 'gua', 'rame']"
mabok pertalite+etanol,"['mabok', 'pertaliteetanol']"
hari ini habis hampir 400 RB buat perbaikan motor PCX karna masalah bensin pertalite 😭😭😭,"['habis', 'rb', 'baik', 'motor', 'pcx', 'karna', 'bensin', 'pertalite']"
"ih aku ga punya motor, tp dipinjemin supra yg lawas pol dr kantor suamiku, tak buat anter jemput anakku skolah. td nya aman bgt motornya g rewel blass, tp beberapa minggu yg lalu aku isi full pertalite trs mbrebet 😌😭 aku cuma sungkan sm orang kantor masa tak pinjem trus rusak kan ga lucu ya.. huhuhu","['ih', 'tidak', 'motor', 'dipinjemin', 'supra', 'lawas', 'pol', 'kantor', 'suami', 'anter', 'jemput', 'anak', 'skolah', 'td', 'aman', 'motor', 'tidak', 'rewel', 'blass', 'minggu', 'isi', 'full', 'pertalite', 'trs', 'mbrebet', 'sungkan', 'sm', 'orang', 'kantor', 'pinjem', 'trus', 'rusak', 'tidak', 'lucu', 'ya', 'huhuhu']"
kenapa pemerintah diam saja tanpa statemen dan tindakan apa memang mau bikin gaduh rakyat,"['perintah', 'diam', 'statemen', 'tindak', 'gaduh', 'rakyat']"
spedaku mek 1 gantian mbek bjoku dipakek kerja aku dan suamiku..makeknya gantian.. kok malah bnyak mslah mtor gini.. plis mtor cuman 1 jngan sampai jdi slah 1 korban juga😭,"['spedaku', 'mek', 'ganti', 'mbek', 'bjoku', 'dipakek', 'kerja', 'suamikumakeknya', 'ganti', 'bnyak', 'mslah', 'mtor', 'gin', 'plis', 'mtor', 'cuman', 'jangan', 'slah', 'korban']"
"motor gue udah abis 500K tetep aja brebet padahal full ganti sistem injeksi semua, hadehh","['motor', 'abis', 'tetep', 'aja', 'brebet', 'full', 'ganti', 'sistem', 'injeksi', 'hadehh']"
"Jare Pertamina seng salah busi mu Mbak, tuntuten wae !!!","['jare', 'pertamina', 'seng', 'salah', 'busi', 'mu', 'mbak', 'tuntuten', 'wae']"
"hahaha
kalian yang rugi
saya yang kaya","['hahaha', 'rugi', 'kaya']"
"sakjane subsidi iku gawe opo, lek kualitas pertamina nyusahno, luweh apik konsumen ben milih bensin tanpa subsidi atau bensin subsidi","['sakjane', 'subsidi', 'iku', 'gawe', 'opo', 'lek', 'kualitas', 'pertamina', 'nyusahno', 'luweh', 'apik', 'konsumen', 'ben', 'milih', 'bensin', 'subsidi', 'bensin', 'subsidi']"
Bagusnya semua korban pertamina ngajuin gugatan ke pengadilan & tuntutan yg gede. Mau sampai kapan kita dikasih BBM busuuk terus-terusan,"['bagus', 'korban', 'pertamina', 'ngajuin', 'gugat', 'adil', 'tuntut', 'gede', 'kasih', 'bbm', 'busuuk', 'terusterusan']"
"Podo mbak, bedane motor varioku Jik ISO mlaku. tapi suorone maleh kemrotok. ape ndandakne Jik AKEH butuhe Laine. Iki Saiki penting motorku ISO mlaku.","['podo', 'mbak', 'bedane', 'motor', 'varioku', 'jik', 'iso', 'mlaku', 'suorone', 'maleh', 'kemrotok', 'ape', 'ndandakne', 'jik', 'akeh', 'butuhe', 'laine', 'iki', 'saiki', 'motor', 'iso', 'mlaku']"
"aku td pagi juga habis servis gara gara korban pertalite, dan asal kalian tau semua motor disebelah sebelahku itu semua kasusnya sama😂","['td', 'pagi', 'habis', 'servis', 'gara', 'gara', 'korban', 'pertalite', 'motor', 'belah', 'belah', 'kasus']"
Shell kapan kamu jualan bensin lagi😭😭😭😭😭😭😭😭,"['shell', 'jual', 'bensin']"
"yg mau sekolah jd g sekolah, mau kerja jd terlambat kerja, seminggu biasa gaji fuull berkurang karna potongan, satu kata buat pertamina...jiancoooooook!!!!!","['sekolah', 'tidak', 'sekolah', 'kerja', 'lambat', 'kerja', 'minggu', 'gaji', 'fuull', 'kurang', 'karna', 'potong', 'pertaminajiancoooooook']"
ini semuanya ulah bahenol kanpreet!!,"['ulah', 'bahenol', 'kanpreet']"
"pertamina kualitas jelek..
make merk laen bahan bakunya dipersulit","['pertamina', 'kualitas', 'jelek', 'make', 'merk', 'laen', 'bahan', 'baku', 'sulit']"
pertamina anjj,"['pertamina', 'anjj']"
ngisi pertamax full tank brebet juga mbaa,"['ngisi', 'pertamax', 'full', 'tank', 'brebet', 'mbaa']"
yang seharusnya tanggung jawab bukan Pertamina tapi pak bahlil kan dia yang nyuruh pertalite sama Pertamax di campur etanol katanya bagus nyatanya di lapangan bagaimana?,"['tanggung', 'bukan', 'pertamina', 'bahlil', 'nyuruh', 'pertalite', 'pertamax', 'campur', 'etanol', 'bagus', 'lapang']"
"Ayo rin semangatt, mbatin rini matane loh cog dipikir gampang nyetut peda jajal gantian sing nyetut piye 🤣","['ayo', 'rin', 'semangatt', 'mbatin', 'rini', 'matane', 'loh', 'cog', 'pikir', 'gampang', 'nyetut', 'peda', 'jajal', 'ganti', 'sing', 'nyetut', 'piye']"
"gaji pejabat milliaran tapi pelayanan zonk, selamat berada di negara konoha 😌","['gaji', 'jabat', 'milliaran', 'layan', 'zonk', 'selamat', 'negara', 'konoha']"
kepingin untung gede Pertamina korbane konsumen men,"['kepingin', 'untung', 'gede', 'pertamina', 'korbane', 'konsumen', 'men']"
Kata si Bahlil bengkel motor biar pd laris tuh 😂😂yg gue heran bensin di oplos pun pertamina masih rugi mulu 😇apa rakyat harus pakai air y baru untung tu pertamina🤣,"['si', 'bahlil', 'bengkel', 'motor', 'pd', 'laris', 'tuh', 'heran', 'bensin', 'oplos', 'pertamina', 'rugi', 'mulu', 'rakyat', 'pakai', 'air', 'y', 'untung', 'tu', 'pertamina']"
"Beat skrg bukannya uda harus pake pertamax ya??
Coba dicek di STNK nya ka","['beat', 'skrg', 'bukan', 'uda', 'pake', 'pertamax', 'ya', 'coba', 'cek', 'stnk', 'ka']"
wkwk panen duso opo pahala nek ngene iki wong pertamina dan petinggi e 🤣,"['panen', 'duso', 'opo', 'pahala', 'nek', 'ngene', 'iki', 'pertamina', 'petinggi', 'e']"
"kak aku rencana mau beli motor akhir tahun nanti, tapi gegara banyak brita bobroknya pertamina jadi mikir"" lagi mau beli😭😭","['kak', 'rencana', 'beli', 'motor', 'gegara', 'brita', 'bobrok', 'pertamina', 'mikir', 'beli']"
hayolooo takut banget ga sih kalo pas dipake motoran malem² sendirian mana cewe lagiii terus mati ditengah jalan😭,"['hayolooo', 'takut', 'banget', 'tidak', 'pas', 'dipake', 'motor', 'malem', 'cewek', 'lagiii', 'mati', 'tengah', 'jalan']"
mbak ihh sama aku jg kmrn brebet dan mati pdhl nmaxku baik2 aja. mana mati 3 kali ditengah bunderan sier😭🙏,"['mbak', 'ihh', 'kemarin', 'brebet', 'mati', 'pdhl', 'nmaxku', 'aja', 'mati', 'kali', 'tengah', 'bunderan', 'sier']"
baru td malem ngisi pertamax scoopy ku brebet parahhh,"['td', 'malem', 'ngisi', 'pertamax', 'scoopy', 'ku', 'brebet', 'parahhh']"
"betul Pertamina suruh tanggung jawab jangan minta maaf aja, terus biaya kerusakaan siapa yg nanggung kalau sudah begini...","['pertamina', 'suruh', 'tanggung', 'jangan', 'maaf', 'aja', 'biaya', 'kerusakaan', 'nanggung']"
"Podo AE Kabeh pak, laa mosok Ben aku ngisi nde pom mesti brebet, mung Wedi ku mati nde tengah dalan pas rame lak Sido kenek Karo seng Buri bos,:(","['podo', 'ae', 'kabeh', 'laa', 'mosok', 'ben', 'ngisi', 'nde', 'pom', 'mesti', 'brebet', 'mung', 'wedi', 'ku', 'mati', 'nde', 'dal', 'pas', 'rame', 'lak', 'sido', 'kenek', 'karo', 'seng', 'bur', 'bos']"
Kami punya spbu di kab. Malang jl Raya Bululawang no spbu 5465103. Dan Spbu di jl Raya Bakalan no spbu 5465162 setiap datang di ukur kandungan air. tdk terlihat kandungan etanol. Sampek hari tgl 01 nop 25 tdk ada keluhan konsumen Pertalite mau Pertamax dan pas ukurane. Selamat mengisi di spbu kami.,"['spbu', 'kab', 'malang', 'jl', 'raya', 'bululawang', 'no', 'spbu', 'spbu', 'jl', 'raya', 'no', 'spbu', 'ukur', 'kandung', 'air', 'tidak', 'kandung', 'etanol', 'sampek', 'tanggal', 'nop', 'tidak', 'keluh', 'konsumen', 'pertalite', 'pertamax', 'pas', 'ukurane', 'selamat', 'isi', 'spbu']"
ini pertalite atau air lumpur pantes bikin motor brebet,"['pertalite', 'air', 'lumpur', 'pantes', 'motor', 'brebet']"
Awalnya si bapak ngisi bensin .. abs ngisi bensin motor brebet dan mogok akhirnya penasaran bisa mogok dari apanya dan karena penasaran di bapak memindahkan bensin yg ada di motor ke dalam botol aqua .. infonya begitu,"['si', 'ngisi', 'bensin', 'abs', 'ngisi', 'bensin', 'motor', 'brebet', 'mogok', 'penasaran', 'mogok', 'apa', 'penasaran', 'pindah', 'bensin', 'motor', 'botol', 'aqua', 'info']"
"padahal untung udah banyak ,masih mau di campur campur","['untung', 'campur', 'campur']"
"Ini akankah jadi akal2an kembali untuk menghapur pertalite untuk pindah ke pertamax semua, biar lebih bnyk menguntungkan🥹 seperti yg dulu bensin dihapus","['akal', 'menghapur', 'pertalite', 'pindah', 'pertamax', 'bnyk', 'untung', 'bensin', 'hapus']"
bahlilnya pak kasian pekerjanya cuma ngejalanin tugass bahlilnya aja yang di duel in pak,"['bahlilnya', 'kasi', 'kerja', 'ngejalanin', 'tugass', 'bahlilnya', 'aja', 'duel', 'in']"
"saya juga kena salah pas motor brebet saya lagi perjalanan ke Kediri pas di Pujon motor brebet alhasil suami saya jejek sampai ke Kediri ,iya kalau brebet Deket sama bengkel kalau kejadian seperti saya di Pujon pas di alas itu gaada bengkel sama sekali yaallah yaallah😭","['kena', 'salah', 'pas', 'motor', 'brebet', 'jalan', 'diri', 'pas', 'pujon', 'motor', 'brebet', 'alhasil', 'suami', 'jejek', 'diri', 'iya', 'brebet', 'deket', 'bengkel', 'jadi', 'pujon', 'pas', 'alas', 'gaada', 'bengkel', 'yaallah', 'yaallah']"
Gw isi pertamax juga brebeettt anjir. Akhirnya gw iso pertamax turbo🔥 lumayan ga brebet tapi ga tau lg deh mesin gw apakabar kalo diisi turbo trs,"['isi', 'pertamax', 'brebeettt', 'anjir', 'iso', 'pertamax', 'turbo', 'lumayan', 'tidak', 'brebet', 'tidak', 'lg', 'mesin', 'apakabar', 'isi', 'turbo', 'trs']"
cung user pertamax brebet+boros✌,"['cung', 'user', 'pertamax', 'brebetboros']"
dimana mana kebanyakan kenapa ya😏 klo isi BBM di SPBU atas nama Pertamina semuanya dan kenapa ya setiap kali isiin BBM di SPBU kenangan angin nya ketimbang ngisi BBM nya ya 😏,"['mana', 'banyak', 'ya', 'isi', 'bbm', 'spbu', 'nama', 'pertamina', 'ya', 'kali', 'isiin', 'bbm', 'spbu', 'kenang', 'angin', 'ketimbang', 'ngisi', 'bbm', 'ya']"
vidio cctv Pertamina ada tu di atas 🤣🤣,"['vidio', 'cctv', 'pertamina', 'tu']"
"pokok nya pertamina udh rusak semua dicampor dikurangi,kita ngisi 10 lter hanya yg di isi 9,5 aja","['pokok', 'pertamina', 'rusak', 'dicampor', 'dikurangikita', 'ngisi', 'lter', 'isi', 'aja']"
"aq beli motor baru,setelah di isi di spbu skrg mbrebet gk bs jln😭","['beli', 'motor', 'barusetelah', 'isi', 'spbu', 'skrg', 'mbrebet', 'tidak', 'jln']"
mingkin kacau aja ini pom harus lebih leliti sekarang mah bany gk. jujur pom nya sekarang mah,"['mingkin', 'kacau', 'aja', 'pom', 'leliti', 'mah', 'bany', 'gk', 'jujur', 'pom', 'mah']"
bahlil di miskroscop,"['bahlil', 'miskroscop']"
Cek aja CCTV spbu pas bapaknya ngisi Kmarin sore,"['cek', 'aja', 'cctv', 'spbu', 'pas', 'bapak', 'ngisi', 'kmarin', 'sore']"
"selama ini pertamax didaerah sini masih aman, sharing dong yang pake pertamax udah ada masalah apa belum. takut bjirr","['pertamax', 'daerah', 'aman', 'sharing', 'pake', 'pertamax', 'takut', 'bjirr']"
oalah kelen pada sibuk pertamina datau yang salah tu busi nya😁😁,"['oalah', 'kelen', 'sibuk', 'pertamina', 'datau', 'salah', 'tu', 'busi']"
"parahhh sih Pertamina jangan lah kayak gitu sama rakyat, kami sebagai konsumen kecewa berat sih","['parahhh', 'pertamina', 'jangan', 'kayak', 'gitu', 'rakyat', 'konsumen', 'kecewa', 'berat']"
cabut perijinan SPBU NYA.,"['pergi', 'perijinan', 'spbu']"
pantesan motorku brebet di starter g bisa padahal baru di servis,"['pantesan', 'motor', 'brebet', 'starter', 'tidak', 'servis']"
"beli byd aja ama saya, ga isi2 bensin lagi😂","['beli', 'byd', 'aja', 'ama', 'tidak', 'isi', 'bensin']"
pak presiden ayolah maen sosmed biar taw keluh kesah rakyat,"['presiden', 'ayo', 'maen', 'sosmed', 'taw', 'keluh', 'kesah', 'rakyat']"
sepdaku brebet pak .. niat tuku bensin mlah ngerusak sepeda,"['sepdaku', 'brebet', 'niat', 'tuku', 'bensin', 'mlah', 'ngerusak', 'sepeda']"
"saya memang tidak setuju dengan adanya pencampuran etanol
tetapi melihat kejadian ini seperti rekayasa
mohon maaf atas pikiran negatif saya","['tidak', 'tuju', 'campur', 'etanol', 'jadi', 'rekayasa', 'mohon', 'maaf', 'pikir', 'negatif']"
"ini tujuannya biar masyarakan pindah ke pertamax krn dlu q sdh dengar dri orang pertamina klo pertalite bklan g da,","['tuju', 'masyarakan', 'pindah', 'pertamax', 'krn', 'dlu', 'dengar', 'dri', 'orang', 'pertamina', 'pertalite', 'bklan', 'tidak', 'da']"
pantesan beli di botol gak boleh,"['pantesan', 'beli', 'botol', 'tidak']"
biar pada beli yg mode listrik,"['beli', 'mode', 'listrik']"
Aduh kembalikan Shell dn bp 😭,"['aduh', 'kembali', 'shell', 'dn', 'bp']"
masak presiden gak liat gini cuman diam ???,"['masak', 'presiden', 'tidak', 'liat', 'gin', 'cuman', 'diam']"
Ide bensin campur etanol ini utk mematikan spbu ?,"['ide', 'bensin', 'campur', 'etanol', 'utk', 'mati', 'spbu']"
"aslinya etanol tuh aman-aman aja tapi bensin kualitas kita itu masih belum standar internasional, Thailand dan Amerika juga pakek etanol tapi aman-ama","['asli', 'etanol', 'tuh', 'amanaman', 'aja', 'bensin', 'kualitas', 'standar', 'internasional', 'thailand', 'amerika', 'pakek', 'etanol', 'amanama']"
Sidaknya bensin yg dr mesin diambil terus di test langsung pak...,"['sidaknya', 'bensin', 'mesin', 'ambil', 'test', 'langsung']"
"sudah satu hari beli,lah kok masij mau ngisi lagi. itu yg baju putih kok ngotot. lihat rekaman cctv.","['bilah', 'masij', 'ngisi', 'baju', 'putih', 'ngotot', 'lihat', 'rekam', 'cctv']"
Tapi beli dieceran kok nggak ada campurannya.... bisa dilihat dibotolnya.,"['beli', 'ecer', 'tidak', 'campur', 'botol']"
kerjo sampek telat sepda berebeetttt😭😭,"['kerjo', 'sampek', 'telat', 'sepda', 'berebeetttt']"
di bojonegoro motor podo mogok,"['bojonegoro', 'motor', 'podo', 'mogok']"
parah sih korbannya bnyk banget 🥺,"['parah', 'korban', 'bnyk', 'banget']"
tim bensin warung madura nyimak 😆,"['tim', 'bensin', 'warung', 'madura', 'nyimak']"
"Hari ini saya merasakan motor brebet padahal isi Pertamax
akhirnya dorong motor pada saat hujan","['rasa', 'motor', 'brebet', 'isi', 'pertamax', 'dorong', 'motor', 'hujan']"
Yaallah bang jnganan pertalite Turbo aja motor gw mati waktu malem² mana kaga ada yg buka,"['yaallah', 'bang', 'jnganan', 'pertalite', 'turbo', 'aja', 'motor', 'mati', 'malem', 'kaga', 'buka']"
tangkap Riza Chalid,"['tangkap', 'riza', 'chalid']"
"gua udh jadi korban, vario 125 gen 2 pdhal","['gua', 'korban', 'vario', 'gen', 'pdhal']"
"dan secara tiba tiba besoknya ada beritanya begini ""bahlul diduga korupsi sebesar xx triliun""🗿🗿","['besok', 'berita', 'bahlul', 'duga', 'korupsi', 'xx', 'triliun']"
babahlil🗿,['babahlil']
ganti presiden,"['ganti', 'presiden']"
pantes motor gw sering kayak gitu🗿,"['pantes', 'motor', 'kayak', 'gitu']"
Terpantau Pak Prayogo sdh meng akuisisi SPBU Swasta dan Sedang bersiap mendapatkan ledakan momentum nya 🔥😎,"['pantau', 'prayogo', 'meng', 'akuisisi', 'spbu', 'swasta', 'ledak', 'momentum']"
motor gw juga kena kocak,"['motor', 'kena', 'kocak']"
waktunya gua kerja di bengkel,"['gua', 'kerja', 'bengkel']"
lumayan launch Kontrol alami (brebet),"['lumayan', 'launch', 'kontrol', 'alami', 'brebet']"
siap² ada berita viral pengalihan isu 😂,"['siap', 'berita', 'viral', 'alih', 'isu']"
lahhh motorku juga,"['lahhh', 'motor']"
Sama bang motor saya juga berebet,"['bang', 'motor', 'rebet']"
woy laahh motor gua skrg,"['woy', 'laahh', 'motor', 'gua', 'skrg']"
"YANG SUDAH DI OPLOS PLAT MERAH:
PERTAMAX OPLOSAN ✅
PERTALITE OPLOSAN ✅
TINGGAL YANG LAIN DI TUNGGU GEBRAKAN BELIAU","['oplos', 'plat', 'merah', 'pertamax', 'oplos', 'pertalite', 'oplos', 'tinggal', 'tunggu', 'gebrak', 'beliau']"
pasti nontonya jum'at siang,"['nontonya', 'jumat', 'siang']"
gw korban jg,['korban']
bjir gw kira rencana🙂 ternyata udah dilakuim🙂,"['bjir', 'rencana', 'dilakuim']"
ide bagus sih dari pada nyebar paku di jalan wkwkwk,"['ide', 'bagus', 'nyebar', 'paku', 'jalan']"
untung gw ngisi pertamax mulu 😅,"['untung', 'ngisi', 'pertamax', 'mulu']"
kembalikan shell kami,"['kembali', 'shell']"
Capee bgt capeee,"['capee', 'capeee']"
kmrn motorku jg brebet😭😭mana pas di tanjakan,"['kemarin', 'motor', 'brebetmana', 'pas', 'tanjak']"
"hadir dari kediri jatim,korban mbrebet🤝","['hadir', 'diri', 'jatimkorban', 'mbrebet']"
"saya malem isi pertalite paginya pas di pake motor berebet, padahal sebelumnya GK ada tanda2 kerusakan","['malem', 'isi', 'pertalite', 'pagi', 'pas', 'pake', 'motor', 'rebet', 'tidak', 'tanda', 'rusa']"
"Kejadian sama nih
Motor sy dan teman² sy sama brebbet setelah pengisian pertalite,dan efeknya ke mesin juga,harusnya langsung jreng dan lancar,skrg mlempem😳","['jadi', 'motor', 'sy', 'teman', 'sy', 'brebbet', 'isi', 'pertalitedan', 'efek', 'mesin', 'jugaharusnya', 'langsung', 'jreng', 'lancarskrg', 'mlempem']"
pntes oi mtor gw sering rusak skarang,"['pntes', 'oi', 'mtor', 'rusak', 'skarang']"
"Aq dr pertma ad pertalite kluar udh jarng make krn pmbkarannya susah lengket"" sperti karet . . . Mau heran protes nanyain sendiri tp kn ini indo.. Jd tunggu publik aj kek skrang 🤦","['pertma', 'ad', 'pertalite', 'kluar', 'jarng', 'make', 'krn', 'pmbkarannya', 'susah', 'lengket', 'sperti', 'karet', 'heran', 'protes', 'nanyain', 'kn', 'indo', 'tunggu', 'publik', 'aj', 'kek', 'skrang']"
"pantes mtor gue gaenak bngett,soalnya suka isi bensin disana😭","['pantes', 'mtor', 'gaenak', 'bngettsoalnya', 'suka', 'isi', 'bensin', 'sana']"
mangkane sepeda mbrebet kabeh..wong cilik rah iso komplain..,"['mangkane', 'sepeda', 'mbrebet', 'kabehwong', 'cilik', 'rah', 'iso', 'komplain']"
saya beli gas LPG yg 6 kilo warna pink..baru 5 hari sudah mati padahal masih berat isinya masih banyak tapi dak bisa di pakai lagi..apa mungkin sperti ini,"['beli', 'gas', 'lpg', 'kilo', 'warna', 'pinkbaru', 'mati', 'berat', 'isi', 'dak', 'pakai', 'lagiapa', 'sperti']"
aku ngisi pertalit di pom simo hari senin smpe sekarang aman gess,"['ngisi', 'pertalit', 'pom', 'simo', 'senin', 'smpe', 'aman', 'gess']"
KAK MOTORKU JUGA KENA 😇😇,"['kak', 'motor', 'kena']"
"halah, masio ngunu yo gak kapok tuku nk pertamina 😏","['halah', 'masio', 'ngunu', 'yo', 'tidak', 'kapok', 'tuku', 'nk', 'pertamina']"
AKIBAT KEBIJAKAN YG BUKAN AHLI DI BIDANGNYA RAKYAT MELARAT,"['akibat', 'bijak', 'bukan', 'ahli', 'bidang', 'rakyat', 'melarat']"
dapat salam dari mamah aku 😩,"['salam', 'mamah']"
"ih mba sama bngt sumpah, pdhl ngisinya dipom pertamina nya langsung loh,tetep aja mesinya jd rusak brebet2 gitu,mana kilang minyak pertamina nya deket dr rumahku lg😭","['ih', 'mba', 'bngt', 'sumpah', 'pdhl', 'ngisinya', 'dipom', 'pertamina', 'langsung', 'lohtetep', 'aja', 'mes', 'rusak', 'brebet', 'gitumana', 'kilang', 'minyak', 'pertamina', 'deket', 'rumah', 'lg']"
"beli bensin belum ada 300meter dah mati akhirnya kena 1jt buat benerin, kukira aku yang rusakin ternyata seluruh indonesia raya begitu semua, ya allah mana sepedah atu²nya 😭","['beli', 'bensin', 'meter', 'mati', 'kena', 'jt', 'benerin', 'kira', 'rusakin', 'indonesia', 'raya', 'ya', 'allah', 'dah', 'atu nya']"
"makin kesini emg makin kesana, rakyat saat ini sudah gak percaya PERTAMINA 🫵","['kesini', 'kesana', 'rakyat', 'tidak', 'percaya', 'pertamina']"
"uda waktunya rakyat gerak...bertahun tahun dibodohi Pertamina...
gedung pertamina sak direkturnya","['uda', 'rakyat', 'gerakbertahun', 'bodoh', 'pertamina', 'gedung', 'pertamina', 'sak', 'direktur']"
"Semngat mbak , ganti Suzuki aman sentosa . soale wis support E10 😁","['semngat', 'mbak', 'ganti', 'suzuki', 'aman', 'sentosa', 'soale', 'wis', 'support', 'e']"
jangan2 motorku greget gra2 ini.. pdhl tiap isi pertamax🥺,"['jangan', 'motor', 'greget', 'gra', 'pdhl', 'isi', 'pertamax']"
Astrea ku yang dari dulu jarang rusak Pun sekalian rusak busi nya yang kena karena berebet 🗿,"['astrea', 'ku', 'jarang', 'rusak', 'rusak', 'busi', 'kena', 'rebet']"
beat ku cakut 3 ulan mlebu bengkel yoan mbak wingi entek 500k+ kudu nangis😭,"['beat', 'ku', 'cakut', 'ulan', 'mlebu', 'bengkel', 'yoan', 'mbak', 'wing', 'entek', 'kudu', 'nang']"
prabowo ngerti ora iki.nek ngerti ko meneng ae,"['prabowo', 'ngerti', 'ora', 'ikinek', 'ngerti', 'ko', 'neng', 'ae']"
WOE IYA GUE ABIS BENERIN GEGARA BREBET KENA PERTALITE,"['woe', 'iya', 'abis', 'benerin', 'gegara', 'brebet', 'kena', 'pertalite']"
"aku lihat ada SPBU warnanya kuning kira"" itu bagus nga yah? aku mau beralih SM itu aja deh .","['lihat', 'spbu', 'warna', 'kuning', 'bagus', 'nga', 'yah', 'alih', 'sm', 'aja']"
wes nng AKR AE luwek sip,"['wes', 'nng', 'akr', 'ae', 'luwek', 'sip']"
"numpak sepeda ae bahan bakar e soto lamongan sak es teh e .
timbang gawe tuku bensin gak jelas kualitas e🗿","['numpak', 'sepeda', 'ae', 'bahan', 'bakar', 'e', 'soto', 'lamongan', 'sak', 'es', 'teh', 'e', 'timbang', 'gawe', 'tuku', 'bensin', 'tidak', 'kualitas', 'e']"
"pinternya mbaknya bisa ndorong temannya pakai sepeda motor.....👍👍👍👍👍
semoga persahabatannya tetap tulus sampai akhir hayat
semoga persoalan BBM ini secepatnya terselesaikan","['pinternya', 'mbak', 'ndorong', 'teman', 'pakai', 'sepeda', 'motor', 'moga', 'sahabat', 'tulus', 'hayat', 'moga', 'bbm', 'cepat', 'selesai']"
Bahlil memang menteri yang patut dikasih anugerah nobel tertinggi dan masuk dalam guiness of record...,"['bahlil', 'menteri', 'patut', 'kasih', 'anugerah', 'nobel', 'tinggi', 'masuk', 'guiness', 'of', 'record']"
KAYAKNYA BAHLIL PENGEN SEPERTI SAHRONI PART 2 🗿,"['kayak', 'bahlil', 'sahroni', 'part']"
MBAK MOTORKU AE MBREBETTT,"['mbak', 'motor', 'ae', 'mbrebettt']"
SEMUA INI GARA2 BAHLUL😭😭😭,"['gara', 'bahlul']"
"alhamdulillah mio ku isi turbo, beat karo scoopy isi pertamax, supra isi perlalite aman kabeh 🤣🤣","['alhamdulillah', 'mio', 'ku', 'isi', 'turbo', 'beat', 'karo', 'scoopy', 'isi', 'pertamax', 'supra', 'isi', 'perlalite', 'aman', 'kabeh']"
"golek duit angel, soyo diangel² perkoro bensin 🔥🔥","['golek', 'duit', 'angel', 'soyo', 'angel', 'perkoro', 'bensin']"
make pertamax alhamdulillah aman aja,"['make', 'pertamax', 'alhamdulillah', 'aman', 'aja']"
Rim?? apa kak 🤣🤣🤣 nama belakang ku rim juga wkwkwk🤣🤣🤣,"['rim', 'kak', 'nama', 'ku', 'rim']"
Coba di daerahku ada pom bensin selain Pertamina gak bakalan aku isi Pertamina lg kapok ga selesai2 motor rusak gara-gara bensine,"['coba', 'daerah', 'pom', 'bensin', 'pertamina', 'tidak', 'isi', 'pertamina', 'lg', 'kapok', 'tidak', 'selesai', 'motor', 'rusak', 'garagara', 'bensine']"
respect crwek bisa step motor 😂,"['respect', 'crwek', 'step', 'motor']"
bahenol = bahlil love ethanol,"['bahenol', 'bahlil', 'love', 'ethanol']"
bang kenapa vt yg bahasa portugis akan jadi kurikulum diprivat bang?,"['bang', 'vt', 'bahasa', 'portugis', 'kurikulum', 'privat', 'bang']"
BAHLIL KAPAN LENGSER SIH ASTAGA,"['bahlil', 'lengser', 'astaga']"
ulah bahlil,"['ulah', 'bahlil']"
BAHENOL: Bahlil Etanol,"['bahenol', 'bahlil', 'etanol']"
Yg salah motornya gk sesuai spec bahlil,"['salah', 'motor', 'tidak', 'sesuai', 'spec', 'bahlil']"
BAHLIL AN,"['bahlil', 'an']"
brebet Kabeh bos👍,"['brebet', 'kabeh', 'bos']"
"sebenarnya bahlil bener, karena brazil, argentina lain nya pake etanol, tp yg salah itu mesin motor warga indonesia gak kuat pake itu , kyk dipaksa kan wkwk,","['bahlil', 'bener', 'brazil', 'argentina', 'pake', 'etanol', 'salah', 'mesin', 'motor', 'warga', 'indonesia', 'tidak', 'kuat', 'pake', 'kyk', 'paksa']"
Salam seperbrebetan 🇮🇩,"['salam', 'seperbrebetan']"
"mbrebet kok sak INDONESIA LUUCUU ,,,,LUCUUU","['mbrebet', 'sak', 'indonesia', 'luucuu', 'lucuuu']"
Pecat Si Balik atau Bahlul itu,"['pecat', 'si', 'bahlul']"
jare kancaku gdk etanol lk nk kota ku malahan banyu i yok opo iki rek seng penere😁,"['jare', 'kancaku', 'gdk', 'etanol', 'lk', 'nk', 'kota', 'ku', 'banyu', 'i', 'yok', 'opo', 'iki', 'rek', 'seng', 'penere']"
hasil ilmu terbaru dari BH,"['hasil', 'ilmu', 'baru', 'bh']"
#PRABOWO SUBIANTO 👀👀👀👀,['subianto']
bahkan org bengkel yg sebenarnya jd kecipratan krna byk motor masuk bengkel saja menyalahkan kerusakan krna ethanol loh,"['orang', 'bengkel', 'ciprat', 'krna', 'byk', 'motor', 'masuk', 'bengkel', 'salah', 'rusa', 'krna', 'ethanol', 'loh']"
cobot Bahlil pak Prabowo Subianto,"['cobot', 'bahlil', 'prabowo', 'subianto']"
panyesan ngadat² motor ku,"['panyesan', 'ngadat', 'motor', 'ku']"
bahlil B ya apa?,"['bahlil', 'b', 'ya']"
Prabowo pura. Pura gk melihat dan gk mendengar,"['prabowo', 'pura', 'pura', 'tidak', 'tidak', 'dengar']"
"itu sengaja dikasih air sedikit,tp airnya jadi lebih banyak karna etanol pada pertalite larut dan menyatu dgn air..","['sengaja', 'kasih', 'air', 'sedikittp', 'air', 'karna', 'etanol', 'pertalite', 'larut', 'satu', 'air']"
pantess motor mati bae di jalan😭 brebet pulak😭,"['pantess', 'motor', 'mati', 'bae', 'jalan', 'brebet', 'pulak']"
kenapa kemarin sore 😂 pak pak seharusnya waktu beli langsung di cekkk lek wingi sore samean campuro dewe mosok ero seng sportif lek e ancen komplain,"['kemarin', 'sore', 'beli', 'langsung', 'cekkk', 'lek', 'wing', 'sore', 'samean', 'campuro', 'dewe', 'mosok', 'ero', 'seng', 'sportif', 'lek', 'e', 'ancen', 'komplain']"
"pantas penjual eceran dilarang.
kacau kacau","['jual', 'ecer', 'larang', 'kacau', 'kacau']"
Rakyat knp masih pada sabar ya.. ga tau rumahnya bahlil,"['rakyat', 'sabar', 'ya', 'tidak', 'rumah', 'bahlil']"
"keknya pertamax jg udh dicampur etanol akhir"" ini motor gw sering brebet+jd susah hidup","['kek', 'pertamax', 'campur', 'etanol', 'motor', 'brebetjd', 'susah', 'hidup']"
Merugikan rakyat sekali ini,"['rugi', 'rakyat']"
"PAK Pertamina SEPEDA MOTOR KU BARU 1 BULAN. GARA"" ISI PERTALITE YO BREBET PAKKKK😭😭😭 POKOK GANTENI GAWE NANG BENGKELLL TITIKKKKK.!!!!!!!!! rumahku Pandaan Pasuruan","['pertamina', 'sepeda', 'motor', 'ku', 'gara', 'isi', 'pertalite', 'yo', 'brebet', 'pakkkk', 'pokok', 'ganteni', 'gawe', 'nang', 'bengkelll', 'titikkkkk', 'rumah', 'pandaan', 'pasuruan']"
"terus gunanya sidak apa?? wong smua emang di setting bgituuu, heran bgt","['guna', 'sidak', 'smua', 'emang', 'setting', 'bgituuu', 'heran']"
maaf dek pertamina hnya bs jawab tdk pernah tanggung ..🥰🔥,"['maaf', 'dek', 'pertamina', 'hnya', 'tidak', 'tanggung']"
"ya Allah Podo mbak . wayahe nyusul anak sekolah kok mogok. ya Allah mana bawa 2 bocil, dibel i ambek truk mobil. wes gupuh kabeh. bar isi Pertamax Iki mau","['ya', 'allah', 'podo', 'mbak', 'wayahe', 'nyusul', 'anak', 'sekolah', 'mogok', 'ya', 'allah', 'bawa', 'bocil', 'bel', 'i', 'ambek', 'truk', 'mobil', 'wes', 'gupuh', 'kabeh', 'bar', 'isi', 'pertamax', 'iki']"
pancen jahat kok sing mbarakno rugi iku 😭,"['pancen', 'jahat', 'sing', 'mbarakno', 'rugi', 'iku']"
ANJAAYY BU CHOOYY 🤸🤸,"['anjaayy', 'bu', 'chooyy']"
aku habis hampir 1jt gara gara itu,"['habis', 'jt', 'gara', 'gara']"
"solusi nya isi bensin di madura, karna botol nya keliatann, jdi anti oplosan ✌","['solusi', 'isi', 'bensin', 'madura', 'karna', 'botol', 'keliatann', 'anti', 'oplos']"
ada hikmahnya buat bengkel 😂🗿,"['hikmah', 'bengkel']"
motor ku juga oi harus gmna ini🙏🙏🙏,"['motor', 'ku', 'oi', 'gmna']"
pabrik busi ketawa liyat ini 😹,"['pabrik', 'busi', 'ketawa', 'liyat']"
wah saya sangat bangga jadi wni🗿,"['bangga', 'wni']"
parah2 🤦🏼‍♀,['parah']
anjir itu mesin motor serusak apaan jadinya 😭😭,"['anjir', 'mesin', 'motor', 'rusak']"
Nuntut pertamina bisa gk sih?,"['nuntut', 'pertamina', 'tidak']"
bengkel:alamak duit nih😁🤣,"['bengkelalamak', 'duit']"
ih motor gua gitu akhir” ini😭,"['ih', 'motor', 'gua', 'gitu']"
bisa dituntut ga si?,"['tuntut', 'tidak', 'si']"
ada mekanik nya seneng sma keputusan mentrinya tpi dia nyindir😌,"['mekanik', 'neng', 'sma', 'putus', 'tri', 'tpi', 'nyindir']"
BAHLL ANJ EMANG 😭 NYARI DUIT UDAH SUSAH D BKIN TAMBAH SUSAH KARNA HARUS SERVICE MLU 😭😭😭😭😭😭😭,"['bahll', 'anj', 'emang', 'nyari', 'duit', 'susah', 'bkin', 'susah', 'karna', 'service', 'mlu']"
baru brapa bulan,['brapa']
Masalahnya yg jual bensin cuma pertamina,"['jual', 'bensin', 'pertamina']"
bensin udah di oplos tetep aja masih ngaku rugi,"['bensin', 'oplos', 'tetep', 'aja', 'ngaku', 'rugi']"
Ternyata ini penyebab motor saya kemaren ternyata betul,"['sebab', 'motor', 'kemaren']"
aku pernah tu pas mau berangkat sekolah sama pas mau beli barang,"['tu', 'pas', 'berangkat', 'sekolah', 'pas', 'beli', 'barang']"
motor ayah ku juga kena! dan aku yg gotong dari gerbang rumah sampe rumah😭,"['motor', 'ayah', 'ku', 'kena', 'gotong', 'gerbang', 'rumah', 'sampe', 'rumah']"
"udah nga percaya lagi nih sama pertamina 🗿
ngisi di vivo ah, untung ada bensin swasta deket rumah 🗿","['nga', 'percaya', 'pertamina', 'ngisi', 'vivo', 'ah', 'untung', 'bensin', 'swasta', 'deket', 'rumah']"
pasti nontonnya Jumat siang 🗿🗿,"['nontonnya', 'jumat', 'siang']"
"sebenernya bukan oplos air itu 😏
etanol itu minus nya dia menyerap air , apalagi negara kita lembab jadi lama2 bensin nya jadi bercampur air","['sebenernya', 'bukan', 'oplos', 'air', 'etanol', 'minus', 'serap', 'air', 'negara', 'lembab', 'bensin', 'campur', 'air']"
"aku pake pertamax kok brebet juga, punya 2 motor dua""nya brebet","['pake', 'pertamax', 'brebet', 'motor', 'dua', 'brebet']"
motorku juga kena😭,"['motor', 'kena']"
motorku Yo ngono. mbrebet,"['motor', 'yo', 'ngono', 'mbrebet']"
lgsg ke pertamina aja mba minta ganti,"['lgsg', 'pertamina', 'aja', 'mba', 'ganti']"
SPBU mana anda isi pertalite..?,"['spbu', 'isi', 'pertalite']"
"gua uda 7x mogok isi pertalite.pertamina gk beres uda kasus korupsi,oplosan,sekarang mogok masal","['gua', 'uda', 'x', 'mogok', 'isi', 'pertalitepertamina', 'tidak', 'beres', 'uda', 'korupsioplosansekarang', 'mogok', 'masal']"
"la ngerti motormu sng sijine rusak goro2 pertamina, tapi nyapo motormu liyane kok pancet mbo isi ndk pertamina nem painem, piye to?🗿","['la', 'ngerti', 'motor', 'sng', 'sijine', 'rusak', 'goro', 'pertamina', 'nyapo', 'motor', 'liyane', 'pancet', 'mbo', 'isi', 'ndk', 'pertamina', 'nem', 'painem', 'piye', 'to']"
"Koyoke emang awak dewe dikongkon mlaku mbak,, mengurangi polusi 🤣 lah lek pedae brebet kabeh isi pertalite or pertamax podo ae,","['koyoke', 'emang', 'awak', 'dewe', 'dikongkon', 'mlaku', 'mbak', 'kurang', 'polusi', 'lek', 'pedae', 'brebet', 'kabeh', 'isi', 'pertalite', 'or', 'pertamax', 'podo', 'ae']"
"sudah banyak korban,
sudah sejahat ini,
tapi tidak ada pelaku yang di tetapkan😢","['korban', 'jahat', 'tidak', 'laku', 'tetap']"
"tebak,mesti di step Karo sikil yoh","['tebakmesti', 'step', 'karo', 'sikil', 'yoh']"
alhamdulillah pilihan gua bener ambil pertalite,"['alhamdulillah', 'pilih', 'gua', 'bener', 'ambil', 'pertalite']"
lek sing domisili surabaya... INFO BP SUDAH READY DI JL PEMUDA,"['lek', 'sing', 'domisili', 'surabaya', 'info', 'bp', 'ready', 'jl', 'pemuda']"
"mbak rekomendasi aja, lek misal mau motor seng tangguh dan tahan banting pake motor bebek aja atau motor yang sama kek temennya mbaknya jarang yang kena kasus mogok kek gini soalnya","['mbak', 'rekomendasi', 'aja', 'lek', 'motor', 'seng', 'tangguh', 'tahan', 'banting', 'pake', 'motor', 'bebek', 'aja', 'motor', 'kek', 'temennya', 'mbak', 'jarang', 'kena', 'mogok', 'kek', 'gin']"
"Podo,q wingi y mogok nyurung golek bengkel😭 salah Gowo ank cilik pisan..","['podoq', 'wing', 'y', 'mogok', 'nyurung', 'golek', 'bengkel', 'salah', 'gowo', 'ank', 'cilik', 'pis']"
wes tak iseni extrajoss ae spdaku,"['wes', 'iseni', 'extrajoss', 'ae', 'spdaku']"
pertamina ancen guwoblok. busi motor e bojoq yo puersis ngono iku mari kene pertalite,"['pertamina', 'ancen', 'guwoblok', 'busi', 'motor', 'e', 'bojoq', 'yo', 'puersis', 'ngono', 'iku', 'mari', 'kene', 'pertalite']"
"check jg turbo yg di pertamina mampang, motorku jd berat beda turbo yg di Kuningan, rasuna said","['check', 'turbo', 'pertamina', 'mampang', 'motor', 'berat', 'beda', 'turbo', 'kuningan', 'rasuna', 'said']"
baru kali ini Pertamina bikin resah masyarakat. ADA APA DENGANMU PERTAMINA???,"['kali', 'pertamina', 'resah', 'masyarakat', 'dengan', 'pertamina']"
"SAMA, 2 BEATKU YA BREBET","['beatku', 'ya', 'brebet']"
"PERTAMINA LG SIBUK HITUNG RUGI , soalnya mau akhir tahun","['pertamina', 'lg', 'sibuk', 'hitung', 'rugi']"
"wes paling bner numpak ontel karo dokar ae, kyok jman penjahahan. itung² nostalgia 🗿","['wes', 'bner', 'numpak', 'ontel', 'karo', 'dokar', 'ae', 'kyok', 'jman', 'penjahahan', 'itung', 'nostalgia']"
mba aku pake stylo baru tahun ini tak isi mesti pertamax sumpah brebeeett Betty mosok aku kudu nak suroboyo gae tuku bp,"['mba', 'pake', 'stylo', 'isi', 'mesti', 'pertamax', 'sumpah', 'brebeeett', 'betty', 'mosok', 'kudu', 'anak', 'suroboyo', 'gae', 'tuku', 'bp']"
iki pertamina ga speakup ta,"['iki', 'pertamina', 'tidak', 'speakup', 'ta']"
sepedaku tak isi solar kak saking jengkel e😌,"['sepeda', 'isi', 'solar', 'kak', 'saking', 'jengkel', 'e']"
"Heee sumpah Scoopy ku yo tau brebet moro2 mati nang tengah Embong raya, dan di bel'i wong akeh. kok yo untung mobil mburiku gak nabrak aku 😭😭
Sumpah iki wes membahayakan rek.","['heee', 'sumpah', 'scoopy', 'ku', 'yo', 'brebet', 'moro', 'mati', 'nang', 'embong', 'raya', 'beli', 'akeh', 'yo', 'untung', 'mobil', 'mburiku', 'tidak', 'nabrak', 'sumpah', 'iki', 'wes', 'bahaya', 'rek']"
trs iki diisi opo rek bensin e🙂,"['trs', 'iki', 'isi', 'opo', 'rek', 'bensin', 'e']"
"motorku juga kmaren kenaa, trs dikuras bensinnya ada banyak bagian yg bening, businya rusak juga 😭","['motor', 'kmaren', 'kenaa', 'trs', 'kuras', 'bensin', 'bening', 'busi', 'rusak']"
"jangan beli pertamina, di merr kan ada bp kalo gasalah depan superindo","['jangan', 'beli', 'pertamina', 'merr', 'bp', 'gasalah', 'superindo']"
Motor baru 7 bulan juga brebet 🥹🥹,"['motor', 'brebet']"
mangkane motor anak q koq nyandet2 ...,"['mangkane', 'motor', 'anak', 'nyandet']"
beliny kemaren sore...ko mau ngantri lagi ...,"['beliny', 'kemaren', 'soreko', 'ngantri']"
tutup aja pertamina ganti shell aja 😁,"['tutup', 'aja', 'pertamina', 'ganti', 'shell', 'aja']"
sepeda kakak ipar aku mati gabisa hidup garagara bensin,"['sepeda', 'kakak', 'ipar', 'mati', 'gabisa', 'hidup', 'garagara', 'bensin']"
Mangkane brebet pedaku padahal ngisi pertamax,"['mangkane', 'brebet', 'peda', 'ngisi', 'pertamax']"
Bayar bensin aja di oploss apalagi GRATISS HAHAHAHAHA,"['bayar', 'bensin', 'aja', 'oploss', 'gratiss', 'hahahahaha']"
"anjg gw dari beli motor smpe skrng gw urus rw rawat rutin baru isi minyak full kmaren lgsung mogok di jalan, se umur2 baru ini motor gw mogok","['anjg', 'beli', 'motor', 'smpe', 'skrng', 'urus', 'rw', 'rawat', 'rutin', 'isi', 'minyak', 'full', 'kmaren', 'lgsung', 'mogok', 'jalan', 'umur', 'motor', 'mogok']"
Motor ku legrekkk pak gara2 samean,"['motor', 'ku', 'legrekkk', 'gara', 'samean']"
motorku brebet rek😭,"['motor', 'brebet', 'rek']"
gw isi pertamax Turbo sama ajh kemarin gw bongkar ada air nya jga,"['isi', 'pertamax', 'turbo', 'kemarin', 'bongkar', 'air']"
Sudah benar beli eceran di toko madura.. asli murni ga ada oplosan😂😂 karna kliatan dari botolnya full.. tp jarang ada pertamax seringnya cm pertalite,"['beli', 'ecer', 'toko', 'madura', 'asli', 'murni', 'tidak', 'oplos', 'karna', 'kliatan', 'botol', 'full', 'jarang', 'pertamax', 'cm', 'pertalite']"
10%? Itu 30% lebih. Wahhhh,['wahhhh']
"motor saya dua,"" nya rusak gara"" campuran pertalite sama metanol tolong jgan susah kan rakyat seperti ini.","['motor', 'rusak', 'gara', 'campur', 'pertalite', 'metanol', 'tolong', 'jgan', 'susah', 'rakyat']"
"SPBU turunkan harga pertalite 4000, campur air","['spbu', 'turun', 'harga', 'pertalite', 'campur', 'air']"
"pertamina semakin byk yg di tangkap semakin gila mainnya, kami masyarakat yg korban woooooiiiiii","['pertamina', 'byk', 'tangkap', 'gila', 'main', 'masyarakat', 'korban', 'woooooiiiiii']"
"miris amat negri ini,sgtunyh cari duit😫","['miris', 'negri', 'inisgtunyh', 'cari', 'duit']"
Itu Partalite Bukan Bensin Pak😂😂😂😂,"['partalite', 'bukan', 'bensin']"
"motor kami pernah gt, habis diisi di pom ,jatak 20 meter mogok mati, dibaw akebengkel dikuras isinya separoh air","['motor', 'gt', 'habis', 'isi', 'pom', 'jatak', 'meter', 'mogok', 'mati', 'dibaw', 'akebengkel', 'kuras', 'isi', 'separoh', 'air']"
"bisa saja tangki spbu di kuras dulu , terus di ganti yg baru karna mau disidak , mana mungkin speda motor berbohong iya kan ???","['tangki', 'spbu', 'kuras', 'ganti', 'karna', 'disidak', 'speda', 'motor', 'bohong', 'iya']"
piralkan,['piralkan']
gua kira pindah ke Pertamax normal malah sama aje hdh buang buang duit doang 😂,"['gua', 'pindah', 'pertamax', 'normal', 'aje', 'hdh', 'buang', 'buang', 'duit', 'doang']"
bener nih guys motor qw jg hbis mbrebet lo pdhal brp thn pk' pertalite gak ad masalah lo ..,"['bener', 'guys', 'motor', 'qw', 'hbis', 'mbrebet', 'pdhal', 'brp', 'thn', 'pk', 'pertalite', 'tidak', 'ad']"
itu aki2 Pertamina...kita tiap hari cek...elu emang ada tiap hari di lokasi?..,"['aki', 'pertaminakita', 'cekelu', 'emang', 'lokasi']"
pantesan beli lewat botol gk boleh tkut ketauan ad air nya,"['pantesan', 'beli', 'botol', 'tidak', 'tkut', 'tau', 'ad', 'air']"
pom malang selatan juga banyak yg bikin sepeda mogok,"['pom', 'malang', 'selatan', 'sepeda', 'mogok']"
minggu² kemaren ngisi eceran yg tokonya keliatan sepi berati stok lama aman² aja.. diisi pertamax langsung motorku kemaren brebet² masih bisa jalan.. sekarang udah mati klesek.. gabisa kerja minnnnn,"['minggu', 'kemaren', 'ngisi', 'ecer', 'toko', 'liat', 'sepi', 'berat', 'stok', 'aman', 'aja', 'isi', 'pertamax', 'langsung', 'motor', 'kemaren', 'brebet', 'jalan', 'mati', 'klesek', 'gabisa', 'kerja', 'minnnnn']"
"punya saya sudah saya kuras tetep aja kalau di gas gk bisa jalan
malah injeksinya ikutan rusak 😭","['kuras', 'tetep', 'aja', 'gas', 'tidak', 'jalan', 'injeksi', 'ikut', 'rusak']"
motorku maticku Masi baru juga mogok😭😭,"['motor', 'maticku', 'mogok']"
banyak sepada mogok,"['sepada', 'mogok']"
"itu merusak mesin spd mtr , tolong tangkap orang yg mencampur etanol","['rusak', 'mesin', 'spd', 'mtr', 'tolong', 'tangkap', 'orang', 'campur', 'etanol']"
Hampir setiap SPBU di negeri konoha ini berulah,"['spbu', 'negeri', 'konoha', 'ulah']"
gara gara bensin speda brebet,"['gara', 'gara', 'bensin', 'speda', 'brebet']"
Mboh wes ruwet konoha,"['mboh', 'wes', 'ruwet', 'konoha']"
eeem alasan eceran mau di tutup jadi ini acaranya pemerintah👍👍biar gk ketauan😁😁cakeeep,"['eeem', 'alas', 'ecer', 'tutup', 'acara', 'pemerintahbiar', 'tidak', 'ketauancakeeep']"
woiii ga tauu prosedur sidakk kahh??? 🤣🤣,"['woiii', 'tidak', 'tauu', 'prosedur', 'sidakk', 'kahh']"
dan Yap gw kenak😑,"['ya', 'nak']"
bang bahas mbg collab ama prindavan,"['bang', 'bahas', 'mbg', 'collab', 'ama', 'prindavan']"
kok bisa sih rakyat masih sabar hadapi pejabat Indonesia? 🥰,"['rakyat', 'sabar', 'hadap', 'jabat', 'indonesia']"
jir sama BG mtr gua brebet,"['jir', 'bg', 'mtr', 'gua', 'brebet']"
"ini yang dulu bilang politik g ngaruh sama kehidupan sehari-hari ngumpet dimana😕liat nih kebijakan org"" dolok yg dikasih jabatan","['bilang', 'politik', 'tidak', 'ngaruh', 'hidup', 'seharihari', 'ngumpet', 'dimanaliat', 'bijak', 'org', 'dolok', 'kasih', 'jabat']"
shell aman ta rek?,"['shell', 'aman', 'ta', 'rek']"
"Podo woi Scoopy anyar kaet jpuk di isi pertalite brebet""😭tpi mboh lek Pertamax","['podo', 'woi', 'scoopy', 'anyar', 'kaet', 'jpuk', 'isi', 'pertalite', 'brebettpi', 'mboh', 'lek', 'pertamax']"
habis brp rek ke bengkel bongkar gituu,"['habis', 'brp', 'rek', 'bengkel', 'bongkar', 'gituu']"
guys kalo pakai pertamax masih aman kah??,"['guys', 'pakai', 'pertamax', 'aman', 'kah']"
periksa pom bensin nya,"['periksa', 'pom', 'bensin']"
Pertamax gini juga ga yaa,"['pertamax', 'gin', 'tidak', 'yaa']"
bang bahas museum yg kemalingan,"['bang', 'bahas', 'museum', 'maling']"
coba bahas king EVOS is backkkkkk,"['coba', 'bahas', 'king', 'evos', 'is', 'backkkkkk']"
when dunia full of korupsi,"['when', 'dunia', 'full', 'of', 'korupsi']"
"begitulah indo udah serba mahal,tapi kualitas beda jauh banget bagai langit dan bumi","['indo', 'serba', 'mahaltapi', 'kualitas', 'beda', 'banget', 'langit', 'bumi']"
kalian yg mempunyai bengkel berterimakasih lah ke bapak bahlil,"['bengkel', 'berterimakasih', 'bahlil']"
"motorku jg brebet tapi langsung aku sedot pertalite nya isi pertamax alhamdulillah aman, tapi tetep aja bahlil b nya?🥰","['motor', 'brebet', 'langsung', 'sedot', 'pertalite', 'isi', 'pertamax', 'alhamdulillah', 'aman', 'tetep', 'aja', 'bahlil', 'b']"
"gak tau nakal works apa enggak, gue cuma kepikiran aja kalau misalnya isi fulltank dulu terus bawa balik, kuras lagi bensinnya, simpen di ember, diendapin dulu biar kepisah bensin sama bahan oplosannya, habis itu pindahin lg bensinnya yg ada di atas kedalam dalam tangki. 🤔","['tidak', 'nakal', 'works', 'enggak', 'pikir', 'aja', 'isi', 'fulltank', 'bawa', 'kuras', 'bensin', 'simpen', 'ember', 'diendapin', 'pisah', 'bensin', 'bahan', 'oplos', 'habis', 'pindahin', 'lg', 'bensin', 'dalam', 'tangki']"
kang bengkel🤑,"['kang', 'bengkel']"
"motor hasil utang, masih baru, eh baru aja rusak gara"" isi pertalite😐🗿","['motor', 'hasil', 'utang', 'eh', 'aja', 'rusak', 'gara', 'isi', 'pertalite']"
bersabar ye saudar2 ku di indo.. salam dari Malaysian 😁,"['sabar', 'ye', 'saudar', 'ku', 'indo', 'salam', 'malaysian']"
saham bengkel 📈📈📈📈,"['saham', 'bengkel']"
hati² jendral🗿🗿🗿,"['hati', 'jendral']"
pantesan motor bapak gw suka mati dijalan🗿,"['pantesan', 'motor', 'suka', 'mati', 'jalan']"
aduh kakak kelas ku lagi pkl... apakah dia sibuk?,"['aduh', 'kakak', 'kelas', 'ku', 'pkl', 'sibuk']"
tukang bengkel laris manis😅,"['tukang', 'bengkel', 'laris', 'manis']"
pertamina sby mana nih 🤭,"['pertamina', 'sby']"
aku scoppy sedari beli pertamax trs🥰,"['scoppy', 'dar', 'beli', 'pertamax', 'trs']"
podoo mbak beat street ku yo kenek. jancok i bahlil,"['podoo', 'mbak', 'beat', 'street', 'ku', 'yo', 'kenek', 'jancok', 'i', 'bahlil']"
"aku yo dadi gaisok pp, beatku tiba"" gabisa nyala😭","['yo', 'dadi', 'gaisok', 'pp', 'beatku', 'gabisa', 'nyala']"
piye..mosok iseh Arep mileh Bahlil dan partaine maneh.,"['piyemosok', 'iseh', 'arep', 'mileh', 'bahlil', 'partaine', 'maneh']"
Erin mesti spek pembalap iso nyurong soale step motor😭🤣,"['erin', 'mesti', 'spek', 'balap', 'iso', 'nyurong', 'soale', 'step', 'motor']"
podo mbk motor q brebet 2 hari ini,"['podo', 'mbk', 'motor', 'brebet']"
"terus maksute e opo Pertamina ,terus lak koyok ngene seng gae susah opo n kok g onok tindakan opo2 rasane adem ayem ae
enak seng Pertamina tetep kipas2 duit lha kita2 ini terus2 susah","['maksute', 'e', 'opo', 'pertamina', 'lak', 'koyok', 'ngene', 'seng', 'gae', 'susah', 'opo', 'n', 'tidak', 'onok', 'tindak', 'opo', 'rasane', 'adem', 'ayem', 'ae', 'enak', 'seng', 'pertamina', 'tetep', 'kipas', 'duit', 'lha', 'susah']"
Motor q juga baru keluar bengkel kak🥺🥺🥺,"['motor', 'bengkel', 'kak']"
cara memisahkan etanol dari pertalite,"['pisah', 'etanol', 'pertalite']"
"wah mbak, isi turbo dulu aj mbak.
punya saya beat 2024, pake pertalite gak enak, pakai pertamax masih gak enak. pakai turbo baru enak mbak","['mbak', 'isi', 'turbo', 'aj', 'mbak', 'beat', 'pake', 'pertalite', 'tidak', 'enak', 'pakai', 'pertamax', 'tidak', 'enak', 'pakai', 'turbo', 'enak', 'mbak']"
wees mbuh pertamina....katanya rugi terus tapi kita tuku bayar cash...malah pordak eee dioplos wesss mbuh negoro iki....pak prabowo piye mentrine iki esdm,"['wees', 'mbuh', 'pertaminakatanya', 'rugi', 'tuku', 'bayar', 'cashmalah', 'pordak', 'eee', 'oplos', 'wesss', 'mbuh', 'negoro', 'ikipak', 'prabowo', 'piye', 'mentrine', 'iki', 'esdm']"
ingat kata manusia klereng. minta pertanggung jawaban ke Pertamina kak🗿,"['manusia', 'klereng', 'tanggung', 'pertamina', 'kak']"
"Duhh akuu gaene pom mobil tapi aman"" sehh semoga aman sak terusa","['duhh', 'akuu', 'gaene', 'pom', 'mobil', 'aman', 'sehh', 'moga', 'aman', 'sak', 'rusa']"
mba podo wes 2 dino mslhe gae budal moleh kerjo😭,"['mba', 'podo', 'wes', 'dino', 'mslhe', 'gae', 'budal', 'moleh', 'kerjo']"
saatnya shell memperbanyak cabang😭,"['shell', 'banyak', 'cabang']"
"lebih baik beli seblak .
dari pada ganti oli .
😂😂😂 OPO sehh","['beli', 'seblak', 'ganti', 'oli', 'opo', 'sehh']"
sepeda e ayah ku yo gawe pertamax tapi tetep macet😂,"['sepeda', 'e', 'ayah', 'ku', 'yo', 'gawe', 'pertamax', 'tetep', 'macet']"
Monggo pihak terkait terutama Pertamina untuk menanggapi keluhan masyarakat terkait pertalite ....,"['monggo', 'kait', 'pertamina', 'tanggap', 'keluh', 'masyarakat', 'kait', 'pertalite']"
mending shell aja,"['mending', 'shell', 'aja']"
"Fazzio ku juga kebetulan diisi pertalite sama ibuk kemarin.. malah brebet bet😭😭😭, duhkah 😭","['fazzio', 'ku', 'isi', 'pertalite', 'ibuk', 'kemarin', 'brebet', 'bet', 'duh']"
"aku Iyo mbak moleh kerjo tuku pertalite lah kok brebet bsk e moleh kerjo tak tukuno Pertamax astaghfirullah tambah mati gaiso dstater gaes, nuntun teko pom tekan omah adoh kesel moleh kerjo. 2 hari Iki aku gojek Karo ngebis trus kerjo e , sepeda motor melbu bengkel jare rusak busi e smpek an","['iyo', 'mbak', 'moleh', 'kerjo', 'tuku', 'pertalite', 'brebet', 'besok', 'e', 'moleh', 'kerjo', 'tukuno', 'pertamax', 'astaghfirullah', 'mati', 'gaiso', 'dstater', 'gaes', 'nuntun', 'teko', 'pom', 'tekan', 'omah', 'adoh', 'kesel', 'moleh', 'kerjo', 'iki', 'gojek', 'karo', 'ngebis', 'trus', 'kerjo', 'e', 'sepeda', 'motor', 'melbu', 'bengkel', 'jare', 'rusak', 'busi', 'e', 'smpek', 'an']"
"Scoopy q Yo dadi korbane pertalite, ngisi pertalite 20rb kenek servis 200rb","['scoopy', 'yo', 'dadi', 'korbane', 'pertalite', 'ngisi', 'pertalite', 'rb', 'kenek', 'servis', 'rb']"
Samaa kak motorku juga hbs di isi pertalite brebet² trs akhirnya ganti ke Pertamax membaik huhu😭,"['samaa', 'kak', 'motor', 'hbs', 'isi', 'pertalite', 'brebet', 'trs', 'ganti', 'pertamax', 'baik', 'huhu']"
"untung di deket rumahku pom MOBIL masih beroprasi, jd gk ke pertmn 😭","['untung', 'deket', 'rumah', 'pom', 'mobil', 'beroprasi', 'tidak', 'pertmn']"
nek aq gawe pertamax yo gak cocok polane sepeda q bertenaga karbu tak setel yo enak,"['nek', 'gawe', 'pertamax', 'yo', 'tidak', 'cocok', 'polane', 'sepeda', 'tenaga', 'karbu', 'setel', 'yo', 'enak']"
Betull sama bgtt beatbstreet 2025 yo mbrebet,"['betull', 'bgtt', 'beatbstreet', 'yo', 'mbrebet']"
"Drpd Pertamina gaji komisaris miliaran gk ada guna, lbhbaik buat ganti perbaikan motor yg rusak ini krn bbm nya","['drpd', 'pertamina', 'gaji', 'komisaris', 'miliar', 'tidak', 'lbhbaik', 'ganti', 'baik', 'motor', 'rusak', 'krn', 'bbm']"
tangki ku berkarat gtu kenapa ya😭masak bensin nya atau kemasukan air ya,"['tangki', 'ku', 'karat', 'gtu', 'yamasak', 'bensin', 'masuk', 'air', 'ya']"
BAHLIL B NYA APAA?,"['bahlil', 'b', 'apaa']"
pantesan motor baru sekarang tidak bisa bertahan lama dan cepat rusak rupanya ini penyebabnya,"['pantesan', 'motor', 'tidak', 'tahan', 'cepat', 'rusak', 'sebab']"
pasuruan brebet jga pak😭,"['pasuruan', 'brebet']"
Bahlil lihat tuh bikin tambah susah rakyat Paham g,"['bahlil', 'lihat', 'tuh', 'susah', 'rakyat', 'paham', 'tidak']"
banyak sekarang solar campur air.. mobil teman kena juga,"['solar', 'campur', 'air', 'mobil', 'teman', 'kena']"
bapak prabowo masih tidur kalau udah viral baru bangun...,"['prabowo', 'tidur', 'viral', 'bangun']"
pantesan motor masyarakat banyak yang rusak,"['pantesan', 'motor', 'masyarakat', 'rusak']"
copot mentrinya anakku jg mogok motornya😭😭😭,"['copot', 'tri', 'anak', 'mogok', 'motor']"
pantas aja motor rusak bagian injesi trusd,"['aja', 'motor', 'rusak', 'injesi', 'trusd']"
"Itu masih mending,kadang airnya dicampur pewarna","['mendingkadang', 'air', 'campur', 'warna']"
tp kata gus iqdam Bahlil itu orang baik 🗿,"['gus', 'iqdam', 'bahlil', 'orang']"
"motorku kemarin brebet, habis itu tangkinya dibersihin sama tukang bengkelnya, sekarang aman aja ☺","['motor', 'kemarin', 'brebet', 'habis', 'tangki', 'dibersihin', 'tukang', 'bengkel', 'aman', 'aja']"
pertalit bikin motor brebet sekarang,"['pertalit', 'motor', 'brebet']"
"udh byk korban, gaknusah ngelak lg","['byk', 'korban', 'gaknusah', 'ngelak', 'lg']"
pantas motor banyak yg rusak bengkel pada banjir rizki,"['motor', 'rusak', 'bengkel', 'banjir', 'rizki']"
di wilayah Tuban Bojonegoro lamongn sama pak..bnyk sepdh motor PD rusak bekebet HBS di isi bensin,"['wilayah', 'tuban', 'bojonegoro', 'lamongn', 'pakbnyk', 'sepdh', 'motor', 'pd', 'rusak', 'bekebet', 'hbs', 'isi', 'bensin']"
Pertamax malah antri sekarang,"['pertamax', 'antri']"
beneran di daerah Gresik sudah banyak motor yg brebet atau mogok setelah isi pertalite,"['beneran', 'daerah', 'gresik', 'motor', 'brebet', 'mogok', 'isi', 'pertalite']"
gara2 pertalit sepeda saya juga brebet pak,"['gara', 'pertalit', 'sepeda', 'brebet']"
gak ditindak tegas ya jd berulang trs kejadian spt ini. tugas intelejen itu ngapain aja sih ya?😅,"['tidak', 'tindak', 'ya', 'ulang', 'trs', 'jadi', 'spt', 'tugas', 'intelejen', 'ngapain', 'aja', 'ya']"
"pantesan motor saya hbs d servis lancar trs lanjut stlh 4 hr isi bensin di eceran masih aman, lnjut lg 4 hr berikutnya isi d pom jd brebet2 😭","['pantesan', 'motor', 'hbs', 'servis', 'lancar', 'trs', 'stlh', 'hr', 'isi', 'bensin', 'ecer', 'aman', 'lnjut', 'lg', 'hr', 'isi', 'pom', 'brebet']"
tetep yg jadi korban rakyat kecil....kasihan yg jdi korban.apa gk takut kualat yach?? 🙈🤦‍♀,"['tetep', 'korban', 'rakyat', 'kecilkasihan', 'korbanapa', 'tidak', 'takut', 'kualat', 'yach']"
Pertamina jauh banget tertinggal dari petronas 😌,"['pertamina', 'banget', 'tinggal', 'petronas']"
etanol kah campurannya,"['etanol', 'kah', 'campur']"
copot aja tuh si bahlil nyusahin kita.. rusak woy mobill,"['copot', 'aja', 'tuh', 'si', 'bahlil', 'nyusahin', 'rusak', 'woy', 'mobill']"
bener banget pak spdaku langsung mati,"['bener', 'banget', 'spdaku', 'langsung', 'mati']"
sama yg ada Mayjend sungkono o,"['mayjend', 'sungkono', 'o']"
kereta ku mogok karena dicampur etanol,"['kereta', 'ku', 'mogok', 'campur', 'etanol']"
motor brebet anjj di kasih etanol,"['motor', 'brebet', 'anjj', 'kasih', 'etanol']"
"bahenol, bahlil etanol","['bahenol', 'bahlil', 'etanol']"
"etanol boleh, kita boleh belajar dengan barat, tapi harus bisa terurai dengan premium, kalo pisah gini bosa jadi masalah serus🥲","['etanol', 'ajar', 'barat', 'urai', 'premium', 'pisah', 'gin', 'bosa', 'serus']"
itulah kecurangan Pertamina,"['curang', 'pertamina']"
plesss cepet tindak lanjutkan pertamina sampe” sepeda ku rusak i benerin nya jg ga murah dan kasihan juga para ojek online atau bentor(becak montor )dan para pemilik motor yang harus benerin sepeda nya karna ulah kalian iya kalo mereka punya uang buat benerin kalo ngga sepeda itu penting buat kami yg tidak memiliki kendaraan lain kecuali montor apalagi seperti ojek online mereka mencari nafkah dan pekerja” yang mau berangkat kerjaa juga kasihan banya di pinggir jalan yg sepeda nya brebet ini sudah sangat sangat fatall segera di usut!!!,"['plesss', 'cepet', 'tindak', 'lanjut', 'pertamina', 'sampe', 'sepeda', 'ku', 'rusak', 'i', 'benerin', 'tidak', 'murah', 'kasihan', 'ojek', 'online', 'bentorbecak', 'montor', 'milik', 'motor', 'benerin', 'sepeda', 'karna', 'ulah', 'iya', 'uang', 'benerin', 'tidak', 'sepeda', 'tidak', 'milik', 'kendara', 'kecuali', 'montor', 'ojek', 'online', 'cari', 'nafkah', 'kerja', 'berangkat', 'kerjaa', 'kasihan', 'banya', 'pinggir', 'jalan', 'sepeda', 'brebet', 'fatall', 'usut']"
Gara” Si Bahlil Motor Gua Brebet,"['gara', 'si', 'bahlil', 'motor', 'gua', 'brebet']"
"aku pertamax gpp iki, lek pertalite ancen iyo tak bener no tapi lek pertamax gag iki","['pertamax', 'tidak', 'iki', 'lek', 'pertalite', 'ancen', 'iyo', 'bener', 'no', 'lek', 'pertamax', 'gag', 'iki']"
"pengalamanku Semarang.
beat street 2024.
2 minggu ini brebet KLo gas kecil pas jln macet ndut²an. KLo gas gede aman.
boros 2l=56km jemput anak.","['alam', 'semarang', 'beat', 'street', 'minggu', 'brebet', 'gas', 'pas', 'jln', 'macet', 'ndut an', 'gas', 'gede', 'aman', 'boros', 'lkm', 'jemput', 'anak']"
lha seng gk dioplos Iki opo terusan reekkk??? pertalite Pertamax Podo ae,"['lha', 'seng', 'tidak', 'oplos', 'iki', 'opo', 'terus', 'reekkk', 'pertalite', 'pertamax', 'podo', 'ae']"
"yg dorong dari kanan kakak
kaki kiri dorong ujung knalpot","['dorong', 'kanan', 'kakak', 'kaki', 'kiri', 'dorong', 'ujung', 'knalpot']"
keren banget temennya bs kayak gt 😭😭😭😭👍👍👍👍 pertahankan pertemanan kalian,"['keren', 'banget', 'temennya', 'kayak', 'gt', 'tahan', 'teman']"
jadi ini harus Alhamdulillah atau astaghfirullah 🗿🗿,"['alhamdulillah', 'astaghfirullah']"
GUWA KORBANNYA,"['guwa', 'korban']"
rejeki kang bengkel,"['rejeki', 'kang', 'bengkel']"
bang bahas Atlas 3i yang katanya kapal lord boros 🤝 🗿,"['bang', 'bahas', 'atlas', 'i', 'kapal', 'lord', 'boros']"
"katanya, kalau mengalami kendala tersebut. Pertamina akan tanggung jawab, sumber dari pak Bahlil 🗿. Ntah itu jga valid apa ngga, seliweran di tiktok.","['alami', 'kendala', 'pertamina', 'tanggung', 'sumber', 'bahlil', 'ntah', 'valid', 'ngga', 'seliwer', 'tiktok']"
tukang bengkel tersenyum iki langsung rame🤣,"['tukang', 'bengkel', 'senyum', 'iki', 'langsung', 'rame']"
"kata Bahlil di ganti Motor yg rusak yuk
kita Tagih karna yg gitu gak satu dua Gaas","['bahlil', 'ganti', 'motor', 'rusak', 'yuk', 'tagih', 'karna', 'gitu', 'tidak', 'gaas']"
Pertamina kiro kiro iso di klaim kerusakan terhadap customer sak endonesa ta gak yooo?😂,"['pertamina', 'kiro', 'kiro', 'iso', 'klaim', 'rusa', 'customer', 'sak', 'endonesa', 'ta', 'tidak', 'yooo']"
aku pake astrea juga ihhhh😭😭😭,"['pake', 'astrea', 'ihhhh']"
"berdampak hanya pada motor matic yg full injection, kalau yg karbu aman","['dampak', 'motor', 'matic', 'full', 'injection', 'karbu', 'aman']"
"sing neng kabupaten piye iki, enek e muk pertamina😭😩","['sing', 'neng', 'kabupaten', 'piye', 'iki', 'enek', 'e', 'muk', 'pertamina']"
Pertamax neng varioku ngeden jir🤣,"['pertamax', 'neng', 'varioku', 'ngeden', 'jir']"
tag bahlill rekkk,"['tag', 'bahlill', 'rekkk']"
"kakk sadar ndak pasti pertalit nasibnya kayk premium, jdi bisa aja diilangkan loh agar kita pake pertamx semua, klo ndk gt pertmax nntik di opls sma pertalitr kak (dengan nada dering)","['kakk', 'sadar', 'tidak', 'pertalit', 'nasib', 'kayk', 'premium', 'aja', 'diilangkan', 'loh', 'pake', 'pertamx', 'ndk', 'gt', 'pertmax', 'nntik', 'opls', 'sma', 'pertalitr', 'kak', 'nada', 'dering']"
Samaaa mbkk sampe ganti filter bensin sama sensor gas ttp macet”,"['samaaa', 'mbkk', 'sampe', 'ganti', 'filter', 'bensin', 'sensor', 'gas', 'ttp', 'macet']"
"mbak kalau beli yg di SPBU Coco dengan kode depannya 51 , itu kalau pembelian disana ada case seperti ini nnti bisa di bantu bawa ke bengkel mbk . bawa bukti pembayaran/pembelinya biar bisa di claim.","['mbak', 'beli', 'spbu', 'coco', 'kode', 'depan', 'beli', 'sana', 'case', 'nnti', 'bantu', 'bawa', 'bengkel', 'mbk', 'bawa', 'bukti', 'pembayaranpembelinya', 'claim']"
pedahku Suzuki nex selalu aq isi pertamax Alhamdulillah sek aman cuman tarikan kek berat gitu skr ga kek pertamax jaman dulu,"['dah', 'suzuki', 'nex', 'isi', 'pertamax', 'alhamdulillah', 'sek', 'aman', 'cuman', 'tari', 'kek', 'berat', 'gitu', 'skr', 'tidak', 'kek', 'pertamax', 'jaman']"
iyo pek motorku yo brebettt anjerrrr ngisi ng pom darjo pdhal,"['iyo', 'pek', 'motor', 'yo', 'brebettt', 'anjerrrr', 'ngisi', 'ng', 'pom', 'darjo', 'pdhal']"
IHH MOTORKU JUGA BREBETT TAUUUU😭,"['ihh', 'motor', 'brebett', 'tauuuu']"
"kakk sama di motorku beat, ceritanya kmrin sblm dipinjem orang bensinku full tak beliin pertalite mesinnya enak klo di gas, pas dipinjem sm bapak² buat ke rs dibeliin full sm dia lah kok mesinnya tak pake kyk berat bgt dan mogok😭","['kakk', 'motor', 'beat', 'cerita', 'kmrin', 'sblm', 'dipinjem', 'orang', 'bensin', 'full', 'beliin', 'pertalite', 'mesin', 'enak', 'gas', 'pas', 'dipinjem', 'sm', 'bapak', 'rs', 'dibeliin', 'full', 'sm', 'mesin', 'pake', 'kyk', 'berat', 'mogok']"
Surabaya byk pilihan pom bensin swasta kak. Aku yg di daerah lbh milih ngisi di mobil indostation krn yg swasta adanya itu. Udh gk percaya sm pertamina 😊,"['surabaya', 'byk', 'pilih', 'pom', 'bensin', 'swasta', 'kak', 'daerah', 'lbh', 'milih', 'ngisi', 'mobil', 'indostation', 'krn', 'swasta', 'tidak', 'percaya', 'sm', 'pertamina']"
pertamax jg kena,"['pertamax', 'kena']"
Pertamax jg sama aja bang,"['pertamax', 'aja', 'bang']"
"Motor beat aku jga kenak, capek bolak balek ke bengkel bagus sebentar tu brevet lagi😭","['motor', 'beat', 'nak', 'capek', 'bolak', 'balek', 'bengkel', 'bagus', 'sebentar', 'tu', 'brevet']"
saham bengkel full margin🤩🤩🤩📈📈📈💸💸💸💸,"['saham', 'bengkel', 'full', 'margin']"
iya motor ku d gas senin jalannya kamis😭,"['iya', 'motor', 'ku', 'gas', 'senin', 'jalan', 'kamis']"
di samarinda sudah,['samarinda']
ya allah motorku udah mau kena kayaknya 🗿,"['ya', 'allah', 'motor', 'kena', 'kayak']"
sama barusan aku ngalamin 😭😭,"['barusan', 'ngalamin']"
"tar w mw isi bensin dr luar az, klo udh ada sekarang pake motor listrik dlu az","['tar', 'isi', 'bensin', 'az', 'pake', 'motor', 'listrik', 'dlu', 'az']"
Motor kuuu isi pertamax juga gituu😫,"['motor', 'kuuu', 'isi', 'pertamax', 'gituu']"
info klok ga di Pertamina dimna lagi jual bensin,"['info', 'klok', 'tidak', 'pertamina', 'dimna', 'jual', 'bensin']"
Aku juga brebet di kalsel banyak juga bukan aku aja,"['brebet', 'kalsel', 'bukan', 'aja']"
"yang saya heran kenapa kejadian seperti ini ada di jawa saja,kita tingal di pelosok jarang kejadian seperti ini,","['heran', 'jadi', 'jawa', 'sajakita', 'tingal', 'pelosok', 'jarang', 'jadi']"
seneng yang punya bengkel 😂,"['neng', 'bengkel']"
Gw jg gt anj emng,"['gt', 'anj', 'emng']"
Banjarmasin juga oy,"['banjarmasin', 'oy']"
"saya sudah d batas ke bengkel 3x dan lapor SPBU tp SPBU-nya ada aja sanggahan nya. kl bilang mesin bermasalah masak iyaa barengan jama'ah gini,, hadehhh .. meskipun SPBU bilangnya udah di sidak dan mereka aman, tp loo buktiinya ancuurrr","['batas', 'bengkel', 'x', 'lapor', 'spbu', 'spbunya', 'aja', 'sanggah', 'kl', 'bilang', 'mesin', 'masalah', 'masak', 'iya', 'bareng', 'jamaah', 'gin', 'hadehhh', 'spbu', 'bilang', 'sidak', 'aman', 'loo', 'bukti', 'ancuurrr']"
Minta ganti rugiii 😭,"['ganti', 'rugiii']"
"BKN cuma pertalite, motor ku HBS di isi Pertamax langsung brebet mogok","['bkn', 'pertalite', 'motor', 'ku', 'hbs', 'isi', 'pertamax', 'langsung', 'brebet', 'mogok']"
gw isi pertamax mogok kena busi ama rotak ganti,"['isi', 'pertamax', 'mogok', 'kena', 'busi', 'ama', 'rotak', 'ganti']"
korban 3 motor,"['korban', 'motor']"
Di kalimantan juga kak😭😭,"['kalimantan', 'kak']"
aku kena bangg,"['kena', 'bangg']"
"Motorku juga kak, padahal di jateng. Astaga dzalim sekali ni pemerintah","['motor', 'kak', 'jateng', 'astaga', 'dzalim', 'ni', 'perintah']"
waduh aq setiap hari isi bbm di jln rajawali mangknya motor ku sering mogok anjirrr,"['isi', 'bbm', 'jln', 'rajawali', 'mangknya', 'motor', 'ku', 'mogok', 'anjirrr']"
"bene cirebon juga gtu kek nya,, gue abis isi bensin brebet","['bene', 'cirebon', 'gtu', 'kek', 'abis', 'isi', 'bensin', 'brebet']"
yang penting gw untung 🤫🤫,['untung']
wes meraja lela. mogok pedahku,"['wes', 'raja', 'lela', 'mogok', 'dah']"
cuur pantesan beat ku berbet ga mari2,"['cuur', 'pantesan', 'beat', 'ku', 'bet', 'tidak', 'mari']"
pantes sering mogok motor gue asuuuh pertamina goblok 🤬😡😡,"['pantes', 'mogok', 'motor', 'asuuuh', 'pertamina', 'goblok']"
"motorku juga sering tiba""pas di gas kyak mau mati","['motor', 'tibapas', 'gas', 'kyak', 'mati']"
Bahlil makin ganteng aja,"['bahlil', 'ganteng', 'aja']"
AQ juga beli Pertamax di pom perak juga gitu pak ada airnya,"['beli', 'pertamax', 'pom', 'perak', 'gitu', 'air']"
bahlull...bahlull🤣,['bahlullbahlull']
DIREMBANG juga udah dioplos pak banyak kendaraan yang bobrok,"['rembang', 'oplos', 'kendara', 'bobrok']"
"oo baru nyadar, brrti selama ini beli bensin dipom besar tidak boleh menggunakan botol ternyata takut ketauan 🤭","['oo', 'nyadar', 'brrti', 'beli', 'bensin', 'dipom', 'tidak', 'botol', 'takut', 'tau']"
kenya hampir merata. motor jadi berebett.,"['kenya', 'rata', 'motor', 'berebett']"
bukti sudah ada masih ngelak aja itu org Pertamina !,"['bukti', 'ngelak', 'aja', 'orang', 'pertamina']"
Motor ku ngadet2 klw jalan,"['motor', 'ku', 'ngadet', 'jalan']"
ini gada pertanggungjawabann kahhh atas motor yang brebet atau ada yang katanya sampe turun mesinn? minimal dri spbu dalam waktu tertentu turun harga kek atau gimana gitu sebagai bentuk ganti rugii,"['gada', 'pertanggungjawabann', 'kahhh', 'motor', 'brebet', 'sampe', 'turun', 'mesinn', 'minimal', 'dri', 'spbu', 'turun', 'harga', 'kek', 'gimana', 'gitu', 'bentuk', 'ganti', 'rugi']"
gawe brebet,"['gawe', 'brebet']"
mending beli shell 🙏,"['mending', 'beli', 'shell']"
"pemerintah
nyenengin rakyat ×
nyusahin rakyat √","['perintah', 'nyenengin', 'rakyat', 'nyusahin', 'rakyat']"
tangkap bahlul,"['tangkap', 'bahlul']"
Ini smua permainan orang atas agar pertamax lakuu kerass,"['smua', 'main', 'orang', 'pertamax', 'lakuu', 'kerass']"
Pasuruan. Cek😭,"['pasuruan', 'cek']"
cung yg karbu nya bocor gegara etanol,"['cung', 'karbu', 'bocor', 'gegara', 'etanol']"
"Mau Pindah Ke Shell, Tapi Shell Di Medan Udah Ditutup Semua🙃","['pindah', 'shell', 'shell', 'medan', 'tutup']"
pedahku brebett cuokkk,"['dah', 'brebett', 'cuokkk']"
cokkk gara gara bahel pedah mogok cokkkk,"['cokkk', 'gara', 'gara', 'bahel', 'dah', 'mogok', 'cokkkk']"
makanya GK boleh beli pake jerigen biar GK ketahuan kelakuannyaa👍,"['tidak', 'beli', 'pake', 'jerigen', 'tidak', 'tahu', 'kelakuannyaa']"
plis demo ke pertamina saja. karyawan spbu hanya menjalankan tugas kerja.,"['plis', 'demo', 'pertamina', 'karyawan', 'spbu', 'jalan', 'tugas', 'kerja']"
Pasuruan mengeluh di bensin sepeda brebet....,"['pasuruan', 'keluh', 'bensin', 'sepeda', 'brebet']"
turunkan Bahlil!!,"['turun', 'bahlil']"
bahenol ( bahlil ethanol ),"['bahenol', 'bahlil', 'ethanol']"
"mau demo pun masyarakat sibuk sama kerjaan masing-masing, sedih euy ga ada yg wakilin buat nuntut pertamina😭😭😭","['demo', 'masyarakat', 'sibuk', 'kerja', 'masingmasing', 'sedih', 'euy', 'tidak', 'wakilin', 'nuntut', 'pertamina']"
duar,['duar']
bisa jdi didaerah situ kali,"['daerah', 'situ', 'kali']"
"wis monopoli
korupsi","['wis', 'monopoli', 'korupsi']"
pantes motor gw kerasa kek gitu akhir2 ini... ternyata gara2 si lil lil,"['pantes', 'motor', 'rasa', 'kek', 'gitu', 'gara', 'si', 'lil', 'lil']"
ini sebenarnya akal akalan buat pindah pertamax ga si wkwkk,"['akal', 'akal', 'pindah', 'pertamax', 'tidak', 'si', 'wkwkk']"
berita nya Pertamina ngecek aman tp fakta nya banyak yg ke bengkel,"['berita', 'pertamina', 'ngecek', 'aman', 'fakta', 'bengkel']"
Pertamina mana mau tanggung jawab?,"['pertamina', 'tanggung']"
iya bener motor gue ngadat ngadatan,"['iya', 'bener', 'motor', 'ngadat', 'ngadatan']"
gw juga pernh gini anjr😭,"['pernh', 'gin', 'anjr']"
itu game pause itumah🥰,"['game', 'pause', 'itumah']"
mobil indostation bagus gak gaes?,"['mobil', 'indostation', 'bagus', 'tidak', 'gaes']"
"lah kemarin pertamax sekarang pertalite, trus mau diisi apa?","['kemarin', 'pertamax', 'pertalite', 'trus', 'isi']"
"pantesan motor gw brebet"" juga","['pantesan', 'motor', 'brebet']"
Bahan bakar gak berkualitas padahal harga mahal ANJ,"['bahan', 'bakar', 'tidak', 'kualitas', 'harga', 'mahal', 'anj']"
KNP BARU SEKARANG RUSAKNYA HADEH 🥲,"['rusak', 'hadeh']"
skrg uda ksni bang,"['skrg', 'uda', 'ksni', 'bang']"
"berarti kmrn2 pas buatku mbrebet yov mergo iki. soale analisis bengkel kemasukan air, sampe turun mesin. ganti sembarang kalir meh 1jt","['kmrn', 'pas', 'buat', 'mbrebet', 'yov', 'mergo', 'iki', 'soale', 'analisis', 'bengkel', 'masuk', 'air', 'sampe', 'turun', 'mesin', 'ganti', 'sembarang', 'kalir', 'meh', 'jt']"
"YLKI tolongin dong,..","['ylki', 'tolongin']"
ancen bahlik mbak gawe ontran ontran😭,"['ancen', 'bahlik', 'mbak', 'gawe', 'ontran', 'ontran']"
podo mbke aq spda 2 brebet kbh,"['podo', 'mbke', 'spda', 'brebet', 'kbh']"
opo hubungan bbm dengan mesin kotor. jaka sembung nggak bawa golok.,"['opo', 'hubung', 'bbm', 'mesin', 'kotor', 'jaka', 'sembung', 'tidak', 'bawa', 'golok']"
"matic injek pasti mumet ,beat q juga rompal gara2 pertalite kak","['matic', 'injek', 'mumet', 'beat', 'rompal', 'gara', 'pertalite', 'kak']"
tangerang aman.....,"['tangerang', 'aman']"
kok saya lihat² yang penuh masalah itu sepeda matic honda ya,"['lihat', 'penuh', 'sepeda', 'matic', 'honda', 'ya']"
sama kak... duit habis buat benerin motor mulu trnyata problem nya di bensin🥺,"['kak', 'duit', 'habis', 'benerin', 'motor', 'mulu', 'trnyata', 'problem', 'bensin']"
lek tuku njalok nota,"['lek', 'tuku', 'njalok', 'nota']"
sama kaya aku motor baru ku udah brebet 2 ternyata ga nisa pakai pertalite karena ada campuran etanol bisa merusak mesin sekarang terpaksa pakai pertamax,"['kaya', 'motor', 'ku', 'brebet', 'tidak', 'nisa', 'pakai', 'pertalite', 'campur', 'etanol', 'rusak', 'mesin', 'paksa', 'pakai', 'pertamax']"
Iki masalah Pertamina opo Honda asline 😂,"['iki', 'pertamina', 'opo', 'honda', 'asline']"
dari SBY Madura..SM SM brebet KK... meskipun diservis SM di ganti gusi nya tetep aja brebet KK.. sampai sampai G bisa kerja,"['sby', 'madurasm', 'sm', 'brebet', 'kk', 'servis', 'sm', 'ganti', 'gusi', 'tetep', 'aja', 'brebet', 'kk', 'tidak', 'kerja']"
temenku sendiri kena anjir abis 600 rb,"['temenku', 'kena', 'anjir', 'abis', 'rb']"
tuku pom mobil ae lek onk tapi,"['tuku', 'pom', 'mobil', 'ae', 'lek', 'onk']"
damn,['damn']
Aku setahun ini udh pindah ke pom biru 😁,"['tahun', 'pindah', 'pom', 'biru']"
semoga lancar kuliahnya...ntar kalau udah punya jabatan jangan punya keputusan yang nyusahin orang juga ya kak🙏😁,"['moga', 'lancar', 'kuliahnyantar', 'jabat', 'jangan', 'putus', 'nyusahin', 'orang', 'ya', 'kak']"
"bener asli sama yg saya juga, kirain motor saya doang yg bermasalah ternyata pas buka tiktok taunya banyak juga yg ngalamin yg sama","['bener', 'asli', 'kirain', 'motor', 'doang', 'masalah', 'pas', 'buka', 'tiktok', 'tau', 'ngalamin']"
"mesakke rek, yoopo pak bahenol?? bantu dorong gelem ta?","['mesakke', 'rek', 'yoopo', 'bahenol', 'bantu', 'dorong', 'gelem', 'ta']"
"nanti barang bukti berupa kilang minyak, apakah akan terbakar lagi","['barang', 'bukti', 'kilang', 'minyak', 'bakar']"
spd motor diisi pertalite brebet bawa bengkel lalu ganti pertamax malah mati nyala mati nyala gitu terus,"['spd', 'motor', 'isi', 'pertalite', 'brebet', 'bawa', 'bengkel', 'ganti', 'pertamax', 'mati', 'nyala', 'mati', 'nyala', 'gitu']"
mbakkk pedaku mari servis 200k,"['mbakkk', 'peda', 'mari', 'servis']"
pindah Indomobil ae mbak👍,"['pindah', 'indomobil', 'ae', 'mbak']"
kena apa kok mesti motor MERK ............... ini ya aaaa🙏🙏🙏🙏🙏,"['kena', 'mesti', 'motor', 'merk', 'ya', 'aaaa']"
udh pling bener isi di mobil,"['pling', 'bener', 'isi', 'mobil']"
"jadi gini yg dimaksud membuka lapangan kerjaan
dibengkel","['gin', 'buka', 'lapang', 'kerja', 'bengkel']"
asli euy dekah kmren brebet di kuras tangki isinya smaaa😂,"['asli', 'euy', 'dekah', 'kmren', 'brebet', 'kuras', 'tangki', 'isi', 'smaaa']"
tangki kilang minyaknya bocorkah kemasukan air,"['tangki', 'kilang', 'minyak', 'bocor', 'masuk', 'air']"
asli sampai kena 700,"['asli', 'kena']"
sama pertamax wehh,"['pertamax', 'wehh']"
"memang beli di mana
di SPBU apa bensin eceran","['beli', 'spbu', 'bensin', 'ecer']"
motorku jugaa ihh pernah pas ujan deres pulang sekolah tiba² mati 😭😭,"['motor', 'jugaa', 'ihh', 'pas', 'ujan', 'deres', 'pulang', 'sekolah', 'tiba', 'mati']"
"pertalite di hujat
rakyat rugi
tukang bengkel Untung","['pertalite', 'hujat', 'rakyat', 'rugi', 'tukang', 'bengkel', 'untung']"
PERTAMAX MALAH GAK GLM MLAKU BLASSSSSSSS GAS E,"['pertamax', 'tidak', 'glm', 'mlaku', 'blassssssss', 'gas', 'e']"
Kalimantan juga kena 😭😭😭,"['kalimantan', 'kena']"
lah gua kira motor gua doang😭,"['gua', 'motor', 'gua', 'doang']"
"fyp nya telat, motor ku udah masuk bengkel kemarin 😭😭😭","['fyp', 'telat', 'motor', 'ku', 'masuk', 'bengkel', 'kemarin']"
"motorku brebet gitu juga, tapi udah lama, apakah opolosan didaerahku udh dluan dr dlu sblm viral, atau ada kendala lain ya😭","['motor', 'brebet', 'gitu', 'opolosan', 'daerah', 'dluan', 'dlu', 'sblm', 'viral', 'kendala', 'ya']"
MENDING GRUDUK AJA RUMAJ SI BAHLUL GBLK,"['mending', 'gruduk', 'aja', 'rumaj', 'si', 'bahlul', 'gblk']"
Di kalsel juga bang😳,"['kalsel', 'bang']"
udh lite masih dioplos malah melebih tiktok lite,"['lite', 'oplos', 'lebih', 'tiktok', 'lite']"
Di kalbar juga gitu BTW aku korban nya,"['kalbar', 'gitu', 'btw', 'korban']"
ini yng pada kena pas servis kena berapa guys?,"['yng', 'kena', 'pas', 'servis', 'kena', 'guys']"
pertamax juga😭,['pertamax']
motor ku juga kena 😭😭😭,"['motor', 'ku', 'kena']"
Motor Sensei ku juga rusak gegara pertalite,"['motor', 'sensei', 'ku', 'rusak', 'gegara', 'pertalite']"
iyaa kak punya saya juga kayak gitu,"['iya', 'kak', 'kayak', 'gitu']"
Ancuk. Aq korban e siang ini 😂😂 habis 300.,"['ancuk', 'korban', 'e', 'siang', 'habis']"
"gua mau isi vivo ga bisaaaaa, akhirnya mau ga mau isi pertamax emang t4iiiiiii","['gua', 'isi', 'vivo', 'tidak', 'bisaaaaa', 'tidak', 'isi', 'pertamax', 'emang', 'tiiiiiii']"
Ini negara mau jd apa sih 😭?,['negara']
rejeki tukang bengkel😂,"['rejeki', 'tukang', 'bengkel']"
"Bang bahas kenapa waktu kian mundur, seperti jam sholat","['bang', 'bahas', 'kian', 'mundur', 'jam', 'sholat']"
motor cwo gua juga gitu,"['motor', 'cowok', 'gua', 'gitu']"
tukang bengkel: Cair cair 😂,"['tukang', 'bengkel', 'cair', 'cair']"
"bang, bahas ujang rajin ngaji🗿","['bang', 'bahas', 'ujang', 'rajin', 'ngaji']"
"motorku kena jugaa 😭, sekarang bingung beli bensin dimana, soalnya BP sama shell terdekat masih pada tutup, gatau kapan buka😭","['motor', 'kena', 'jugaa', 'bingung', 'beli', 'bensin', 'mana', 'bp', 'shell', 'dekat', 'tutup', 'tidak', 'buka']"
"kayaknya harus turun tangan ke lapangan lagi sih, seperti Sahroni kemarin 👀","['kayak', 'turun', 'tangan', 'lapang', 'sahroni', 'kemarin']"
pertamax juga bang serius gw juga tiba tiba berebut,"['pertamax', 'bang', 'serius', 'rebut']"
bahlul ente bahlul.😂😂,"['bahlul', 'ente', 'bahlul']"
Ungkap sampe tuntas Pertamina...,"['sampe', 'tuntas', 'pertamina']"
KLO kayak gini siapa yg bertanggung jwb KLO motor korbanya rusak...,"['kayak', 'gin', 'tanggung', 'jwb', 'motor', 'korbanya', 'rusak']"
"yang oplos2 menteri nya , yg di sidak SPBU nya","['oplos', 'menteri', 'sidak', 'spbu']"
Bikin rusak kendaraan ga siih kalau bahan bakar kaya gitu?,"['rusak', 'kendara', 'tidak', 'siih', 'bahan', 'bakar', 'kaya', 'gitu']"
kawal cak ji ges,"['kawal', 'cak', 'ji', 'ges']"
"kalo mau cek langsung di pom nya, langsung cek ditempat coba","['cek', 'langsung', 'pom', 'langsung', 'cek', 'tempat', 'coba']"
pecat Bahlil,"['pecat', 'bahlil']"
akhir2 ini emang motor tbtb jdi BREBET padahal rajin ganti oli,"['emang', 'motor', 'tbtb', 'brebet', 'rajin', 'ganti', 'oli']"
"SEPEDAKU SUDAH JADI KORBAN MBREBET,PADAHAL BARU SERVIS,DAN TERNYATA BANYAK SEPEDA DI BENGKEL DENGAN NASIB YG SAMA","['sepeda', 'korban', 'mbrebetpadahal', 'servisdan', 'sepeda', 'bengkel', 'nasib']"
emang ga ada demo untuk Bahlil?,"['emang', 'tidak', 'demo', 'bahlil']"
motorku Uda rusak,"['motor', 'uda', 'rusak']"
mobilku ngisi disurabaya juga jadi rusak berhenti dijalan,"['mobil', 'ngisi', 'disurabaya', 'rusak', 'henti', 'jalan']"
sepada suami q brebet hbis isi bensin pertalite jd takut beli bensin😭,"['sepada', 'suami', 'brebet', 'hbis', 'isi', 'bensin', 'pertalite', 'takut', 'beli', 'bensin']"
mentri yang bikin susah rakyat jangan kasih jabatan!!!,"['tri', 'susah', 'rakyat', 'jangan', 'kasih', 'jabat']"
jadi inget bahan bakar di film cars 2 trus mogok mati mesin,"['inget', 'bahan', 'bakar', 'film', 'cars', 'trus', 'mogok', 'mati', 'mesin']"
"sepeda brebet semua pak, gimana sich habis Pertamax dioplos skrg yg pertalite , sepeda jdi brebet semua,😭","['sepeda', 'brebet', 'gimana', 'sich', 'habis', 'pertamax', 'oplos', 'skrg', 'pertalite', 'sepeda', 'brebet']"
"tetap mentoknya kekeluargaan , dan Pertamina lanjutkan lagi oplosan lagi 🤣🤣🤣🤣🤣","['mentok', 'keluarga', 'pertamina', 'lanjut', 'oplos']"
kendaraan banyak yang macet,"['kendara', 'macet']"
Bahlil emang bahlul,"['bahlil', 'emang', 'bahlul']"
"gak juga ngaruh bro, orang kecil bisa apa","['tidak', 'ngaruh', 'bro', 'orang']"
"udah jelas"" terbukti dua mata nampak jelas dan Sagat"" jelas. masih aja geles terus. Pertamina tiap hari gecek. entah apa yg di cek tiap hari. yg salah rakyat terus nantik.","['bukti', 'mata', 'nampak', 'sagat', 'aja', 'geles', 'pertamina', 'gecek', 'cek', 'salah', 'rakyat', 'nantik']"
betul bapak saya warga Kota Bekasi mobil saya dikiras tangkinya sama DJ Toyota Jababeka karena bensin Pertamax Pertamina tidak sempurna pembakaran nya dan meninggalkan ampas yg membuat gas rem bermasalah mesin tidak enak jadi mohon bantuan nya Bapak tegur pihak Pertamina,"['warga', 'kota', 'bekas', 'mobil', 'kiras', 'tangki', 'dj', 'toyota', 'jababeka', 'bensin', 'pertamax', 'pertamina', 'tidak', 'sempurna', 'bakar', 'tinggal', 'ampas', 'gas', 'rem', 'masalah', 'mesin', 'tidak', 'enak', 'mohon', 'bantu', 'tegur', 'pertamina']"
mana penegak hukum.nya,"['tegak', 'hukum']"
"Asli Bener,, saya isi pertalite juga Motor jadi BREBET...
Giliran isi Pertamax LANCAR.. PARAH...PARAH...","['asli', 'bener', 'isi', 'pertalite', 'motor', 'brebet', 'gilir', 'isi', 'pertamax', 'lancar', 'parahparah']"
wajar gak si dalam tangki motor vbaru 2 tahun tapi udah karatan tangki nya?,"['wajar', 'tidak', 'si', 'tangki', 'motor', 'vbaru', 'karat', 'tangki']"
ya allah motor baru bulan Januari 2025 brebet mogok ditengah jalan ya allah kudu nangis aku,"['ya', 'allah', 'motor', 'januari', 'brebet', 'mogok', 'tengah', 'jalan', 'ya', 'allah', 'kudu', 'nang']"
"sumpah kak aku juga samaaa, akhirnya aku pindah pake bensin bp","['sumpah', 'kak', 'samaaa', 'pindah', 'pake', 'bensin', 'bp']"
pantas Pas setelah isi motor saya suka mati²,"['pas', 'isi', 'motor', 'suka', 'mati']"
kalimantan juga bang,"['kalimantan', 'bang']"
kasi tau gua dong bree dibalik dalang ini siapa,"['kasi', 'gua', 'bree', 'balik', 'dalang']"
sebab gak boleh beli pakai derigen ini lah sebab nya...akan keliatan campurannya,"['tidak', 'beli', 'pakai', 'gen', 'nyaakan', 'liat', 'campur']"
"kwalitas Pertamina diragukan banyak keluhan ,tidak mau berbenah","['kwalitas', 'pertamina', 'ragu', 'keluh', 'tidak', 'benah']"
"itu bukan etanol, mungkin itu kecampur air apalagi sekarang musim hujan kalau pembongkaran tidak benar rentan masuk air","['bukan', 'etanol', 'campur', 'air', 'musim', 'hujan', 'bongkar', 'tidak', 'rentan', 'masuk', 'air']"
di Pasuruan pak banyak sepeda brebet gara-gara bengsin juga bak banyak sepeda mogok dan banyak yang nunggak kerja karna kendala kendara an,"['pasuruan', 'sepeda', 'brebet', 'garagara', 'bengsin', 'bak', 'sepeda', 'mogok', 'nunggak', 'kerja', 'karna', 'kendala', 'kendara', 'an']"
UU Nomor 8 Tahun 1999 tentang Perlindungan Konsumen udh jelas,"['uu', 'nomor', 'lindung', 'konsumen']"
paling bener banyu udan,"['bener', 'banyu', 'udan']"
ya allah poleh wedi nek gowo anak g lucu yo,"['ya', 'allah', 'poleh', 'wedi', 'nek', 'gowo', 'anak', 'tidak', 'lucu', 'yo']"
indo demo,"['indo', 'demo']"
"Iki presiden'e onok keluhan sak Indonesia perkoro BBM kok meneng AE,Jane kerjone opo presiden Iki,,,??
ngerti mentrine gawe ontran² sak Indonesia kok meneng ae😭😭😭","['iki', 'presidene', 'onok', 'keluh', 'sak', 'indonesia', 'perkoro', 'bbm', 'neng', 'aejane', 'kerjone', 'opo', 'presiden', 'iki', 'ngerti', 'mentrine', 'gawe', 'ontran', 'sak', 'indonesia', 'neng', 'ae']"
motorku juga berasa melemah mesinnya.,"['motor', 'asa', 'lemah', 'mesin']"
Pertamax beli 10k dmn KK?,"['pertamax', 'beli', 'dmn', 'kk']"
rakyat kok dibikin percobaan gimana...kesel banget tp kok keluhannya rakyat berasa gak di dgr...,"['rakyat', 'bikin', 'coba', 'gimanakesel', 'banget', 'keluh', 'rakyat', 'asa', 'tidak', 'dgr']"
pertamina wajibbertanggung jawab sesuai amanat uu perindungan konsumen,"['pertamina', 'wajibbertanggung', 'sesuai', 'amanat', 'uu', 'indung', 'konsumen']"
beat street kan kompresi tinggi 10:1 srandar nya ya RON 92 Pertamax malah diisi RON 90 utk kompresi rendah 🤣🤣🤣🤣🤣 apalagi motor skrg rata² mesin kompresi tinggi....,"['beat', 'street', 'kompresi', 'srandar', 'ya', 'ron', 'pertamax', 'isi', 'ron', 'utk', 'kompresi', 'rendah', 'motor', 'skrg', 'rata', 'mesin', 'kompresi']"
tuku sepeda maneh ae mbak,"['tuku', 'sepeda', 'maneh', 'ae', 'mbak']"
"sementara beri octan boster n injection Cleaner.. neng, injection Cleaner beri 1x aja,,","['octan', 'boster', 'n', 'injection', 'cleaner', 'neng', 'injection', 'cleaner', 'x', 'aja']"
"AQ... yoooo tadi Nang Mayjend Sungkono jam 9.30an ujuk ujuk mati motornya pas mau muter di makam pahlawan, untung mobil belakang pelan... Abang polisi cepek bantuin dorong mpe nyebrang Deket ruko..
efek bahlul pake etanol
....","['aq', 'yoooo', 'nang', 'mayjend', 'sungkono', 'jam', 'an', 'ujuk', 'ujuk', 'mati', 'motor', 'pas', 'muter', 'makam', 'pahlawan', 'untung', 'mobil', 'pelan', 'abang', 'polisi', 'cepek', 'bantuin', 'dorong', 'mpe', 'nyebrang', 'deket', 'ruko', 'efek', 'bahlul', 'pake', 'etanol']"
listrik aja lah ...,"['listrik', 'aja']"
"motorku scoopy, awalnya shell aman damai sentosa,, tp trus atok kosong,,beralihlah ke pertalite tp bikin brebet, akhirnya gnti busi, trus gnti pake pertamax,, brebet + boros pemakaiannya, trus gnti pertamax turbo,, sik pancet brebet,, muncul VT pertamax turbo yg hrsnya RON 98, stlh dicek trnyata RON nya cm 91, pie jal🤦🏻‍♀️trus kudu gnti solar ta ben aman damai sentosa, gk atek drama motor brebet maneh? 😭😭😭😭","['motor', 'scoopy', 'shell', 'aman', 'damai', 'sentosa', 'trus', 'atok', 'kosongberalihlah', 'pertalite', 'brebet', 'gnti', 'busi', 'trus', 'gnti', 'pake', 'pertamax', 'brebet', 'boros', 'pakai', 'trus', 'gnti', 'pertamax', 'turbo', 'sik', 'pancet', 'brebet', 'muncul', 'vt', 'pertamax', 'turbo', 'hrsnya', 'ron', 'stlh', 'cek', 'trnyata', 'ron', 'cm', 'pie', 'jaltrus', 'kudu', 'gnti', 'solar', 'ta', 'ben', 'aman', 'damai', 'sentosa', 'tidak', 'atek', 'drama', 'motor', 'brebet', 'maneh']"
"Ada penemuan baru BBM Bobibos, liat aja ges besok² Bobibos akan di sabotase oleh pihak² yg merasa tersaingi.","['temu', 'bbm', 'bobibos', 'liat', 'aja', 'ges', 'besok', 'bobibos', 'sabotase', 'pihak', 'saing']"
Podo..varioku Iki mau d isi Pertamax juga mati mesin.jian mangkel Yoan,"['podovarioku', 'iki', 'isi', 'pertamax', 'mati', 'mesinjian', 'mangkel', 'yoan']"
sudah Sampek tulungagung,"['sampek', 'tulungagung']"
aku mau bnsn eceran ataupun di SPBU gede tetep pertamax dari dlu pernah pake pertalite klo Pertamax habis aja,"['bnsn', 'ecer', 'spbu', 'gede', 'tetep', 'pertamax', 'dlu', 'pake', 'pertalite', 'pertamax', 'habis', 'aja']"
"anak ku pakai Pertamax juga mogok,pas pulang kuliah dari upn","['anak', 'ku', 'pakai', 'pertamax', 'mogokpas', 'pulang', 'kuliah', 'upn']"
bahlil cair,"['bahlil', 'cair']"
ngeri,['ngeri']
bisa di jadikan saksi nih di polda metro jaya..👍🏻👍🏻 lanjut yg mengadu ada... barangnya juga ada.. lanjut mbak biar ada pencerahan,"['jadi', 'saksi', 'polda', 'metro', 'jaya', 'adu', 'barang', 'mbak', 'cerah']"
"njalok tanggung jawab karo kumpulan manusia laknat nek pertamina yoo ra baka di reken🤣
bahlil kro wong2 pertamina kui isine kumpulan menungso laknat dn terkutuk😡","['njalok', 'tanggung', 'karo', 'kumpul', 'manusia', 'laknat', 'nek', 'pertamina', 'yoo', 'ra', 'baka', 'reken', 'bahlil', 'kro', 'pertamina', 'kui', 'isine', 'kumpul', 'menungso', 'laknat', 'dn', 'kutuk']"
Awal dari kerang kuning ke pertamax ampuuuun mbaakk motorku tarikan gas nyaa berattt bgt alhasil aku pindah ke pertamax turbo Alhamdulillah aman mbaa😭🙏🏻,"['kerang', 'kuning', 'pertamax', 'ampuuuun', 'mbaakk', 'motor', 'tari', 'gas', 'nyaa', 'berattt', 'alhasil', 'pindah', 'pertamax', 'turbo', 'alhamdulillah', 'aman', 'mbaa']"
kira2 kalo di doain se Indonesia di ijabah ga doa nya ges??,"['doain', 'indonesia', 'ijabah', 'tidak', 'doa', 'ges']"
kembali ke sepeda kalau gini mah,"['sepeda', 'gin', 'mah']"
trus xride gua pake bensin apaan 😭mana udh wktunya isi bensin lg😌,"['trus', 'xride', 'gua', 'pake', 'bensin', 'wktunya', 'isi', 'bensin', 'lg']"
"motor gw jg rusak, gara” ini nih","['motor', 'rusak', 'gara']"
aku pingin misuh 🤬,"['pingin', 'misuh']"
Bahlil membantu buka lapangan kerja dan memajukan UMKM bengkel😂,"['bahlil', 'bantu', 'buka', 'lapang', 'kerja', 'maju', 'umkm', 'bengkel']"
saya kenak brebet. taman saya jugak kenak yang satunya lagi kenak jugak. emang mantap nih satu kosan 3 orang kenak semua jadi bukan cuma saya aja kesel,"['nak', 'brebet', 'taman', 'jugak', 'nak', 'satu', 'nak', 'jugak', 'emang', 'mantap', 'kosan', 'orang', 'nak', 'bukan', 'aja', 'kesel']"
bang aku awalnya pake pertalite jadi berebet trs ganti pertamax lah malah mogokkk,"['bang', 'pake', 'pertalite', 'rebet', 'trs', 'ganti', 'pertamax', 'mogokkk']"
"setelah pertamax, skrang pertalite 😌","['pertamax', 'skrang', 'pertalite']"
yauu sampe udh capek benerin motor mulu,"['yauu', 'sampe', 'capek', 'benerin', 'motor', 'mulu']"
"apakah ini cara memutar ekonomi?, apakah biar orng orng belanja?? 😂","['putar', 'ekonomi', 'orng', 'orng', 'belanja']"
koviv persi motor,"['koviv', 'pers', 'motor']"
betul motorku udah masuk bngkel ganti busi sm bngkel gak boleh pk' pertalite tp aq lanjot isi perlatite masih brebettttt lagi 😑😑,"['motor', 'masuk', 'bngkel', 'ganti', 'busi', 'sm', 'bngkel', 'tidak', 'pk', 'pertalite', 'lanjot', 'isi', 'perlatite', 'brebettttt']"
gak nyangka motorku ikutan fomo,"['tidak', 'nyangka', 'motor', 'ikut', 'fomo']"
bensin nya udah oplosan ditmbah etanol lagi😹,"['bensin', 'oplos', 'ditmbah', 'etanol']"
motorku bukan cuma 3x sehari mogok. brebet sepanjang jalan setelah sy isi full di SPBU 😔,"['motor', 'bukan', 'x', 'hari', 'mogok', 'brebet', 'jalan', 'sy', 'isi', 'full', 'spbu']"
udah yapping nya?,['yapping']
motorku brebet njir,"['motor', 'brebet', 'njir']"
bang bahas papa nya Jerome bang😢,"['bang', 'bahas', 'papa', 'jerome', 'bang']"
iyaaaa bener lagiiii,"['iyaaaa', 'bener', 'lagiiii']"
TRUS ISI BENGSIN DIMANA WOI,"['trus', 'isi', 'bengsin', 'mana', 'woi']"
ini menarik nih 🗿🙏,['tarik']
itu bpk yang nasrani anaknya mondok itu kan yg pke kmeja item pak...?,"['bpk', 'nasrani', 'anak', 'mondok', 'pke', 'kmeja', 'item']"
pertanyaan kenapa beli kesitu lagi belinya klo berisi air.. 😂,"['beli', 'kesitu', 'beli', 'isi', 'air']"
maka MOTOR bnyak suka rusak,"['motor', 'bnyak', 'suka', 'rusak']"
belinya kemaren sore...hari ini baru konplain..😁😁😁,"['beli', 'kemaren', 'sorehari', 'konplain']"
suamiku isinya setiap beli eceran jdi alhamdulillah gk ada kendala,"['suami', 'isi', 'beli', 'ecer', 'alhamdulillah', 'tidak', 'kendala']"
Pantes mbil suka berebet,"['pantes', 'mbil', 'suka', 'rebet']"
"keuntungan para penguasa jd 2x lipat. yg pertama dr ngoplos minyak, dan yg kedua dr spearpat motor. paham kan mksud nya ???","['untung', 'kuasa', 'x', 'lipat', 'ngoplos', 'minyak', 'spearpat', 'motor', 'paham', 'mksud']"
Itulah hasil dari kebodohan kedunguan dan kerakusan,"['hasil', 'bodoh', 'dungu', 'rakus']"
"motor gw di isi pertamax bretbet dikit, di isi pertalite jadi brebet mati anj memang😌","['motor', 'isi', 'pertamax', 'bretbet', 'dikit', 'isi', 'pertalite', 'brebet', 'mati', 'anj']"
smua SPBU memng begitu.,"['smua', 'spbu', 'memng']"
pak ji sangat aktif ya 🔥🔥💪💪,"['ji', 'aktif', 'ya']"
paaaak sepeda motor banyak bretbet...,"['paaaak', 'sepeda', 'motor', 'bretbet']"
Prabowo kada wani mecat bahlil,"['prabowo', 'kada', 'wani', 'mecat', 'bahlil']"
Ihh motor w brebet jgn2 gini jga kali ya bensinnyaa,"['ihh', 'motor', 'brebet', 'jgn', 'gin', 'kali', 'ya', 'bensinnyaa']"
pertamina seharuse nerima bila di komplen untuk lebih baik,"['pertamina', 'seharuse', 'nerima', 'komplen']"
tolongggg,['tolongggg']
konspirasi untuk beralih ke kendaraan listrik kah??,"['konspirasi', 'alih', 'kendara', 'listrik', 'kah']"
takutnya ada oknum yg membayar orang itu,"['takut', 'oknum', 'bayar', 'orang']"
"pantes motorku kmaren isi pertalit langsung angel mau hidup,pdahal speda msih 1thn dri dealer,Ajg emang","['pantes', 'motor', 'kmaren', 'isi', 'pertalit', 'langsung', 'angel', 'hiduppdahal', 'speda', 'msih', 'thn', 'dri', 'dealerajg', 'emang']"
harga tinggi kualitas rendah.,"['harga', 'kualitas', 'rendah']"
saya juga kena dampaknya asem tenan🤦🤦,"['kena', 'dampak', 'asem', 'tenan']"
iki seharus e nek beli bensin pakek Aqua saja biar semisal campuran gini tau.daripada langsung ke motor jadii resiko brebet ke motor.kasian seng Uang e press bisa buat beli bensin aja malah jadi benerin motor🥺,"['iki', 'harus', 'e', 'nek', 'beli', 'bensin', 'pakek', 'aqua', 'campur', 'gin', 'taudaripada', 'langsung', 'motor', 'jadi', 'resiko', 'brebet', 'motorkasian', 'seng', 'uang', 'e', 'press', 'beli', 'bensin', 'aja', 'benerin', 'motor']"
politik bisnis🤣🤣🤣🤣🤣🤣🤣🤣🤣🤣🤣,"['politik', 'bisnis']"
ohh ternyata ini ta penyebab PE layak Gon ku brebet AE....,"['oh', 'ta', 'sebab', 'pe', 'layak', 'gon', 'ku', 'brebet', 'ae']"
jangan beli pertamina lagi,"['jangan', 'beli', 'pertamina']"
Prabowo sbnr nya tau gak sih..,"['prabowo', 'sbnr', 'tidak']"
Pertamina Jatim itu rek,"['pertamina', 'jatim', 'rek']"
nmax 2022 ku jek aman i panggah tk isi pertalet tp mboh maneh kedepan e brebet sisan po ra🤣🤣,"['nmax', 'ku', 'jek', 'aman', 'i', 'panggah', 'tk', 'isi', 'pertalet', 'mboh', 'maneh', 'depan', 'e', 'brebet', 'sis', 'po', 'ra']"
"motorku juga brebet2 kemarin bolak balik bengkel sampe 3x ini gimana yah kesel bgt sumpah , kalo gini trs Mending beli motor listrik","['motor', 'brebet', 'kemarin', 'bolak', 'bengkel', 'sampe', 'x', 'gimana', 'yah', 'kesel', 'sumpah', 'gin', 'trs', 'mending', 'beli', 'motor', 'listrik']"
klarifikasi nya aja katanya baik² aja kok malah pyn suruh tanggung jwb🤣,"['klarifikasi', 'aja', 'baik', 'aja', 'pyn', 'suruh', 'tanggung', 'jwb']"
semakin ke sini semakin ke sana para atasan gmn ini pak prabowo anak buahnya malah nyengsaraiin rakyat,"['atas', 'gmn', 'prabowo', 'anak', 'buah', 'nyengsaraiin', 'rakyat']"
Pertamina asu ancen,"['pertamina', 'asu', 'ancen']"
"wong wedok iso postep, langka🗿","['wedok', 'iso', 'postep', 'langka']"
pertaminus mbak😭,"['pertaminus', 'mbak']"
motorku juga kemarin brebet 😩,"['motor', 'kemarin', 'brebet']"
sepeda pancal sehat ayoo 🥰,"['sepeda', 'pancal', 'sehat', 'ayoo']"
takok Nang dealer onok a dodol injeksi sing bolongane gede tak tukue drpda mbrebet,"['takok', 'nang', 'dealer', 'onok', 'a', 'dodol', 'injeksi', 'sing', 'bolongane', 'gede', 'tukue', 'drpda', 'mbrebet']"
ya Allah.. dzolim tenan😭😭😭😭,"['ya', 'allah', 'dzolim', 'tenan']"
"saiki tuku bensin aku minta struk, kmrn gara² pertalite motorku mati, servis habis 223ribu","['saiki', 'tuku', 'bensin', 'struk', 'kemarin', 'gara', 'pertalite', 'motor', 'mati', 'servis', 'habis', 'ribu']"
ngerasain hal yg sama😭,['ngerasain']
Podo kak busiku kyk ngno,"['podo', 'kak', 'busi', 'kyk', 'ngno']"
beatku ae tk isi Pertamax mbak oleh sedino melbu bengkel,"['beatku', 'ae', 'tk', 'isi', 'pertamax', 'mbak', 'sedino', 'melbu', 'bengkel']"
Pertamina sedang meng-Carry rakyat Indo biar gampang masuk surga. 🔥,"['pertamina', 'mengcarry', 'rakyat', 'indo', 'gampang', 'masuk', 'surga']"
pom bensin daerah mana kak???,"['pom', 'bensin', 'daerah', 'kak']"
kug gak ada demo ya ?,"['kug', 'tidak', 'demo', 'ya']"
"ngene ki solusi ne piye yo, po sak negoro pe dikei motor kabeh nek wes rusak😭","['ngene', 'ki', 'solusi', 'ne', 'piye', 'yo', 'po', 'sak', 'negoro', 'pe', 'dikei', 'motor', 'kabeh', 'nek', 'wes', 'rusak']"
Ganti Exxonmobil ae wis ngene iki carane,"['ganti', 'exxonmobil', 'ae', 'wis', 'ngene', 'iki', 'carane']"
Ini lho tadi pagi aq sdh jadi korbane BAHLUL,"['lho', 'pagi', 'korbane', 'bahlul']"
"Aku bulan lalu habis servis motor full di bengkel resmi abis +- 800rb. Itu full ya rek pokok semua tak ganti (posisi jg abis kecelakaan, udah ga servis 6bln lbh). Uenakkkk pol, eh baru2 ini kok gaiso nyala susah distarter..aku kira ya abis bensin ta apa, lah penuh heh wkwk...trs liat berita brebet2 wah iki kayak e motorku kena..mslh e ya, baru abis 800rb buat servis full trs kalo dikit2 servis gara2 bensin e apa dikira kita rakyatnya ini sugih2 ya😭","['habis', 'servis', 'motor', 'full', 'bengkel', 'resmi', 'abis', 'rb', 'full', 'ya', 'rek', 'pokok', 'ganti', 'posisi', 'abis', 'celaka', 'tidak', 'servis', 'bln', 'lbh', 'uenakkkk', 'pol', 'eh', 'gaiso', 'nyala', 'susah', 'distarteraku', 'ya', 'abis', 'bensin', 'ta', 'penuh', 'heh', 'wkwktrs', 'liat', 'berita', 'brebet', 'iki', 'kayak', 'e', 'motor', 'kenamslh', 'e', 'ya', 'abis', 'rb', 'servis', 'full', 'trs', 'dikit', 'servis', 'gara', 'bensin', 'e', 'rakyat', 'sugih', 'ya']"
pertamina jadi itachi biar bengkel2 jadi laku sama rame🗿,"['pertamina', 'itachi', 'bengkel', 'laku', 'rame']"
"pemotor: astaghfirullah
bengkel : alhamdulillah wasyukurillah","['motor', 'astaghfirullah', 'bengkel', 'alhamdulillah', 'wasyukurillah']"
motor rekan kerjaku nggak cuma brebet lagi. mati total iya.,"['motor', 'rekan', 'kerja', 'tidak', 'brebet', 'mati', 'total', 'iya']"
asal campur campur aja ga menyesuaikan kendaran nya anehh.,"['campur', 'campur', 'aja', 'tidak', 'sesuai', 'kendaran', 'anehh']"
kompak nepalkan bahlil,"['kompak', 'nepalkan', 'bahlil']"
"Pertamax dicampur dengan pertalite
Pertalite dicampur dengan etanol","['pertamax', 'campur', 'pertalite', 'pertalite', 'campur', 'etanol']"
Perlu demo ga sih ke Pertamina?,"['demo', 'tidak', 'pertamina']"
yaampun rek adekuu pedahe disurung😭😭,"['yaampun', 'rek', 'adekuu', 'pedahe', 'disurung']"
ngakak dua warga inii🤣🤣,"['ngakak', 'warga', 'ini']"
"deg degan woii
kemaren abis pinjem motor sodara soalnya motor sendiri dipake kerja kaka, trs gw beliin pertamax woilahh😭😭
ternyata yang punya motor biasanya pake pertalite woilahh","['deg', 'degan', 'woii', 'kemaren', 'abis', 'pinjem', 'motor', 'sodara', 'motor', 'dipake', 'kerja', 'kaka', 'trs', 'beliin', 'pertamax', 'woilahh', 'motor', 'pake', 'pertalite', 'woilahh']"
Masuk bengkel 250rb🥰🥰🥰,"['masuk', 'bengkel', 'rb']"
info yg punya motor spacy karbu/fi ada yg brebet ga ? 🤔,"['info', 'motor', 'spacy', 'karbufi', 'brebet', 'tidak']"
"motor gw juga jadi brebet, udh ganti sensor tps tapi masih brebet, saran dong bg biar bener lagi","['motor', 'brebet', 'ganti', 'sensor', 'tps', 'brebet', 'saran', 'bg', 'bener']"
"Madura jugak ada pak,banyak sepeda motor yg mati setelah isi BBM di spbu","['madura', 'jugak', 'pakbanyak', 'sepeda', 'motor', 'mati', 'isi', 'bbm', 'spbu']"
jawa timur solar kok langkah sebenarnya ada apa di balik semua ini,"['jawa', 'timur', 'solar', 'langkah']"
"bahlil, B nya apa? 🗿🗿","['bahlil', 'b']"
ini alasan gaboleh pake jeliken bier ga keliatan,"['alas', 'gaboleh', 'pake', 'jeliken', 'bier', 'tidak', 'liat']"
Inilah efek klao menterinya tidak berkualitas.. tidak ahli di bidang nya...,"['efek', 'klao', 'menteri', 'tidak', 'kualitas', 'tidak', 'ahli', 'bidang']"
pantesan ada rencana dilarang jual bensin eceran,"['pantesan', 'rencana', 'larang', 'jual', 'bensin', 'ecer']"
semua juga persetujuan dari atasan dan jabatan lebih tinggi...seolah di rencanakan rakyat kecil selalu dibuat berat harus peraturan ini dan itu...yang diatas tetap tersenyum tanpa memikirkan rakyat bersuara,"['tuju', 'atas', 'jabat', 'tinggiseolah', 'rencana', 'rakyat', 'berat', 'atur', 'ituyang', 'atas', 'senyum', 'pikir', 'rakyat', 'suara']"
"kenapa ya pak prabowo membiarkan kebijakan bahlil, padahal jelas2 merugikan rakyat!!! katanya mau mensehterakan rakyat!!!","['ya', 'prabowo', 'biar', 'bijak', 'bahlil', 'rugi', 'rakyat', 'mensehterakan', 'rakyat']"
inilah yg membuat kendara'an masyarakat sekarang cepat masuk bengkel.,"['kendara', 'masyarakat', 'cepat', 'masuk', 'bengkel']"
BAHLIL ITU TANGKEP,"['bahlil', 'tangkep']"
bahlil turunin laah ini udh keterlaluan bgt..rakyat jutaan dipermainan dia doang?,"['bahlil', 'turunin', 'laah', 'bgtrakyat', 'juta', 'main', 'doang']"
astaga kemaren pertamax skrg pertalite ...gk sudh2 😭😭🤦,"['astaga', 'kemaren', 'pertamax', 'skrg', 'pertalite', 'gk', 'sudh']"
🤣 sudah pertalite di indo mahal kwalitas buruk masak ada berita di campur etanol parah parah,"['pertalite', 'indo', 'mahal', 'kwalitas', 'buruk', 'masak', 'berita', 'campur', 'etanol', 'parah', 'parah']"
"Ya maknaya udh vivo sma shell jgn di tahan dikosongin lagi, udh ga sudi gua beli pertamina","['ya', 'maknaya', 'vivo', 'sma', 'shell', 'jangan', 'tahan', 'dikosongin', 'tidak', 'sudi', 'gua', 'beli', 'pertamina']"
"siapa yg bilang dicampur ethanol aman , cari yg bilang itu pak , dia cuma pekerja itu","['bilang', 'campur', 'ethanol', 'aman', 'cari', 'bilang', 'kerja']"
Hhhmmm dah lama ttp aja kagak tuntas2😳😳,"['hhhmmm', 'ttp', 'aja', 'kagak', 'tuntas']"
"ya sepedaku juga begitu brebet, di ganti pertamak lamcar","['ya', 'sepeda', 'brebet', 'ganti', 'tamak', 'lamcar']"
habis pertamak di palsu skrg pertalite,"['habis', 'tamak', 'palsu', 'skrg', 'pertalite']"
bukan etanol itu tp campur air hahah,"['bukan', 'etanol', 'campur', 'air', 'hahah']"
terus gimna jln kluarnya itu..... 😄😄😄😄,"['gimna', 'jln', 'kluarnya']"
tiap hari kita cek jaree.....iku lak jaremu a,"['cek', 'jareeiku', 'lak', 'jaremu', 'a']"
"Makanya ada aturan dilarang membeli pake plastik, drigen kecil yang literan. Iya itu biar mgga keliatan 😂","['atur', 'larang', 'beli', 'pake', 'plastik', 'drigen', 'liter', 'iya', 'mgga', 'liat']"
bukan pertalite aja pak tpi pertamax juga,"['bukan', 'pertalite', 'aja', 'tpi', 'pertamax']"
ini ksalahan pom bensin kenapa ga di cek ga teliti mobil tengki dari Pertamina,"['ksalahan', 'pom', 'bensin', 'tidak', 'cek', 'tidak', 'teliti', 'mobil', 'tengki', 'pertamina']"
kalau mau sidak beneran ya smean ambil langsung dari selang pengisian loh cak jiii,"['sidak', 'beneran', 'ya', 'smean', 'ambil', 'langsung', 'selang', 'isi', 'loh', 'cak', 'jiii']"
"klo sidak langsung aja pa dari nozlle ,jangan yang dibawa dari botol ....,mesin pompa dispenser langsung aja ambil sample ....","['sidak', 'langsung', 'aja', 'pa', 'nozlle', 'jangan', 'bawa', 'botol', 'mesin', 'pompa', 'dispenser', 'langsung', 'aja', 'ambil', 'sample']"
Motor gua juga kena penyakit ini nih bjir😩,"['motor', 'gua', 'kena', 'sakit', 'bjir']"
Pertamax juga😭,['pertamax']
bengkel : makasih lil,"['bengkel', 'makasih', 'lil']"
apakah ini s3 marketing pertamax?,"['s', 'marketing', 'pertamax']"
punyaku barusan ini . harus ganti busi . padahal belum setahun ganti busi . 😑,"['punya', 'barusan', 'ganti', 'busi', 'tahun', 'ganti', 'busi']"
"ga pertalite ajaa, Pertamax jugaa😑😑","['tidak', 'pertalite', 'ajaa', 'pertamax', 'jugaa']"
bang saya mau nanya nih kok orang pada tau korban jiwa dari bencana bahkan perang yang korbannya bisa banyak banget,"['bang', 'nanya', 'orang', 'korban', 'jiwa', 'bencana', 'perang', 'korban', 'banget']"
"LAH MOTOR GUA GITU, pdhl baru service","['motor', 'gua', 'gitu', 'pdhl', 'service']"
"emang motor ane juga ni awalnya bunyi... eh tiba"" brebet mati mati. haduhhh 🤦","['emang', 'motor', 'ane', 'ni', 'bunyi', 'eh', 'brebet', 'mati', 'mati', 'haduhhh']"
"Mobil belum ada yang brebet bang, tunggu tahun baru ya","['mobil', 'brebet', 'bang', 'tunggu', 'ya']"
pantesan,['pantesan']
iya bjir brebet kek mo mati mtor gua,"['iya', 'bjir', 'brebet', 'kek', 'mo', 'mati', 'mtor', 'gua']"
IYA KENAPA SIHH,"['iya', 'sihh']"
gua isi turbo pulang kerja motor gaenak bgt ada endut endut padhl vario 160,"['gua', 'isi', 'turbo', 'pulang', 'kerja', 'motor', 'gaenak', 'endut', 'endut', 'padhl', 'vario']"
kelakuann pak mentri paling ganteng gini amatt,"['kelakuann', 'tri', 'ganteng', 'gin', 'amatt']"
"mekanik bengkel resmi 😭
mekanik bengkel pinggir jalan🥰","['mekanik', 'bengkel', 'resmi', 'mekanik', 'bengkel', 'pinggir', 'jalan']"
tanggung jawab nih pemerintah!!!!!,"['tanggung', 'perintah']"
pertamina..... turuuuuun. jgn nglenyem ae,"['pertamina', 'turuuuuun', 'jangan', 'nglenyem', 'ae']"
honda maneh🤣🤣🤣,"['honda', 'maneh']"
pertamina anjm,"['pertamina', 'anjm']"
Semangat rinn😭😭😭,"['semangat', 'rinn']"
Kurang kaya ta direksi pertamina?,"['kaya', 'ta', 'direksi', 'pertamina']"
salahkn si balul,"['salahkn', 'si', 'balul']"
spedaku kenak gk usah ngelles 😌,"['spedaku', 'nak', 'tidak', 'ngelles']"
"ini lah konoha,diman pmerintah berbisnis dgn rakyatnya sendiri","['konohadiman', 'pmerintah', 'bisnis', 'rakyat']"
pertamax juga 😭,['pertamax']
"ohh dr bensin nya toh, motor q sering brebet walaupun di service juga ttp.
tp bengkelnya kok ngasih tau y itu dr bensin nya","['oh', 'bensin', 'motor', 'brebet', 'service', 'ttp', 'bengkel', 'ngasih', 'y', 'bensin']"
omaaa...gmn dong klo orng bengkel tau aku ngisi Pertamax klo pas pertalite kosong di pom :(,"['omaaagmn', 'orng', 'bengkel', 'ngisi', 'pertamax', 'pas', 'pertalite', 'kosong', 'pom']"
astaghfirullah marah banget sama b,"['astaghfirullah', 'marah', 'banget', 'b']"
pantes mtrku kek gitu,"['pantes', 'mtrku', 'kek', 'gitu']"
motorku juga brebet alhamdulillah udh di servis semoga gak mbrebet lagi,"['motor', 'brebet', 'alhamdulillah', 'servis', 'moga', 'tidak', 'mbrebet']"
apakah ini konspirasi lord bahlul sama asosiasi bengkel....😅,"['konspirasi', 'lord', 'bahlul', 'asosiasi', 'bengkel']"
jatim jdi kelinci percobaan etanol🥺,"['jatim', 'kelinci', 'coba', 'etanol']"
admin Gerindra mana nihhh ok gas ok gas 🤣🤣🤣🤣,"['admin', 'gerindra', 'nihhh', 'oke', 'gas', 'oke', 'gas']"
dikampungku juga sekarang banyak motor brebet massal😭 anj bgt yg oplos itu.. pliss pak prabowo tolong ditindak 😭😭,"['kampung', 'motor', 'brebet', 'massal', 'anj', 'oplos', 'please', 'prabowo', 'tolong', 'tindak']"
emg parah pertalite skrg bikin motor cepat rusak kotor tangki... dasar mah beli di pom antri minta ampun... parah parah,"['parah', 'pertalite', 'skrg', 'motor', 'cepat', 'rusak', 'kotor', 'tangki', 'dasar', 'mah', 'beli', 'pom', 'antri', 'ampun', 'parah', 'parah']"
zolim terus sama rakyat yaallah,"['zolim', 'rakyat', 'yaallah']"
Q. kemariin. juga. ngalamin. di pom. magelang. luurrr🙏🙏🤦🤦,"['q', 'kemariin', 'ngalamin', 'pom', 'magelang', 'luurrr']"
"Hukum Seberat mungkin Bahlil,bila perlu suruh minum Etanol dn bensin, Dampot tenan kok Bahlil.","['hukum', 'berat', 'bahlilbila', 'suruh', 'minum', 'etanol', 'dn', 'bensin', 'dampot', 'tenan', 'bahlil']"
akun Bahlil komen dinonaktifkan rek,"['akun', 'bahlil', 'komen', 'nonaktif', 'rek']"
memzng iya pertalit di campur etanol...mangkanya mulai sekarang beli pertamax aja,"['memzng', 'iya', 'pertalit', 'campur', 'etanolmangkanya', 'beli', 'pertamax', 'aja']"
"parah non ketimbang,kena tipu jugak ya.😁😁😁😁😁","['parah', 'non', 'ketimbangkena', 'tipu', 'jugak', 'ya']"
anku jg beli pertalit sepeda macet bolak balik..,"['anku', 'beli', 'pertalit', 'sepeda', 'macet', 'bolak']"
nah sekarang tau kan alasan setiap SPBU Pertamina di larang pake botol..plastik nah itu buktinya.. Mentri ESDM gmn kalau kayak gtu. tanggung jawab kau,"['alas', 'spbu', 'pertamina', 'larang', 'pake', 'botolplastik', 'bukti', 'tri', 'esdm', 'gmn', 'kayak', 'gtu', 'tanggung']"
wes dang di demo,"['wes', 'dang', 'demo']"
sibalili hrus bertanggung jawab jgn masarakat yg jadi sasarannya,"['sibalili', 'hrus', 'tanggung', 'jangan', 'masarakat', 'sasar']"
"dijember juga banyak motor"" keluhannya sepedanya brebek mungkin karena itu","['jember', 'motor', 'keluh', 'sepeda', 'brebek']"
pantes sensor bensinku gampang rusak,"['pantes', 'sensor', 'bensin', 'gampang', 'rusak']"
aku isi pertalite ban nya mala pecah,"['isi', 'pertalite', 'ban', 'mala', 'pecah']"
ganti ke shell,"['ganti', 'shell']"
aaku juga gituuuu,"['aaku', 'gituuuu']"
hidup udh sulit jadi nambah sulit,"['hidup', 'sulit', 'nambah', 'sulit']"
rezeki orang bengkel,"['rezeki', 'orang', 'bengkel']"
kapan Shell ada bensin nya?,"['shell', 'bensin']"
viralin,['viralin']
bahlulll,['bahlulll']
bekel full senyum 😂,"['bekel', 'full', 'senyum']"
kalau rusak di ganti negara mah gpp ini kita betulin sendiri bensin beli sendiri 🗿,"['rusak', 'ganti', 'negara', 'mah', 'tidak', 'betulin', 'bensin', 'beli']"
"ohh mrebet gara"" pertalite ya, kirain krna blm gnti olii","['oh', 'mrebet', 'gara', 'pertalite', 'ya', 'kirain', 'krna', 'blm', 'gnti', 'oli']"
cung ☝️aku baru aja tadi malam kak motor Kaka ku sih tapinya berebet brebet mogok² gitu mana nggak ada engkolannya lagi,"['cung', 'aja', 'malam', 'kak', 'motor', 'kakak', 'ku', 'tapi', 'rebet', 'brebet', 'mogok', 'gitu', 'tidak', 'engkol']"
pantes motor ku juga ngadat2 gitu jalannya😭,"['pantes', 'motor', 'ku', 'ngadat', 'gitu', 'jalan']"
inilah akibat pejabat di isi sama yg bukan teknokrat. please lah kedepan jabatan mentri harus di isi sama teknokrat seperti pak purbaya,"['akibat', 'jabat', 'isi', 'bukan', 'teknokrat', 'please', 'depan', 'jabat', 'tri', 'isi', 'teknokrat', 'purbaya']"
lah gua kira punya gua doang 🗿,"['gua', 'gua', 'doang']"
"yg isi pertamax sama juga bg ,,keluhannya sama gitu 🥲🥲","['isi', 'pertamax', 'bg', 'keluh', 'gitu']"
kalo pertamax nggak bang?,"['pertamax', 'tidak', 'bang']"
binggung nya kok gw searching BBM masih belum dikasih etanol yah tpi kok pada ada masalah Mulu saat udh ke isi BBM di SPBU,"['binggung', 'searching', 'bbm', 'kasih', 'etanol', 'yah', 'tpi', 'mulu', 'isi', 'bbm', 'spbu']"
"tmpat ku aman2 aj anjir🤣🤣.. mlh belinya di ecerann..
daerah jawa aj ituu..","['tmpat', 'ku', 'aman', 'aj', 'anjir', 'mlh', 'beli', 'ecerann', 'daerah', 'jawa', 'aj', 'ituu']"
dahlahh udah jdi korban🤧,"['dahlahh', 'korban']"
"tambahannnn, SOLAR langka bgt di daerah, alasannya sinyal eror, jd yg udh scan barcode, kudu nunggu 1 jam, klo blom satu jam di scan lg, berujung nambah jd 2 jam. gila bgt, pedagang mau muter ekonomi aja di persulit","['tambahannnn', 'solar', 'langka', 'daerah', 'alas', 'sinyal', 'eror', 'scan', 'barcode', 'kudu', 'nunggu', 'jam', 'blom', 'jam', 'scan', 'lg', 'ujung', 'nambah', 'jam', 'gila', 'dagang', 'muter', 'ekonomi', 'aja', 'sulit']"
podo mbaa disini banyak keluhan pertamak,"['podo', 'mbaa', 'keluh', 'tamak']"
"motor sek enak ISO di surung kancane, lha mobil matic lho opo ga nangis😭pas tb² mandeg jegrek tengah dalan. di surung ga kenek, bedo Karo mobil manual.","['motor', 'sek', 'enak', 'iso', 'surung', 'kancane', 'lha', 'mobil', 'matic', 'lho', 'opo', 'tidak', 'nangispas', 'tb', 'mandeg', 'jegrek', 'dal', 'surung', 'tidak', 'kenek', 'bedo', 'karo', 'mobil', 'manual']"
"aku sll isi pertalite kdng Pertamax aman aman aja,tp mmg tiap bulan aku sll service,ganti oli","['sll', 'isi', 'pertalite', 'kdng', 'pertamax', 'aman', 'aman', 'ajatp', 'mmg', 'sll', 'serviceganti', 'oli']"
"sudah bnyak korban , tpi blom ad tindakan. termasuk penipuan gak sih jual minyak buat .otor rusak","['bnyak', 'korban', 'tpi', 'blom', 'ad', 'tindak', 'tipu', 'tidak', 'jual', 'minyak', 'otor', 'rusak']"
org kaltim : kami pernah ada disitu di posisi mu🤣,"['orang', 'kaltim', 'situ', 'posisi', 'mu']"
Sama bgt mbak aq beli pertamax brebet ke bengkel habis 400,"['mbak', 'beli', 'pertamax', 'brebet', 'bengkel', 'habis']"
kreta brebet teruss anj laa,"['kreta', 'brebet', 'teruss', 'anj', 'laa']"
langsung cek ajah SPBU NYA MUMPUNG DI SPBU,"['langsung', 'cek', 'ajah', 'spbu', 'mumpung', 'spbu']"
tangkap mafia pertamina,"['tangkap', 'mafia', 'pertamina']"
"jgn asal umum kan sepihak pa de buktikan saja ,Tanki pom ada airnya atau Tanki gojek ada air nya karna sering beli ECER pas ujan di warung","['jangan', 'pa', 'de', 'bukti', 'tank', 'pom', 'air', 'tank', 'gojek', 'air', 'karna', 'beli', 'ecer', 'pas', 'ujan', 'warung']"
kemarin sore kirain baru ngisi langsung di periksa,"['kemarin', 'sore', 'kirain', 'ngisi', 'langsung', 'periksa']"
"ihhh sama tau motor aku jg gitu bbrp hari ini bahkan skrng aja masuk lg bengkel, kebetulan aku pake Pertamax","['ihhh', 'motor', 'gitu', 'bbrp', 'skrng', 'aja', 'masuk', 'lg', 'bengkel', 'pake', 'pertamax']"
ini bisa2 jadi demo part 2 nih🤣,"['demo', 'part']"
saran dong klo udh gini motornya gmn ya? takutnya pas dijalan malah mogok tiba tiba😭,"['saran', 'gin', 'motor', 'gmn', 'ya', 'takut', 'pas', 'jalan', 'mogok']"
orangnya lagi jualan bakso nih 😹,"['orang', 'jual', 'bakso']"
"mekanik untung
tapi capek jirr","['mekanik', 'untung', 'capek', 'jirr']"
alternatif nya apa guys😭,"['alternatif', 'guys']"
pasti ulah si bahlil😌,"['ulah', 'si', 'bahlil']"
benerrr motor gua juga brebet co,"['benerrr', 'motor', 'gua', 'brebet', 'co']"
asli bang sama udh bner cape ke bengkel😢,"['asli', 'bang', 'bner', 'cape', 'bengkel']"
"tukang bengkel 📈📈
anggota mekanik 📈📈
jurusan tkr📈📈📈
harga benerin motor📈📈
🗿🗿🗿🗿🗿💔","['tukang', 'bengkel', 'anggota', 'mekanik', 'jurus', 'tkr', 'harga', 'benerin', 'motor']"
loh😱,['loh']
"semua nya dioplos, jdi mau pakai bensin mana lagi?","['oplos', 'pakai', 'bensin']"
tukang bengkel:😋🤑💸💵💴💶💰💳,"['tukang', 'bengkel']"
aku isi di indomobil amannn 😄,"['isi', 'indomobil', 'amannn']"
Mobil aku juga pernah begitu!!,['mobil']
ANJJJ NYUSAHIN BGTTT😭😭😭😭😭,"['anjjj', 'nyusahin', 'bgttt']"
mobil ajaa brebet anj,"['mobil', 'ajaa', 'brebet', 'anj']"
tolak petronas yg memberi 100% bensin asli untuk bensin campuran good idea,"['tolak', 'petronas', 'bensin', 'asli', 'bensin', 'campur', 'good', 'idea']"
berarti lebih aman pertamax ya bang,"['aman', 'pertamax', 'ya', 'bang']"
"MUNGKIN STOK SUDAH SEDIKIT, BERALIH KE LISTRIK","['stok', 'alih', 'listrik']"
aku gak mau ngomong kasar bisa wakilkan gak ??🥺🥺🥺,"['tidak', 'ngomong', 'kasar', 'wakil', 'tidak']"
"jawa timur doang, jabar aman","['jawa', 'timur', 'doang', 'jabar', 'aman']"
Aku pertamax sama jugakayak gini😭,"['pertamax', 'jugakayak', 'gin']"
kita ini kaya sengaja digiring pake kendaraan listrik ga sih?,"['kaya', 'sengaja', 'giring', 'pake', 'kendara', 'listrik', 'tidak']"
lah kok podo yo wes ono 2 minggu iki vario.. d gas mlh mati🥺dulurq yo ngunu servis entek 300 mogok trus wes ono seminggu,"['podo', 'yo', 'wes', 'ono', 'minggu', 'iki', 'vario', 'gas', 'mlh', 'matidulurq', 'yo', 'ngunu', 'servis', 'entek', 'mogok', 'trus', 'wes', 'ono', 'minggu']"
sama ka saya juga isi pertamax kemaren sore skrng mtr brebet tapi blm dibawa ke bengkel,"['ka', 'isi', 'pertamax', 'kemaren', 'sore', 'skrng', 'mtr', 'brebet', 'blm', 'bawa', 'bengkel']"
Pertamina sedang rugi,"['pertamina', 'rugi']"
coba o yamaha mbak..mesine bandel..rata2 seng korban spedane honda 😂,"['coba', 'o', 'yamaha', 'mbakmesine', 'bandelrata', 'seng', 'korban', 'spedane', 'honda']"
SEKARANG PERTAMAX KSONG....MAUNYA APA PEMERINTAH INI...,"['pertamax', 'ksongmaunya', 'perintah']"
korban juga 😁,['korban']
kalah ama petronas jir..udah murah kualitas bagus,"['kalah', 'ama', 'petronas', 'jirudah', 'murah', 'kualitas', 'bagus']"
aku baru aja kena bg🗿,"['aja', 'kena', 'bg']"
terus isi bensin pake apa dongg??😭,"['isi', 'bensin', 'pake', 'dongg']"
apa ini cara pemerintah ngurangin populasi kendaraan pribadi🗿,"['perintah', 'ngurangin', 'populasi', 'kendara', 'pribadi']"
keknya sekarang harus beli sepeda aja deh. gaada bensin yg bisa dipercaya🙂,"['kek', 'beli', 'sepeda', 'aja', 'gaada', 'bensin', 'percaya']"
pdhl aku beli peramax loh 😭,"['pdhl', 'beli', 'peramax', 'loh']"
NTB msih amaan bngt😭🙏🏻,"['ntb', 'msih', 'ama', 'bngt']"
"Samaa astghfirr, dzolim bgt pemerintah","['samaa', 'astghfirr', 'dzolim', 'perintah']"
"SAMA KAKK, MOTORKU BARU 6 BULAN MASIH BARUU POLL BREBET BREBET BEAT CBS KU😭","['kakk', 'motor', 'baruu', 'poll', 'brebet', 'brebet', 'beat', 'cbs', 'ku']"
"isi dimana mb pom nya,bawa kekantor pengaduan pertamina, kl disana dipersulit. viralkan lg mb.... biar rakyat bs berlaku seperti nepal","['isi', 'mana', 'mb', 'pom', 'nyabawa', 'kantor', 'adu', 'pertamina', 'kl', 'sana', 'sulit', 'viralkan', 'lg', 'mb', 'rakyat', 'laku', 'nepal']"
shell aja nolak ... tuh Kan di campur 😂😂,"['shell', 'aja', 'nolak', 'tuh', 'campur']"
absen korban saya jg barusan🤦,"['absen', 'korban', 'barusan']"
Ya anak saya beli pertalit di daerahMalang sepeda di pakai pagi tadi jam7. berhenti mendadak. isi pertalit. di stater brebet mati. nuntun jadinya. gimana ini pak.,"['ya', 'anak', 'beli', 'pertalit', 'daerahmalang', 'sepeda', 'pakai', 'pagi', 'jam', 'henti', 'dadak', 'isi', 'pertalit', 'stater', 'brebet', 'mati', 'nuntun', 'gimana']"
emang kenyataan kok tonggoku ngisi motore mbrebet Nang bengkel entek 350 ewu lek emang rekayasa mosok wong AKEH seng kenek,"['emang', 'nyata', 'tonggoku', 'ngisi', 'motore', 'mbrebet', 'nang', 'bengkel', 'entek', 'ewu', 'lek', 'emang', 'rekayasa', 'mosok', 'akeh', 'seng', 'kenek']"
ahahaa ga bisa nyalahin tempat lain karena yg buka situ doang,"['ahahaa', 'tidak', 'nyalahin', 'buka', 'situ', 'doang']"
bagus pak sidak terus pak pertamina semuaaa,"['bagus', 'sidak', 'pertamina', 'semuaaa']"
sudah banyak korban pak de🤣🤣🤣,"['korban', 'de']"
"tp saya jualan di botol""gitu ga ada airnya.entah kl sdh masuk k Tanki motor keguncangan.","['jual', 'botolgitu', 'tidak', 'airnyaentah', 'kl', 'masuk', 'tank', 'motor', 'guncang']"
lil bahlil,"['lil', 'bahlil']"
Alhamdulillah Jateng Jaya semenjak dpt bansos,"['alhamdulillah', 'jateng', 'jaya', 'semenjak', 'dpt', 'bansos']"
penyiksaan pda rakyat,"['siksa', 'pda', 'rakyat']"
Pertamax sama aja,"['pertamax', 'aja']"
"Bahlil"" gua telat tka ini gra"" Bentol","['bahlil', 'gua', 'telat', 'tka', 'gra', 'bentol']"
saya isi Pertamax tadi jam 15.00 di pom bensin Madura. pas jam 16.50 brebet. Ya Allah😭,"['isi', 'pertamax', 'jam', 'pom', 'bensin', 'madura', 'pas', 'jam', 'brebet', 'ya', 'allah']"
kemarin gw sampe jatoh bang😭😭,"['kemarin', 'sampe', 'jatoh', 'bang']"
motorku juga brebet😭😭😭,"['motor', 'brebet']"
ternyata bukan gw aja,"['bukan', 'aja']"
solusi nya Pertamina harus punya mobil yg tangki nya transparan,"['solusi', 'pertamina', 'mobil', 'tangki', 'transparan']"
Pertamina sudah sulit di percaya,"['pertamina', 'sulit', 'percaya']"
kasian rakyat,"['kasi', 'rakyat']"
Pertamina gimana mau tanggung jawab kita bayar beli bensin kes aja rugi terliunan 🤣🤣🤣,"['pertamina', 'gimana', 'tanggung', 'bayar', 'beli', 'bensin', 'kes', 'aja', 'rugi', 'terliunan']"
Pertamax juga kotor ada residunya walaupun lebih kecil dari pertalite,"['pertamax', 'kotor', 'residu', 'pertalite']"
peraturan orang biadap di pusat,"['atur', 'orang', 'biadap', 'pusat']"
Ayo rim semangat!😅,"['ayo', 'rim', 'semangat']"
ikut sedehh nek motor anyar ..lha nek motorku ngunu karuan e beat lawas . nek amyar 😭😭menangis,"['sedehh', 'nek', 'motor', 'anyar', 'lha', 'nek', 'motor', 'ngunu', 'karuan', 'e', 'beat', 'lawas', 'nek', 'amyar', 'menang']"
pertalite pertamax ga ada bedanya,"['pertalite', 'pertamax', 'tidak', 'beda']"
yuk larisin spbu swasta aja rek,"['yuk', 'larisin', 'spbu', 'swasta', 'aja', 'rek']"
"biasanya aq isi bensin di sell, sekrng kosong terus, trpaksa isi Pertamax,","['isi', 'bensin', 'sell', 'sekrng', 'kosong', 'trpaksa', 'isi', 'pertamax']"
"podo mbak, beatku tak isi pertamax yo brebet","['podo', 'mbak', 'beatku', 'isi', 'pertamax', 'yo', 'brebet']"
Sama seperti yg aku alami. sekarang Ganti BP amannn josss,"['alami', 'ganti', 'bp', 'amannn', 'josss']"
SAMAAAA GABISA DI GASSS ANJIRRRR,"['samaaaa', 'gabisa', 'gasss', 'anjirrrr']"
punya keluargku kena semua,"['keluargku', 'kena']"
motor baru beli udh berebet😊,"['motor', 'beli', 'rebet']"
njay motor àyahku juga gituu😭😔,"['njay', 'motor', 'yahku', 'gituu']"
pertamax jugak,"['pertamax', 'jugak']"
"jadi cerita etanol itu bensin buangan, terus bensin yg pertalite di jadiin ke Pertamax","['cerita', 'etanol', 'bensin', 'buang', 'bensin', 'pertalite', 'jadiin', 'pertamax']"
punyaku tiba-tiba mati gtu 🥺bkn ap tkutny pas ngebut blkng ngebut jg eh ketabrak. naudzubillah min zallik,"['punya', 'tibatiba', 'mati', 'gtu', 'bkn', 'ap', 'tkutny', 'pas', 'ngebut', 'blkng', 'ngebut', 'eh', 'tabrak', 'naudzubillah', 'min', 'zallik']"
"bener"" si bahlul bikin ulah aja😭","['bener', 'si', 'bahlul', 'ulah', 'aja']"
punya gw juga kena juga jir,"['kena', 'jir']"
tetap saja bahlil tak tergoyahkan... maha sakti bahlil lakada apa tuh🤣,"['bahlil', 'goyah', 'maha', 'sakti', 'bahlil', 'lakada', 'tuh']"
rusak banget dahh Indonesia sekarang😔,"['rusak', 'banget', 'dahh', 'indonesia']"
klk pertamax aman ngga ya😭,"['klk', 'pertamax', 'aman', 'tidak', 'ya']"
Pajak 11% njirrr,"['pajak', 'njirrr']"
bahlil bahlil,"['bahlil', 'bahlil']"
"oke gaes punya pacarku juga gitu habis dibawa ke bengkel tetep aja brebet trus tadi malem dibawa ke bengkel lagi dan aku tanya ke orang bengkel kasus ini dah brp orang dia jawab beberapa hari ini dah 35 motor yg kasusnya sama, guendeng poll sih","['oke', 'gaes', 'pacar', 'gitu', 'habis', 'bawa', 'bengkel', 'tetep', 'aja', 'brebet', 'trus', 'malem', 'bawa', 'bengkel', 'orang', 'bengkel', 'brp', 'orang', 'motor', 'kasus', 'guendeng', 'poll']"
tapi untuk Jawatengah Jabar dan Banten sampai saat ini untuk pertalite Pertamax aman ngak ada yg mogok juga berebet mungkin harus di cek di SPBU nya yg curang atau sopir tangkinya coba di cek dulu lagian. ngak semua SPBU di Jatim tercampur air😂😂😂🙏,"['jawatengah', 'jabar', 'banten', 'pertalite', 'pertamax', 'aman', 'ngak', 'mogok', 'rebet', 'cek', 'spbu', 'curang', 'sopir', 'tangki', 'coba', 'cek', 'ngak', 'spbu', 'jatim', 'campur', 'air']"
"Aku aman saja ! pernah brebet mati ,ternyata switch dari standart samping yg eror,ya sudah matikan saja switch nya","['aman', 'brebet', 'mati', 'switch', 'standart', 'samping', 'erorya', 'mati', 'switch']"
Turbo juga ga yaa😭🙏,"['turbo', 'tidak', 'yaa']"
kenapa pelakunya msh aman n menjabat yaa,"['laku', 'msh', 'aman', 'n', 'jabat', 'yaa']"
"MOTORKU JG SAMA IH RUSAK BEBEREBEDAN PADAHAL AKU SELALU ISI PERTAMAX, TRNYATA KRNA AKU G PRNH SERVICE😔","['motor', 'ih', 'rusak', 'beberebedan', 'isi', 'pertamax', 'trnyata', 'krna', 'tidak', 'prnh', 'service']"
Plat merah mana ada yg bagus 😘,"['plat', 'merah', 'bagus']"
ganti bahan bakar mobil aja dlu kak.aman,"['ganti', 'bahan', 'bakar', 'mobil', 'aja', 'dlu', 'kakaman']"
Bahlull meninggalkan grup🗿,"['bahlull', 'tinggal', 'grup']"
gara2 etanol itu😃,"['gara', 'etanol']"
kusut pertalit,"['kusut', 'pertalit']"
bener itu campur 10%etanol,"['bener', 'campur', 'etanol']"
motor jd brebet mulu.. padahal sblm jln sdh di warm up,"['motor', 'brebet', 'mulu', 'sblm', 'jln', 'warm', 'up']"
tolong di usuult tentang BBM di sini udah lama merugikan membahayakan merusak,"['tolong', 'usuult', 'bbm', 'rugi', 'bahaya', 'rusak']"
etanol itu berubah jadi air yaa,"['etanol', 'ubah', 'air', 'yaa']"
musim ujan skrng,"['musim', 'ujan', 'skrng']"
ijin pak harusnya bapa beli di Pertamina langsung jangan bgtu .kawatir oknum yg membuat rusuh . mending bapa bawa botol isi ke pertalitnya langsung .biar tau bukti aslinya..,"['ijin', 'bapa', 'beli', 'pertamina', 'langsung', 'jangan', 'bgtu', 'kawatir', 'oknum', 'rusuh', 'mending', 'bapa', 'bawa', 'botol', 'isi', 'pertalitnya', 'langsung', 'bukti', 'asli']"
"td ada yg servis motor ditmpat suamiku,pertmaa diisi pertalit,trus brebet,akhirnya diisi pertamak eh malah mati,dikuras bensin nya warna nya jadi merah","['td', 'servis', 'motor', 'ditmpat', 'suamikupertmaa', 'isi', 'pertalittrus', 'brebetakhirnya', 'isi', 'tamak', 'eh', 'matidikuras', 'bensin', 'warna', 'merah']"
usut bos sampe tuntas,"['usut', 'bos', 'sampe', 'tuntas']"
sumpah pantesan motor gua brebet anjir,"['sumpah', 'pantesan', 'motor', 'gua', 'brebet', 'anjir']"
Pertamina mana ngaku,"['pertamina', 'ngaku']"
Moh salah,"['moh', 'salah']"
ini semua gara gara reza chalid,"['gara', 'gara', 'reza', 'chalid']"
"Pertama sudah saatnya di pimpin Ahok, supaya oknum2 di internal dibantai yg merugikan masyarakat luas di Indonesia","['pimpin', 'ahok', 'oknum', 'internal', 'bantai', 'rugi', 'masyarakat', 'luas', 'indonesia']"
"tutor nyurung motor mbakk😫, aku ket biyen belajar, raiso isoo😫😭","['tutor', 'nyurung', 'motor', 'mbakk', 'ket', 'biyen', 'ajar', 'raiso', 'isoo']"
Pertamina sepi wisan Ket wingi,"['pertamina', 'sepi', 'wisan', 'ket', 'wing']"
sama kak menghhindari pertalite malah Kennak Krn ganti pertamax 😭😭,"['kak', 'menghhindari', 'pertalite', 'kennak', 'krn', 'ganti', 'pertamax']"
"PERTAMINAINDONESIA GIMANA INIH
MASA KITA BELI BENSIN BAYAR PERTAMINA YANG RUGI
KAN MOTOR KITA"" YANG PADA RUSAK😭😭😭","['pertaminaindonesia', 'gimana', 'inih', 'beli', 'bensin', 'bayar', 'pertamina', 'rugi', 'motor', 'rusak']"
sama kak...aku ya pakai Pertamax Uda lamaaaa...tetep ngadat jugaaa,"['kakaku', 'ya', 'pakai', 'pertamax', 'uda', 'lamaaaatetep', 'ngadat', 'jugaaa']"
di daerah mana ini,['daerah']
"fulpum, injektor,busi. dah kena semuaa","['fulpum', 'injektorbusi', 'kena', 'semuaa']"
rapopo skalian service. lek gak ngunu gak tau mok service,"['rapopo', 'skalian', 'service', 'lek', 'tidak', 'ngunu', 'tidak', 'mok', 'service']"
podo mbk 😭,"['podo', 'mbk']"
sama ka,['ka']
tapi beat pop tak isi pertalite terus GK brebet 🗿,"['beat', 'pop', 'isi', 'pertalite', 'tidak', 'brebet']"
"motor putriku yo angel di starter, padahal biasane ora. lokasi jombang,","['motor', 'putri', 'yo', 'angel', 'starter', 'biasane', 'ora', 'lokasi', 'jombang']"
"pertalit pertamax
sm saja
bikin brebet","['pertalit', 'pertamax', 'sm', 'brebet']"
knpa kmareb blik knpa komplen nya baru2,"['knpa', 'kmareb', 'blik', 'knpa', 'komplen']"
suamiku juga d sidoajo sampek g bisa kerja....tapi paling sakit hati lihat respon pertamina dan bahlil,"['suami', 'sidoajo', 'sampek', 'tidak', 'kerjatapi', 'sakit', 'hati', 'lihat', 'respon', 'pertamina', 'bahlil']"
"podo mbk,,beat e ank ku yo ngono,brebet,terus padahal wsd service pancet ae,gk onk hasil e,pancet brebet","['podo', 'mbkbeat', 'e', 'ank', 'ku', 'yo', 'ngonobrebetterus', 'wsd', 'service', 'pancet', 'aegk', 'onk', 'hasil', 'epancet', 'brebet']"
Intinya sebelum menterinya ganti jangan beli di plat merah,"['inti', 'menteri', 'ganti', 'jangan', 'beli', 'plat', 'merah']"
aku aja ngisi pertalite di SPBU 15ribu lngsung brebet ka,"['aja', 'ngisi', 'pertalite', 'spbu', 'ribu', 'lngsung', 'brebet', 'ka']"
"Alhamdulillah spedaku gak pernah rewel ,ngisi bensin dimanapun aman aja.","['alhamdulillah', 'spedaku', 'tidak', 'rewel', 'ngisi', 'bensin', 'mana', 'aman', 'aja']"
Kayak aku kmrin motorku wes ape sakaratul maut 😩😩pertamina onok ae gebrakanne😡😡😡,"['kayak', 'kmrin', 'motor', 'wes', 'ape', 'sakaratul', 'maut', 'pertamina', 'onok', 'ae', 'gebrakanne']"
partalit etanol 50%,"['partalit', 'etanol']"
"pertalite udah gk bagus tambah ancur lagi gara"" balil🤣
paling bner pke pertamax emg","['pertalite', 'tidak', 'bagus', 'ancur', 'gara', 'balil', 'bner', 'pke', 'pertamax']"
bukanya kemaren2 udh kena kasus kok malah tambah parah si😭,"['buka', 'kemaren', 'kena', 'parah', 'si']"
kang bengkel,"['kang', 'bengkel']"
Motorku juga udah mulai brebet ni.,"['motor', 'brebet', 'ni']"
mana kemarin abis isi pertalite😭😭😭,"['kemarin', 'abis', 'isi', 'pertalite']"
"Podo mbukak..😭beat street ku THN ini Yoan , busine gosong, filtere rupane kyk areng.","['podo', 'mbukakbeat', 'street', 'ku', 'thn', 'yoan', 'busine', 'gosong', 'filtere', 'rupane', 'kyk', 'areng']"
"wingi gonku y mari mlebu bengkel MBK,
sak gurunge isi aman mari isi sekitar 5km an brebet, akhire y Ng bengkel wes","['wing', 'gonku', 'y', 'mari', 'mlebu', 'bengkel', 'mbk', 'sak', 'gurunge', 'isi', 'aman', 'mari', 'isi', 'km', 'an', 'brebet', 'akhire', 'y', 'ng', 'bengkel', 'wes']"
podo mbak 😭,"['podo', 'mbak']"
mntrinya dipulangin aja deh,"['mntrinya', 'dipulangin', 'aja']"
"di tempat saya juga banyak yg mengeluh motor brebret
di kira rusah teryata semua yg habis di isi pertalite semua seperti itu","['keluh', 'motor', 'brebret', 'rusah', 'teryata', 'habis', 'isi', 'pertalite']"
knp GK ambil sample langsung dari selangnya😭😭,"['tidak', 'ambil', 'sample', 'langsung', 'selang']"
memang di FB sekarang juga viral berapa Minggu ini pertalite bikin motor brebet apa lagi motor tua yg pengapianya kurang normal langsung dah mogok kayak motor ku bener sekarang gak jalan tak otak Atik karbunya malah GK karu karuan,"['fb', 'viral', 'minggu', 'pertalite', 'motor', 'brebet', 'motor', 'tua', 'pengapianya', 'normal', 'langsung', 'mogok', 'kayak', 'motor', 'ku', 'bener', 'tidak', 'jalan', 'otak', 'atik', 'karbunya', 'tidak', 'karu', 'karuan']"
"di Surabaya juga rame, ada orang mogok","['surabaya', 'rame', 'orang', 'mogok']"
boleh pake canpuran etanol tapi negara maju,"['pake', 'canpuran', 'etanol', 'negara', 'maju']"
pantes tangki bensin gua sering karatan 3 bulan terakhir ini🤣,"['pantes', 'tangki', 'bensin', 'gua', 'karat']"
"astagaaa isi Pertamax dioplos, pertalite juga dioplos trus suruh percaya gituuu 😪","['astagaaa', 'isi', 'pertamax', 'oplos', 'pertalite', 'oplos', 'trus', 'suruh', 'percaya', 'gituuu']"
doa tukang benkel di ijabah😭,"['doa', 'tukang', 'benkel', 'ijabah']"
mengacaukan masa depan tenan iki.. kok ngene men yo yoooo,"['acau', 'tenan', 'iki', 'ngene', 'men', 'yo', 'yoooo']"
"haalahhh aq aja isi pertalite tgl 31 okt an kli ga salah.lgsung mrebett PCX ku. isi 30rb.brebeetttt bettt😅😅😅 trs nunggu abis sampe kedip2, isi pertamax Turbo, yaa sek ttp brebeettt beettt","['haalahhh', 'aja', 'isi', 'pertalite', 'tanggal', 'okt', 'an', 'kli', 'tidak', 'salahlgsung', 'mrebett', 'pcx', 'ku', 'isi', 'rbbrebeetttt', 'bettt', 'trs', 'nunggu', 'abis', 'sampe', 'kedip', 'isi', 'pertamax', 'turbo', 'yaa', 'sek', 'ttp', 'brebeettt', 'beettt']"
"Motor beat baru 8bln kalau jalan nyendat,scopy sampek gak bisa nyala sisa 1 motor yg masih aman gak brani ngisi 😭😭😭😭😭 ku biarkan nganggur digarasi bensine habis","['motor', 'beat', 'bln', 'jalan', 'nyendatscopy', 'sampek', 'tidak', 'nyala', 'sisa', 'motor', 'aman', 'tidak', 'brani', 'ngisi', 'ku', 'biar', 'nganggur', 'garasi', 'bensine', 'habis']"
Pertamini zholim sekali kepada rakyat...,"['pertamini', 'zholim', 'rakyat']"
"podo mbakk, iki motorku yo brebet bet bett😭","['podo', 'mbakk', 'iki', 'motor', 'yo', 'brebet', 'bet', 'bett']"
Pertamina menyusahkan rkyt,"['pertamina', 'susah', 'rkyt']"
"motorku beat juga kena,ganti bussi juga akhir September,Oktober ganti busi lagi😞","['motor', 'beat', 'kenaganti', 'bussi', 'septemberoktober', 'ganti', 'busi']"
mbakk.. samaaa.. beatkuu mogok donggg pas jmput sekolahh.. padahal udh ganti pertamax😌,"['mbakk', 'samaaa', 'beatkuu', 'mogok', 'donggg', 'pas', 'jmput', 'sekolahh', 'ganti', 'pertamax']"
ini semua agar molis laku,"['mol', 'laku']"
"yg ngeluh kebanyakan honda matic keluaran terbaru,,sedangkan yg yamaha mo kluaran baru ato lama gak masalah,,jangan2 matic honda","['ngeluh', 'banyak', 'honda', 'matic', 'keluar', 'terbarusedangkan', 'yamaha', 'mo', 'kluaran', 'ato', 'tidak', 'masalahjangan', 'matic', 'honda']"
"kok Pertamina sing salahne,kudune sing gawe kebijakan","['pertamina', 'sing', 'salahnekudune', 'sing', 'gawe', 'bijak']"
SINI SAT SET BACK LANGSUNG SEMUA 😍🔥,"['sat', 'set', 'back', 'langsung']"
padahal akibat nya udah bisa di liat secara langsung Lo kok masih nyngkal doa nya 🗿,"['akibat', 'liat', 'langsung', 'nyngkal', 'doa']"
"Ini lah pom yg di Surabaya itu toh , seng tempate gak terlalu gede","['pom', 'surabaya', 'seng', 'tempate', 'tidak', 'gede']"
kok gua pakai pertalite aman aman ajai?,"['gua', 'pakai', 'pertalite', 'aman', 'aman', 'aja']"
"ganti saja menterinya,biar gak kerja numpang keren saja","['ganti', 'menterinyabiar', 'tidak', 'kerja', 'numpang', 'keren']"
"kalau SPBU yg bukan no SPBU nya diawali 31, semua bbm di oplos ga murni pertalite,pertamax...itu kabar yg real sy terima dari tmn yg kerja di Priok","['spbu', 'bukan', 'no', 'spbu', 'awal', 'bbm', 'oplos', 'tidak', 'murni', 'pertalitepertamaxitu', 'kabar', 'real', 'sy', 'terima', 'tmn', 'kerja', 'priok']"
Kalau mau sidak jgn ke lapangan tapi ke yang bikin aturan. Orang mereka yang main.,"['sidak', 'jangan', 'lapang', 'atur', 'orang', 'main']"
"pom bensin emang ada yg nakal ada juga yg bener , kalau di botol itu dari tangki motor dimasukin ke botol Aqua untuk bukti...","['pom', 'bensin', 'emang', 'nakal', 'bener', 'botol', 'tangki', 'motor', 'dimasukin', 'botol', 'aqua', 'bukti']"
semua pom bensin mesti di adakan pemeriksaan,"['pom', 'bensin', 'mesti', 'adakan', 'periksa']"
disuruh beli motor mobil listrik,"['suruh', 'beli', 'motor', 'mobil', 'listrik']"
berhenti membohongi public ..uda cukup rakyat makan hati dari pemerintah dan oknum..untuk pengendara waktu mreka habis dan mogok..dan untuk grab / gojek mreka kreta mogok brp banyak orderan di cancel dan di maki2 org..,"['henti', 'bohong', 'public', 'uda', 'rakyat', 'makan', 'hati', 'perintah', 'oknumuntuk', 'kendara', 'mreka', 'habis', 'mogokdan', 'grab', 'gojek', 'mreka', 'kreta', 'mogok', 'brp', 'order', 'cancel', 'maki', 'org']"
motor saya jugo blakangan ini brebet njirrr,"['motor', 'jugo', 'blakangan', 'brebet', 'njirrr']"
tolong diresufle pak presiden,"['tolong', 'diresufle', 'presiden']"
itu ulah bahlil,"['ulah', 'bahlil']"
"UDHLH....GK USAH LGI. KASIHAN KENDARAAN ORG, RUSAK MESINNYA. YG LAIN AJA YA Ciiii.. ,,, i lov u","['udhlhgk', 'lgi', 'kasihan', 'kendara', 'org', 'rusak', 'mesin', 'aja', 'ya', 'ciiii', 'i', 'lov']"
sepeda saya juga brebet,"['sepeda', 'brebet']"
"😂😅😂minyak pertalit ternyata di oplos etanol √
minyak pertamak ternya isi pertalit √
Iya sudah kembalikan saja minyak bensin seperti dulu🤩
dan adakan solar bukan biosolar.
mana hargasudah mahal KKN","['minyak', 'pertalit', 'oplos', 'etanol', 'minyak', 'tamak', 'ter', 'isi', 'pertalit', 'iya', 'kembali', 'minyak', 'bensin', 'adakan', 'solar', 'bukan', 'biosolar', 'hargasudah', 'mahal', 'kkn']"
"itulah kenapa kita dilarang membeli BBM di SPBU gak boleh pakai jerigen atau wadah lain, selain langsung ke tanki kendaraan bermotor.","['larang', 'beli', 'bbm', 'spbu', 'tidak', 'pakai', 'jerigen', 'wadah', 'langsung', 'tank', 'kendara', 'motor']"
Yaallah zalim banget 😭,"['yaallah', 'zalim', 'banget']"
motor ku juga😭,"['motor', 'ku']"
"ket grng heboh pertalite brebet wes gatau tuku pertalite, ancen tk rasakno nek pdhku gae pertalite gas e uwabot eh lakok saiki heboh garai brebet🤣","['ket', 'grng', 'heboh', 'pertalite', 'brebet', 'wes', 'tidak', 'tuku', 'pertalite', 'ancen', 'tk', 'rasakno', 'nek', 'pdhku', 'gae', 'pertalite', 'gas', 'e', 'uwabot', 'eh', 'lakok', 'saiki', 'heboh', 'garai', 'brebet']"
"mba coba pas isi bensin di videoin, di kaltim bisa ajuin dana buat perbaikan motor","['mba', 'coba', 'pas', 'isi', 'bensin', 'videoin', 'kaltim', 'ajuin', 'dana', 'baik', 'motor']"
podo mbk sepadae mbk ku yo kenek njir,"['podo', 'mbk', 'sepadae', 'mbk', 'ku', 'yo', 'kenek', 'njir']"
Wali kota malang bisa gak sih seperti cak ji🥺,"['wali', 'kota', 'malang', 'tidak', 'cak', 'ji']"
apakah iniii yang bikin motor gw kedutt kedutan kalo di bawa jalan 😌,"['iniii', 'motor', 'kedutt', 'kedut', 'bawa', 'jalan']"
akibat termul masih menjabat Dirut Pertamina hancur sudahhh,"['akibat', 'termul', 'jabat', 'dirut', 'pertamina', 'hancur', 'sudahhh']"
rindu shell,"['rindu', 'shell']"
liat cctv kalau bapa itu isi bengsin di situ kan ada cctv,"['liat', 'cctv', 'bapa', 'isi', 'bengsin', 'situ', 'cctv']"
hello,['hello']
"bzirr
bener banget kemaren abis ganti busi 😭
motor ga nyala
org bengkel malah bilang fuel pump
masa sampe sjuta servis 😭","['bzirr', 'bener', 'banget', 'kemaren', 'abis', 'ganti', 'busi', 'motor', 'tidak', 'nyala', 'orang', 'bengkel', 'bilang', 'fuel', 'pump', 'sampe', 'sjuta', 'servis']"
bang tahun depan usaha jasa bengkel kyaknya bakal d pajekin nih. karna skrg udah d bantu sm BUMN.,"['bang', 'usaha', 'jasa', 'bengkel', 'kyaknya', 'pajekin', 'karna', 'skrg', 'bantu', 'sm', 'bumn']"
"untungnya seminggu ini blm ngisi, baru isi suami kmren langsung ke indomobil..","['untung', 'minggu', 'blm', 'ngisi', 'isi', 'suami', 'kmren', 'langsung', 'indomobil']"
bahlil maksa kita bli pertamax,"['bahlil', 'maksa', 'bli', 'pertamax']"
Ih motor gw jg gituu😭 jdi krna bensinny tohh,"['ih', 'motor', 'gituu', 'krna', 'bensinny', 'tohh']"
kalian ingat rizky riplay? kejadian nya mirip kayak kasus pertamina dlu,"['rizky', 'riplay', 'jadi', 'kayak', 'pertamina', 'dlu']"
goblin ajh,['goblin']
dh saatny stop pke pertamina,"['saatny', 'stop', 'pke', 'pertamina']"
"kemarin kasus pertamax
sekarang pertalite negeri apa ini","['kemarin', 'pertamax', 'pertalite', 'negeri']"
"ingat kata gus iqdam bahwa Bahlil itu seperti nabi, makanya jangan di ragukan kemuliaannya","['gus', 'iqdam', 'bahlil', 'nabi', 'jangan', 'ragu', 'mulia']"
"Bahlil sama jokowi cerdas si. sengaja bikin etanol 10% biar motor pada rusak, terus biar pada naik whoosh nya jokowi🤭","['bahlil', 'jokowi', 'cerdas', 'si', 'sengaja', 'etanol', 'motor', 'rusak', 'whoosh', 'jokowi']"
motor gw juga bangsattt Scoopy katanya sensor injektor nya kena air blok nya di buka gosong pdhal motor ga pernah telat ganti oli bensin selalu full,"['motor', 'bangsattt', 'scoopy', 'sensor', 'injektor', 'kena', 'air', 'blok', 'buka', 'gosong', 'pdhal', 'motor', 'tidak', 'telat', 'ganti', 'oli', 'bensin', 'full']"
"guys ini percuma isi bensin sama si merah yg ada malah rusak, kecuali isi bensin di swasta","['guys', 'isi', 'bensin', 'si', 'merah', 'rusak', 'kecuali', 'isi', 'bensin', 'swasta']"
kan udah paling enak beli bensin botolan,"['enak', 'beli', 'bensin', 'botol']"
"buset bang gua sekali jalan, motor bisa mati 3-5 kali","['buset', 'bang', 'gua', 'jalan', 'motor', 'mati', 'kali']"
indonesia menjelang 2026 ada2 aja gebrakannya🗿,"['indonesia', 'jelang', 'aja', 'gebrak']"
"bapak ku jg begini, katanya dicampur sama air","['ku', 'campur', 'air']"
Pantesan..,['pantesan']
"ngene ki semisal lak kejadian bahan bakar e pesawat kecampur etanol.
trus pesawat e macet ndk duwur sp sing tanggung jawab 😫","['ngene', 'ki', 'lak', 'jadi', 'bahan', 'bakar', 'e', 'pesawat', 'campur', 'etanol', 'trus', 'pesawat', 'e', 'macet', 'ndk', 'duwur', 'sp', 'sing', 'tanggung']"
semua gegara si kuah rawon mbaaaaak 😭,"['gegara', 'si', 'kuah', 'rawon', 'mbaaaaak']"
gantio turbo. Saiki elek pertalite tamax,"['gantio', 'turbo', 'saiki', 'elek', 'pertalite', 'tamax']"
tenang mbak Pertamina blm puas kalau rakyat kecil blm jadi bahan percobaan Jan giatel tel tel,"['tenang', 'mbak', 'pertamina', 'blm', 'puas', 'rakyat', 'blm', 'bahan', 'coba', 'jan', 'giatel', 'tel', 'tel']"
sepeda motorku mati mati an setelah isi bensin😂,"['sepeda', 'motor', 'mati', 'mati', 'an', 'isi', 'bensin']"
berkah buat bengkel,"['berkah', 'bengkel']"
untung belum beli 🗿,"['untung', 'beli']"
ya Allah kenapaaa Indonesia macam niee 😩😭... selalu di jatuhkan oleh orang atasan 😭,"['ya', 'allah', 'kenapaaa', 'indonesia', 'niee', 'jatuh', 'orang', 'atas']"
tapi kalau mobil gimana?,"['mobil', 'gimana']"
"😂di Samarinda sblm lebaran smpi hbs lebaran kaya gini, pertalite & Pertamax sama brebet.ngeluh ke pejabat dan kalian tau kata gubernur kaltim yg bilang ""motor jarang di servis 🤣"" padahal yg kena jg ad motor baru keluar dealer😂","['samarinda', 'sblm', 'lebaran', 'smpi', 'hbs', 'lebaran', 'kaya', 'gin', 'pertalite', 'pertamax', 'brebetngeluh', 'jabat', 'gubernur', 'kaltim', 'bilang', 'motor', 'jarang', 'servis', 'kena', 'ad', 'motor', 'dealer']"
waduh bikin rusak motor,"['rusak', 'motor']"
Aku yg paket Pertamax aja masih brebet bang anjiir🥵,"['paket', 'pertamax', 'aja', 'brebet', 'bang', 'anjiir']"
"MTR ku dah cape bolak balik bengkel smpe nangis dorong di benerin terus harga benerin ya pulpam smpe habis 1,5 dah 3 kali masuk bengkel bensin pul tapi ko ngeberebet","['mtr', 'ku', 'cape', 'bolak', 'bengkel', 'smpe', 'nang', 'dorong', 'benerin', 'harga', 'benerin', 'ya', 'pulpam', 'smpe', 'habis', 'kali', 'masuk', 'bengkel', 'bensin', 'pul', 'ko', 'ngeberebet']"
motor q mogok terus mrebet*,"['motor', 'mogok', 'mrebet']"
huemm negara macam apa ini,"['huemm', 'negara']"
motor ku brebet njir😌,"['motor', 'ku', 'brebet', 'njir']"
tangkap,['tangkap']
"setelah ethanol beredar dan motor punya temen pengguna pertalite pada brebet di situ saya gak mau lagi pake pertalite, malah enakan pke pertamax","['ethanol', 'edar', 'motor', 'temen', 'guna', 'pertalite', 'brebet', 'situ', 'tidak', 'pake', 'pertalite', 'enak', 'pke', 'pertamax']"
Ayo Cak Ji bantu kami para rakyat untuk komplain adanya penyampuran etanol pada bbm pertamina,"['ayo', 'cak', 'ji', 'bantu', 'rakyat', 'komplain', 'sampur', 'etanol', 'bbm', 'pertamina']"
"NOVEMBER BERNYA APAA?
#BEREBEETT","['november', 'bernya', 'apaa']"
pantes beli bensin pake drigen g mau...biar g keliatan ada campuranya...😁,"['pantes', 'beli', 'bensin', 'pake', 'drigen', 'tidak', 'maubiar', 'tidak', 'liat', 'campuranya']"
kota malang sepeda motor banyak yang brebet woii,"['kota', 'malang', 'sepeda', 'motor', 'brebet', 'woii']"
sepeda ku rusak gara2 bensin,"['sepeda', 'ku', 'rusak', 'gara', 'bensin']"
upload cctv dari atas nya,"['upload', 'cctv']"
gua kalo beli eceran dibotol🗿😂,"['gua', 'beli', 'ecer', 'botol']"
motorku dadi draculaaa,"['motor', 'dadi', 'draculaaa']"
pokoknya bensin jorok,"['pokok', 'bensin', 'jorok']"
jahat banget,"['jahat', 'banget']"
biar apa di capur air,"['capur', 'air']"
"semenjak isi di vivo pas msh ada aman aja, tp skrg vivo/shell bnyk kosong mau gk mau ke pertamina malah motor brebet parah udh gtu ngebul bau bensin, jdi mtr taro di rmh aja gk kepake sama sekali jdi mls ngisi di pom pertamina dgn kasus ini, akhirnya naik tj aja yg aman / ojol walaupun bayar brp pun dri pda bnerin mtr","['semenjak', 'isi', 'vivo', 'pas', 'msh', 'aman', 'aja', 'skrg', 'vivoshell', 'bnyk', 'kosong', 'tidak', 'pertamina', 'motor', 'brebet', 'parah', 'gtu', 'ngebul', 'bau', 'bensin', 'mtr', 'taro', 'rumah', 'aja', 'tidak', 'kepake', 'mls', 'ngisi', 'pom', 'pertamina', 'tj', 'aja', 'aman', 'ojol', 'bayar', 'brp', 'dri', 'pda', 'bnerin', 'mtr']"
itu perbuatan koruptor geng solo.,"['buat', 'koruptor', 'geng', 'solo']"
motor jadul ku tak kasih Pertamax terus..,"['motor', 'jadul', 'ku', 'kasih', 'pertamax']"
motor saya brebet,"['motor', 'brebet']"
CARI BAHLIL....RAKYAT SLL JD KORBAN,"['cari', 'bahlilrakyat', 'sll', 'korban']"
ngamau ngaku alasan setiap hari test on sport aja jika terbukti km mau diapakan,"['ngamau', 'ngaku', 'alas', 'test', 'on', 'sport', 'aja', 'bukti', 'apa']"
omengi bareng² kaka,"['omengi', 'bareng', 'kakak']"
pertamax podo ae tambah boros pollll😭,"['pertamax', 'podo', 'ae', 'boros', 'pollll']"
tag akun bahlil 🤭,"['tag', 'akun', 'bahlil']"
truss d isi opooo looo reek...🥺🥺.pertalite bosok pertamax yo bosok sisan....piye loooh.,"['truss', 'isi', 'opooo', 'looo', 'reekpertalite', 'bosok', 'pertamax', 'yo', 'bosok', 'sisanpiye', 'loooh']"
"cuman 1 pertanyaan knp masih di isi pertalite????
kan ada pertamax dan pertamax turbo
kecuali montornya itu masih karbu(saya masih pelihara montor karbu cuman v3ga Zr taon 2013 aman2 aja pakai pertalite)
lhaaa paham gak apa beda montor karburator sama injeksi???","['cuman', 'isi', 'pertalite', 'pertamax', 'pertamax', 'turbo', 'kecuali', 'montornya', 'karbusaya', 'pelihara', 'montor', 'karbu', 'cuman', 'vga', 'zr', 'taon', 'aman', 'aja', 'pakai', 'pertalite', 'lhaaa', 'paham', 'tidak', 'beda', 'montor', 'karburator', 'injeksi']"
"UDAH KORBAN, DAN MOGOKNYA ITU PAS BAR TINGGAL 1 ALIAS MAU HABIS KRN GW RASA ITU SISA AMPAS NYA YG BIKIN MOTOR MAKIN RUSAK DAN GAK NYEDOT, ISTILAHNYA, BENSIN 1 BAR ITU UDAH GAK BISA DIGUNAKAN","['korban', 'mogok', 'pas', 'bar', 'tinggal', 'alias', 'habis', 'krn', 'sisa', 'ampas', 'motor', 'rusak', 'tidak', 'nyedot', 'istilah', 'bensin', 'bar', 'tidak']"
"kesel"" bensin ku tak isi pop ice","['kesel', 'bensin', 'ku', 'isi', 'pop', 'ice']"
bahlil posisi 😐😳😁😁,"['bahlil', 'posisi']"
pertamax aman ja kah🙏,"['pertamax', 'aman', 'ja', 'kah']"
spdaku jugak brebet abis ngisi bensin,"['spdaku', 'jugak', 'brebet', 'abis', 'ngisi', 'bensin']"
bahlil sedang mengetik.....,"['bahlil', 'etik']"
motorku gk mau jalan,"['motor', 'tidak', 'jalan']"
saya gnt pertamax krn ngeri mau pertalite takut turun mesin,"['gnt', 'pertamax', 'krn', 'ngeri', 'pertalite', 'takut', 'turun', 'mesin']"
Motor brebet isi pertamax,"['motor', 'brebet', 'isi', 'pertamax']"
kalo udah anak bangsa sudah pandai buat bensin sendiri MBK Yo di dukung ntuk mengembangkannya,"['anak', 'bangsa', 'pandai', 'bensin', 'mbk', 'yo', 'dukung', 'ntuk', 'kembang']"
lil Bahlil,"['lil', 'bahlil']"
pntesan motor lngsung gak enak klau di gass,"['pntesan', 'motor', 'lngsung', 'tidak', 'enak', 'klau', 'gass']"
udh smpe kalsel,"['smpe', 'kalsel']"
"From now on, don't trust Pertamina anymore","['from', 'now', 'on', 'dont', 'trust', 'pertamina', 'anymore']"
sepeda ku ya pernah begitu berebbet2 bunyinya,"['sepeda', 'ku', 'ya', 'berebbet', 'bunyi']"
Ga Ada Yang ucupin HBD ni?☺️,"['tidak', 'ucupin', 'hbd', 'ni']"
bahlil sruh liat,"['bahlil', 'sruh', 'liat']"
lima hari lalu sepedah motor juga habis isi petralait di jln arjuno juga brebet ahirnya di bawa kebingkil juga,"['dah', 'motor', 'habis', 'isi', 'petralait', 'jln', 'arjuno', 'brebet', 'ahirnya', 'bawa', 'kebingkil']"
Itu air atau ethanol? Ethanol harusnya tercampur.. itu air kyknya,"['air', 'ethanol', 'ethanol', 'campur', 'air', 'kyknya']"
merugikan semua rakyat,"['rugi', 'rakyat']"
komisi perlindungan customer ko diam aja ini,"['komisi', 'lindung', 'customer', 'ko', 'diam', 'aja']"
Sidak ke Kalimantan pak byk kendaraan yg mogok setelah isi dipom,"['sidak', 'kalimantan', 'byk', 'kendara', 'mogok', 'isi', 'dipom']"
banyak pom bensin curang memang harus d sidak semua pom d indonesia,"['pom', 'bensin', 'curang', 'sidak', 'pom', 'indonesia']"
kalao kemarin udah tak percaya bang,"['kalao', 'kemarin', 'percaya', 'bang']"
Motor ku brebet pakkk😭,"['motor', 'ku', 'brebet', 'pakkk']"
Motor laki gw Brebes bocor Dari knalpot akibat pembakaran tidak stabil. ya ampun padahal blm lama kluar dari dealer. 😩,"['motor', 'laki', 'brebes', 'bocor', 'knalpot', 'akibat', 'bakar', 'tidak', 'stabil', 'ya', 'ampun', 'blm', 'kluar', 'dealer']"
"Mtor pcx gw kilometer bru 3rbu udh mulai berebet anjirr lahhhhhhh , opo krna bensin pertamax? W trpaksa isi pertamax gara2 shell vivo kgk adaa 😭😭😭😭","['mtor', 'pcx', 'kilometer', 'bru', 'rbu', 'rebet', 'anjirr', 'lahhhhhhh', 'opo', 'krna', 'bensin', 'pertamax', 'trpaksa', 'isi', 'pertamax', 'gara', 'shell', 'vivo', 'kgk', 'adaa']"
motorku juga brebet parah sampk masuk bengkel 3 kali alhmdllh ganti bensin sekarang SDH normal kembali,"['motor', 'brebet', 'parah', 'sampk', 'masuk', 'bengkel', 'kali', 'alhmdllh', 'ganti', 'bensin', 'normal']"
sue pindah Pertamax nek GK ngunu turbo 😊Ra percoyo pertalite,"['sue', 'pindah', 'pertamax', 'nek', 'tidak', 'ngunu', 'turbo', 'ra', 'percoyo', 'pertalite']"
alhamdulillah pertamax turbo aman,"['alhamdulillah', 'pertamax', 'turbo', 'aman']"
COK WONG GOBLOK,"['cok', 'goblok']"
bahlil gara2nya,"['bahlil', 'garanya']"
BAHLIL di gantung saja MENTRI GOBLOK,"['bahlil', 'gantung', 'tri', 'goblok']"
semua karena kelakuan anak anjing',"['laku', 'anak', 'anjing']"
"kenapa ya pemerintah tuh dzalim banget ke rakyat nya,bener²dari segala sisi di mainin.ya allah kalo disini saya sebagai rakyat gabisa apa² izinin saya buat nuntut mereka nanti di akhirat","['ya', 'perintah', 'tuh', 'dzalim', 'banget', 'rakyat', 'nyabener dari', 'sisi', 'main', 'allah', 'rakyat', 'gabisa', 'apa', 'izinin', 'nuntut', 'akhirat']"
kacau kacau jawa,"['kacau', 'kacau', 'jawa']"
bahlil anj motor gua brebet ngtd,"['bahlil', 'anj', 'motor', 'gua', 'brebet', 'ngtd']"
ini g ada yg mau nge dor kah? greget bnget ama si goblin,"['tidak', 'nge', 'dor', 'kah', 'greget', 'bnget', 'ama', 'si', 'goblin']"
bahlul anj,"['bahlul', 'anj']"
"Mungkin pembersihan nama pertamax karna dulu pertamax oplosan, agar merek pertamax bnyk yg beli lgi wkwk","['bersih', 'nama', 'pertamax', 'karna', 'pertamax', 'oplos', 'merek', 'pertamax', 'bnyk', 'beli', 'lgi']"
"sama bang.. motor saya juga pake ngojol berebet kaya kaga ada tenaga nyh, saya paksa in aja terus di gas, soalnyh lagi ngojol","['bang', 'motor', 'pake', 'ngojol', 'rebet', 'kaya', 'kaga', 'tenaga', 'nyh', 'paksa', 'in', 'aja', 'gas', 'soalnyh', 'ngojol']"
Untung ga jadi bbm gratis,"['untung', 'tidak', 'bbm', 'gratis']"
"pake pertamax ada campurannya juga nggak sih??
motor gw masih baru, tapi dah ngerasa dampaknya karena sering isi pertalite 😭😭","['pake', 'pertamax', 'campur', 'tidak', 'motor', 'ngerasa', 'dampak', 'isi', 'pertalite']"
"wkwkw oplosan pertama pas di smd bulan juni kemarin,bensinnya di campur jdinya brebet semua di smd sampe mobil jg,ad yang ampe tangkinya berkarat","['wkwkw', 'oplos', 'pas', 'smd', 'juni', 'kemarinbensinnya', 'campur', 'jdinya', 'brebet', 'smd', 'sampe', 'mobil', 'jgad', 'ampe', 'tangki', 'karat']"
"kalo masih ada yg betah di indo,,gila sih,,gua udh muak bgt","['betah', 'indogila', 'sihgua', 'muak']"
Bahlil asw,"['bahlil', 'asw']"
gess nanti gk usah milih kader dari partai golkar,"['gess', 'tidak', 'milih', 'kader', 'partai', 'golkar']"
pertamax sama aja. tiba2 tahun ini tangki motor berkarat..,"['pertamax', 'aja', 'tangki', 'motor', 'karat']"
"herannya kok pertalite botolan di warung Madura gak keliatan dicampur ya, apa warung Madura lebih baik pertalite nya?","['heran', 'pertalite', 'botol', 'warung', 'madura', 'tidak', 'liat', 'campur', 'ya', 'warung', 'madura', 'pertalite']"
"untung aja motor gw gak kena... pas habis kemaren gw milih ngisi ecer di tetangga gw dan dia udh kulak seminggu yg lalu, jdi aman","['untung', 'aja', 'motor', 'tidak', 'kena', 'pas', 'habis', 'kemaren', 'milih', 'ngisi', 'ecer', 'tetangga', 'kulak', 'minggu', 'aman']"
akhem,['akhem']
pipis bahlil itu,"['pipis', 'bahlil']"
semua nya gara' orang ini,"['gara', 'orang']"
"apalah pelaku pelaku pemain an jing an jing itu, gak rela dunia akhirat","['apa', 'laku', 'laku', 'main', 'an', 'jing', 'an', 'jing', 'tidak', 'rela', 'dunia', 'akhirat']"
"bahlil kasih ethanol 10%, pertamina jadi kambing hitam. masa dikasih solusi komplain ke spbu? kenapa pertamina ga gugat bahlil atas kebijakan ethanol 10% dimana itu kadar untuk pengapian tinggi (motor sport/moge)","['bahlil', 'kasih', 'ethanol', 'pertamina', 'kambing', 'hitam', 'kasih', 'solusi', 'komplain', 'spbu', 'pertamina', 'tidak', 'gugat', 'bahlil', 'bijak', 'ethanol', 'mana', 'kadar', 'api', 'motor', 'sportmoge']"
salamin gua Ama Bahlil dong bang,"['salamin', 'gua', 'ama', 'bahlil', 'bang']"
GUA BARU NGALAMIN DI PADANG MEREMBET KARNA ISI PERTALITEE,"['gua', 'ngalamin', 'padang', 'rembet', 'karna', 'isi', 'pertalitee']"
Lha kyknya masalah semua org sama hbs isi bahan bakar d Pertamina lgsg mbrebet,"['lha', 'kyknya', 'orang', 'hbs', 'isi', 'bahan', 'bakar', 'pertamina', 'lgsg', 'mbrebet']"
motorku Scoopy gak ku pake seminggu sebelumnya gak kenapa2 terus aku pake aku isi pertalite abis isi besoknya lgsg brebet Sampek malu,"['motor', 'scoopy', 'tidak', 'ku', 'pake', 'minggu', 'tidak', 'pake', 'isi', 'pertalite', 'abis', 'isi', 'besok', 'lgsg', 'brebet', 'sampek', 'malu']"
sangu busi sing akeh.. jare gur perkoro busi.. pertamina pancen pekok bosok..,"['sangu', 'busi', 'sing', 'akeh', 'jare', 'gur', 'perkoro', 'busi', 'pertamina', 'pancen', 'kok', 'bosok']"
"tuku o bp guys, uda normal stok e","['tuku', 'o', 'bp', 'guys', 'uda', 'normal', 'stok', 'e']"
peda rusak : gak kaget nek seng nggowo wedok 🗿,"['peda', 'rusak', 'tidak', 'kaget', 'nek', 'seng', 'nggowo', 'wedok']"
yg ada pertalite dan Pertamax turbo,"['pertalite', 'pertamax', 'turbo']"
"motor ku Supra X,, dr dulu aman² wae pake pertalite,, tgl 31 okt'25 aku isi full dgn pertalite,, tp di tgl 2 motorku lgsg brebet brebet,, dangdutan motorku,, nyendat²,, di lampu merah ato di palang KA mesti mogok,, haduuuhhhhh Iki Jane maksute opo tooooo,, cb pemerintah lekas di tangani mslah ini biar kaum mendang mending sprti aku ini bisa bermotor² ria tanpa ada gangguan brebet² motor walaupun motor tua,, susaaahhhhh,, Monggo BPK PRABOWO yg terhormat mslah ini cpt di atasi,, kami org susah punya motor cm satu lha koq gini jadinya,, 😭😭😭😭😭😭","['motor', 'ku', 'supra', 'x', 'aman', 'wae', 'pake', 'pertalite', 'tanggal', 'okt', 'isi', 'full', 'pertalite', 'tanggal', 'motor', 'lgsg', 'brebet', 'brebet', 'dangdut', 'motor', 'nyendat', 'lampu', 'merah', 'ato', 'palang', 'ka', 'mesti', 'mogok', 'haduuuhhhhh', 'iki', 'jane', 'maksute', 'opo', 'tooooo', 'cb', 'perintah', 'lekas', 'tangan', 'mslah', 'kaum', 'dang', 'mending', 'sprti', 'motor', 'ria', 'ganggu', 'brebet', 'motor', 'motor', 'tua', 'susaaahhhhh', 'monggo', 'bpk', 'prabowo', 'hormat', 'mslah', 'cpt', 'atas', 'orang', 'susah', 'motor', 'cm', 'lha', 'gin']"
"bisa dipastikan mbakk varionya isi pertamax teruss?? gapernah isi pertalite sebelumnya😏 motor varioku isi pertamax terus aman"" deh mbak,, hayo jgn mengadi ngadii😂😅 motor 4 dirumah aman"" aja tuh.. tpi pengalam tmn"" sy, hbis beli pertamax trus brebet tpiii sebelumnya dia isi pertalite,, kn yg ada kandungan etanolnya pertalit kakak","['mbakk', 'varionya', 'isi', 'pertamax', 'teruss', 'gapernah', 'isi', 'pertalite', 'motor', 'varioku', 'isi', 'pertamax', 'aman', 'mbak', 'hayo', 'jangan', 'adi', 'ngadii', 'motor', 'rumah', 'aman', 'aja', 'tuh', 'tpi', 'alam', 'tmn', 'sy', 'hbis', 'beli', 'pertamax', 'trus', 'brebet', 'tpiii', 'isi', 'pertalite', 'kn', 'kandung', 'etanol', 'pertalit', 'kakak']"
pake cairan aditif pengikat air aja kak..d campur setelah isi bensin..biar gak brebet..,"['pake', 'cair', 'aditif', 'ikat', 'air', 'aja', 'kakd', 'campur', 'isi', 'bensinbiar', 'tidak', 'brebet']"
"BAHLIL, K nya apa????",['bahlil']
saya mohon bapak SPBU yang di Pontianak Kalimantan barat juga diperiksa soalnya banyak motor yang rusak Saya juga mengalaminya karena bensinnya dicampur dengan air bensinnya terlalu banyak kandungan airnya,"['mohon', 'spbu', 'pontianak', 'kalimantan', 'barat', 'periksa', 'motor', 'rusak', 'alam', 'bensin', 'campur', 'air', 'bensin', 'kandung', 'air']"
"pantas bebeapa hari ini, motor aku rasanya agak lain di pake jalan, 🥺","['bebeapa', 'motor', 'pake', 'jalan']"
bila mauk maju Indonesia semua jadi samsing,"['mauk', 'maju', 'indonesia', 'samsing']"
yang punya bengkel full senyum😂,"['bengkel', 'full', 'senyum']"
udah salah gk ngaku🗿,"['salah', 'tidak', 'ngaku']"
"kemaren pas beli tanya ke pegawai pomnya, pertalitenya masih kayak yang viral t mbak, mbaknya jawab katanya ndak tau saya cuma jual aja","['kemaren', 'pas', 'beli', 'pegawai', 'pomnya', 'pertalitenya', 'kayak', 'viral', 't', 'mbak', 'mbak', 'tidak', 'jual', 'aja']"
klu rakyat jelata langsung di tangkap klu yg kurang ajar pejabat pura2 TDK lihat macam apa ini,"['klu', 'rakyat', 'jelata', 'langsung', 'tangkap', 'klu', 'ajar', 'jabat', 'pura', 'tidak', 'lihat']"
aku juga ngrasain brebet,"['ngrasain', 'brebet']"
maknya skrng motor bnyak rusak,"['maknya', 'skrng', 'motor', 'bnyak', 'rusak']"
"haduhhh
Konoha Konoha
gmn mau majuu","['haduhhh', 'konoha', 'konoha', 'gmn', 'majuu']"
motorku jadi boros padahal sbelumnya engga,"['motor', 'boros', 'sbelumnya', 'engga']"
cek cctv dan klo mau komplin jngan nunggu 24 jam dulu boss,"['cek', 'cctv', 'komplin', 'jangan', 'nunggu', 'jam', 'boss']"
motor saya mati total pak,"['motor', 'mati', 'total']"
Rumah bahlil waspada berhati2lah kalau rakyat jadi seperti ini,"['rumah', 'bahlil', 'waspada', 'hati', 'rakyat']"
sebenarnya semua teman mengalami sprti itu semua pom se akan begitu cmn TK mumkin ngaku orang begitu mannya kpds rakyat kecil,"['teman', 'alami', 'sprti', 'pom', 'cmn', 'tk', 'mumkin', 'ngaku', 'orang', 'man', 'kpds', 'rakyat']"
"pihak pertamina tdk akan mengaku..
pencuri ngaku penuh penjara..","['pertamina', 'tidak', 'aku', 'curi', 'ngaku', 'penuh', 'penjara']"
motor saya juga brebet setelah isi bensin di pom kadang mesin mati sendiri,"['motor', 'brebet', 'isi', 'bensin', 'pom', 'kadang', 'mesin', 'mati']"
"Sidak di spbu Trawas pak, saya beli Pertamax motor brebett masuk bengkel habis 350 anjiir🥵","['sidak', 'spbu', 'trawas', 'beli', 'pertamax', 'motor', 'brebett', 'masuk', 'bengkel', 'habis', 'anjiir']"
hancur 🤣🤣🤣,['hancur']
Aku beat street juga mba pake pertamax turbo/ pertamax green kalo ga gitu ya ngisi di shel aman,"['beat', 'street', 'mba', 'pake', 'pertamax', 'turbo', 'pertamax', 'green', 'tidak', 'gitu', 'ya', 'ngisi', 'shel', 'aman']"
Semua ulah para direktur😊😊😊,"['ulah', 'direktur']"
"Teman - teman nak tanya, ini yang montornya Yamaha brebet juga atau aman ? Soalnya montorku vario kemarin brebet parah gara"" aku isi Pertamax dan montor kakakku NMAX katanya aman.","['teman', 'teman', 'anak', 'montornya', 'yamaha', 'brebet', 'aman', 'montorku', 'vario', 'kemarin', 'brebet', 'parah', 'gara', 'isi', 'pertamax', 'montor', 'kakak', 'nmax', 'aman']"
"ngene Iki rakyat seng kenek imbas e
sepeda mogok pas wayae Mapak sekolah
mogok pas budal kerjo OPO gak telat
mogok pas GK due Duek
mogok pas budal sekolah
😭","['ngene', 'iki', 'rakyat', 'seng', 'kenek', 'imbas', 'e', 'sepeda', 'mogok', 'pas', 'wayae', 'mapak', 'sekolah', 'mogok', 'pas', 'budal', 'kerjo', 'opo', 'tidak', 'telat', 'mogok', 'pas', 'tidak', 'due', 'duek', 'mogok', 'pas', 'budal', 'sekolah']"
"mba kaya aku kemarin, mau ke kampus malah mati di jalan gak bisa jalan😭","['mba', 'kaya', 'kemarin', 'kampus', 'mati', 'jalan', 'tidak', 'jalan']"
"minggu 2/11/2025 pagi keadaan motor itu masih nyala tp suara mesin itu kyk berat ndret2 gtulah.. sblmnya isi pertalite msih ada 1 bar belum kedip, lngsung ngisi pertamax soale takut kehabisan di jalan krn mau perjalanan jauh pagi itu slm di jln ssekali pas narik gasnya itu nggk melaju pas di lpas tiba2 ngegas sndiri medeni poll .. nah sore aku pulang udh mau dket rumah tp masih di jalan raya pas tikungan biasa kan agak ngurangin gasnya ya, lah tiba2 matii..aku nyalain mati lagi..nyalain buat jln 1mtr 2 mtr mati, pdhl pagi ngisi full tank pertamax 92 pulangnya cuma berkurang 1 bar tp kyk gk ada tenaga tuh motor. alhasil dorong ke bengkel, kta kang bngkelnya pompa bensinnya ngga bisa naik ke gasnya ..jd ngganti busi, pompa habis 150 an 😓 trus kemarin coba di kuras bensinnya tp diliat nggk ada campuran yg putih kyk di video2 itu ya ? harusnya di diemin brpa lama bensinnya di botol itu ? info dongg","['minggu', 'pagi', 'motor', 'nyala', 'suara', 'mesin', 'kyk', 'berat', 'ndret', 'gtulah', 'sblmnya', 'isi', 'pertalite', 'msih', 'bar', 'kedip', 'lngsung', 'ngisi', 'pertamax', 'soale', 'takut', 'habis', 'jalan', 'krn', 'jalan', 'pagi', 'slm', 'jln', 'ssekali', 'pas', 'narik', 'gas', 'nggk', 'laju', 'pas', 'lpas', 'ngegas', 'sndiri', 'medeni', 'poll', 'sore', 'pulang', 'dket', 'rumah', 'jalan', 'raya', 'pas', 'tikung', 'ngurangin', 'gas', 'ya', 'matiiaku', 'nyalain', 'mati', 'laginyalain', 'jln', 'mtr', 'mtr', 'mati', 'pdhl', 'pagi', 'ngisi', 'full', 'tank', 'pertamax', 'pulang', 'kurang', 'bar', 'kyk', 'tidak', 'tenaga', 'tuh', 'motor', 'alhasil', 'dorong', 'bengkel', 'kta', 'kang', 'bngkelnya', 'pompa', 'bensin', 'tidak', 'gas', 'jd', 'ngganti', 'busi', 'pompa', 'habis', 'an', 'trus', 'kemarin', 'coba', 'kuras', 'bensin', 'liat', 'nggk', 'campur', 'putih', 'kyk', 'video', 'ya', 'diemin', 'brpa', 'bensin', 'botol', 'info', 'dongg']"
"misal, kitaaa yg tiap hari brangkat kerja jarak tempuh lumayan jauhh, tb2 mati kek gini gak belom gajiann jugaaa, gmnaaa caranya byar motor ke bengkell, coba bayanginnnnn pemerintahhh tuh gak mikir apaaa, dari sini ajaaa udaaa kek jahatt bgt kaliaannnn itu sm kita, pdhal bensin kitaa yaa beli gak dikasihhhh😭😭😭😭😭","['kitaaa', 'brangkat', 'kerja', 'jarak', 'tempuh', 'lumayan', 'jauhh', 'tb', 'mati', 'kek', 'gin', 'tidak', 'bom', 'gajiann', 'jugaaa', 'gmnaaa', 'byar', 'motor', 'bengkell', 'coba', 'bayanginnnnn', 'pemerintahhh', 'tuh', 'tidak', 'mikir', 'apaaa', 'ajaaa', 'udaaa', 'kek', 'jahatt', 'kaliaannnn', 'sm', 'pdhal', 'bensin', 'kitaa', 'yaa', 'beli', 'tidak', 'dikasihhhh']"
iyo jasik. pedahku yo ndredet goro2 bensin 😭😭😭,"['iyo', 'jasik', 'dah', 'yo', 'ndredet', 'goro', 'bensin']"
varione ojo dikeplo'i 😭,"['varione', 'ojo', 'ploi']"
pantesan sepeda brebet,"['pantesan', 'sepeda', 'brebet']"
PANTES MOTOR GUA TIBA TIBA BREBET PADAHAL MOTOR SEHAT TERAWAT,"['pantes', 'motor', 'gua', 'brebet', 'motor', 'sehat', 'awat']"
enak beli eceran kelihatan klu dicampur,"['enak', 'beli', 'ecer', 'klu', 'campur']"
"pantes tiba"" ngeden di gas terus tiba"" ngancleng gtu","['pantes', 'ngeden', 'gas', 'ngancleng', 'gtu']"
orak di campor uyoh e bahlil ssn,"['orak', 'campor', 'uyoh', 'e', 'bahlil', 'ssn']"
jember jawa timur berebbett,"['jember', 'jawa', 'timur', 'berebbett']"
SMA KK AQ dari Madura Pamekasan .. brebetnya minta ampun ..,"['sma', 'kakak', 'madura', 'pamekasan', 'brebetnya', 'ampun']"
motorku jg brebet,"['motor', 'brebet']"
apa orang atas klau GK koropsi gak makan ta 🙏🙏🙏,"['orang', 'klau', 'tidak', 'koropsi', 'tidak', 'makan', 'ta']"
tangkp pertamina,"['tangkp', 'pertamina']"
Motorku yo korban petramak brebet …. Mbrebet …. Terus sopo sg tangung jawab,"['motor', 'yo', 'korban', 'petramak', 'brebet', 'mbrebet', 'sopo', 'sg', 'tangung']"
ekspresi bahlil,"['ekspresi', 'bahlil']"
parah banget ya pertamina 😭 kok bisa bisa nya di campur kek gini,"['parah', 'banget', 'ya', 'pertamina', 'campur', 'kek', 'gin']"
motor saya juga brebet akhirnya macet cet,"['motor', 'brebet', 'macet', 'cet']"
pak tadi pagi motorku mogok 6 kali 😭😂,"['pagi', 'motor', 'mogok', 'kali']"
motor sy juga brebet,"['motor', 'sy', 'brebet']"
"daerah kami tiba2 banyak sinjal jiga kndraan kami ,ada apa ya ini,,,","['daerah', 'sinjal', 'jiga', 'kndraan', 'ya']"
bahenol,['bahenol']
kenyataan sy mengalami MTR lsg g bisa jln akhirnya msk bengkel.trnyata dbgkel byk org korban SM jg kyak yg kualami😭😭😭,"['nyata', 'sy', 'alami', 'mtr', 'lsg', 'tidak', 'jln', 'msk', 'bengkeltrnyata', 'dbgkel', 'byk', 'orang', 'korban', 'sm', 'kyak', 'alam']"
BUMN kalo ga rugi ya kualitasnya begitulah kira-kira.. 😌😌😌,"['bumn', 'tidak', 'rugi', 'ya', 'kualitas', 'kirakira']"
salinan dari luar negeri 😂😂,"['salin', 'negeri']"
sama Ama kakak ku ngisi bensin ada air nya,"['ama', 'kakak', 'ku', 'ngisi', 'bensin', 'air']"
itu betul bukan rekayasa di daerah kami kalimantan selatan banjar masin jua kaya gitu motor mogok jd nya,"['bukan', 'rekayasa', 'daerah', 'kalimantan', 'selatan', 'banjar', 'masin', 'jua', 'kaya', 'gitu', 'motor', 'mogok']"
di tanjung pinang masih aman nih pertalite,"['tanjung', 'pinang', 'aman', 'pertalite']"
emang DANCOOKK IBLIS PERTAMINA,"['emang', 'dancookk', 'iblis', 'pertamina']"
"UDAH BANYAK KORBAN MASIH AJA MENGELAK, CARI SOLUSI ENTAH ETANOLNYA KURANGIN KEK APA KEK","['korban', 'aja', 'elak', 'cari', 'solusi', 'etanol', 'rangin', 'kek', 'kek']"
"paling bentar lagi tanggapan pemerintah kalo ga ""kaget"" ya ngeluarin statement bodo kek ""itu karna motornya blm terbiasa, nanti juga menyesuaikan"" padahal yg ngomong cuma lulusan SMA + ga ada basic mekanik 🗿😹","['bentar', 'tanggap', 'perintah', 'tidak', 'kaget', 'ya', 'ngeluarin', 'statement', 'bodo', 'kek', 'karna', 'motor', 'blm', 'biasa', 'sesuai', 'ngomong', 'lulus', 'sma', 'tidak', 'basic', 'mekanik']"
apakah ini salah satu upaya pak bah*** membuka berjuta lowongan kerja ? 🤣 .(demi mewujutkan visi misi 19 juta loker) . merujuk dampak dr itu membuat bengkel mendadak membuka banyak loker se indo.,"['salah', 'upaya', 'bah', 'buka', 'juta', 'lowong', 'kerja', 'mewujutkan', 'visi', 'misi', 'juta', 'loker', 'rujuk', 'dampak', 'bengkel', 'dadak', 'buka', 'loker', 'indo']"
"gw paham sih bang tiap akhir konten kan elu selalu ngasih ""kata netizen"" yg mewakili perasaanmu bg.
tapi bisa kali usernamenya di sensor. takut doi diapa2in sama tikus2 sono","['paham', 'bang', 'konten', 'elu', 'ngasih', 'netizen', 'wakil', 'asa', 'bg', 'kali', 'usernamenya', 'sensor', 'takut', 'doi', 'diapain', 'tikus', 'sono']"
Ini beneran saya juga kena ga hoaks!,"['beneran', 'kena', 'tidak', 'hoaks']"
masuk surga jalur di dzolimi pejabat,"['masuk', 'surga', 'jalur', 'dzolimi', 'jabat']"
ku ketik bahlil dan azab komenku hilang bjir,"['ku', 'ketik', 'bahlil', 'azab', 'komenku', 'hilang', 'bjir']"
🤔ngunnu pertimini seh ngejel standar BBM nya sesuai 😂,"['ngunnu', 'pertimini', 'seh', 'ngejel', 'standar', 'bbm', 'sesuai']"
kaluan sdh th pelakux nyata2 menteri bahlil yg punya Ide ndk brani kalian usut,"['kaluan', 'th', 'pelakux', 'nyata', 'menteri', 'bahlil', 'ide', 'ndk', 'brani', 'usut']"
Pengaruh bensin ke busi apa ya? Aku serius nanya ini,"['pengaruh', 'bensin', 'busi', 'ya', 'serius', 'nanya']"
baklilll..... baklilll.....,"['baklilll', 'baklilll']"
"Pertamax full dipake sehari mblayu letoy gas e ilang
di isi BP92 Full tank serasa minum vitamin & jamu.. BP92 MANTAB
SHELL SUPER DITUNGGU FULL TANK
pertamina jual es juice & es legen ben gak Ono sing brebet pejabat sing gajian 2 digit","['pertamax', 'full', 'dipake', 'hari', 'mblayu', 'letoy', 'gas', 'e', 'ilang', 'isi', 'bp', 'full', 'tank', 'serasa', 'minum', 'vitamin', 'jamu', 'bp', 'mantab', 'shell', 'super', 'tunggu', 'full', 'tank', 'pertamina', 'jual', 'es', 'juice', 'es', 'legen', 'ben', 'tidak', 'ono', 'sing', 'brebet', 'jabat', 'sing', 'gaji', 'digit']"
waduh kok nemen ngene😭,"['nemen', 'ngene']"
SAAT NYA KITA BERSATU,['satu']
"yg motornya mengalami kerusakan akibat bensin segera urus data"" lengkap mulai dr rt,rw dst..","['motor', 'alami', 'rusa', 'akibat', 'bensin', 'urus', 'data', 'lengkap', 'rtrw', 'dst']"
kata guru guwa itu sengaja biar semua masyrakat ganti ke kendaraan listrik,"['guru', 'guwa', 'sengaja', 'masyrakat', 'ganti', 'kendara', 'listrik']"
yaudah isi solar aja kalau sikit sikit di oplos 🤣🤣🤣,"['yaudah', 'isi', 'solar', 'aja', 'sikit', 'sikit', 'oplos']"
pertamina selalu denial anjir bukannya sadar perbaiki kualitas,"['pertamina', 'denial', 'anjir', 'bukan', 'sadar', 'baik', 'kualitas']"
di Jawa aja ya untung di kota jakarta Alhamdulillah enggak,"['jawa', 'aja', 'ya', 'untung', 'kota', 'jakarta', 'alhamdulillah', 'enggak']"
baekot aja sdh,"['baekot', 'aja']"
sepeda saya juga brebet dan ahinya macet,"['sepeda', 'brebet', 'ahinya', 'macet']"
ngeles ae Pertamina 😅,"['ngeles', 'ae', 'pertamina']"
sepedaqu juga berebbet isi pertalet,"['sepedaqu', 'berebbet', 'isi', 'pertalet']"
copot pak bahlil pak prabowo,"['copot', 'bahlil', 'prabowo']"
Bahlil Bahlil wes wes,"['bahlil', 'bahlil', 'wes', 'wes']"
memang fakta banyak yang dicampur,"['fakta', 'campur']"
MALANG DAN SINGOSARI WIS GAK AMAN LURRR 😭😭😭,"['malang', 'singosari', 'wis', 'tidak', 'aman', 'lurrr']"
"kemarin saya hampir ketabrak mobil, karena motor saya mati mesin, karena berebet","['kemarin', 'tabrak', 'mobil', 'motor', 'mati', 'mesin', 'rebet']"
"plisslah bujang,motorku udah brebet anj😭","['plisslah', 'bujangmotorku', 'brebet', 'anj']"
"iya pak kemaren saya juga kenak korban pertalite
motor brebet trus mogok
pas d servis harus di buang smua isi pertalet ya trus busi mati","['iya', 'kemaren', 'nak', 'korban', 'pertalite', 'motor', 'brebet', 'trus', 'mogok', 'pas', 'servis', 'buang', 'smua', 'isi', 'pertalet', 'ya', 'trus', 'busi', 'mati']"
"kamis pagi sepeda masih enak banget, kamis sore isi bensin full pertamax, jumat pagi brebet tolong 😭","['kamis', 'pagi', 'sepeda', 'enak', 'banget', 'kamis', 'sore', 'isi', 'bensin', 'full', 'pertamax', 'jumat', 'pagi', 'brebet', 'tolong']"
demi allah gua juga,"['allah', 'gua']"
"kalo kata termul, rakyat Jawa, gibran, dan solo mah pemerintah lagi cari solusi yg lebih baik sabarin ajah 🫶🫰😹😹😹","['termul', 'rakyat', 'jawa', 'gibran', 'solo', 'mah', 'perintah', 'cari', 'solusi', 'sabarin', 'ajah']"
dasar mentri bahlul,"['dasar', 'tri', 'bahlul']"
pantas.lah.,['pantas']
turbo kosong turbo,"['turbo', 'kosong', 'turbo']"
rakyat di rugikan?......,"['rakyat', 'rugi']"
pake pertamak mba..,"['pake', 'tamak', 'mba']"
hari jumat punya ponakan kena hari sabtu punya tetangga hari minggu punya kakak yg lagi aku pinjam... kok bisa motor brevet massal,"['jumat', 'ponakan', 'kena', 'sabtu', 'tetangga', 'minggu', 'kakak', 'pinjam', 'motor', 'brevet', 'massal']"
kata pertamina itu salah businya bukan bensin nya 😂,"['pertamina', 'salah', 'busi', 'bukan', 'bensin']"
"Awan ganti oli,bengine tuku bengsin full wes an terus langsung nak pacet. Pas balek sisan wes bleret"" ganti uli yo mari bensin yo full eh adakno di oplos banyu 😭","['awan', 'ganti', 'olibengine', 'tuku', 'bengsin', 'full', 'wes', 'an', 'langsung', 'anak', 'pacet', 'pas', 'balek', 'sis', 'wes', 'bleret', 'ganti', 'uli', 'yo', 'mari', 'bensin', 'yo', 'full', 'eh', 'adakno', 'oplos', 'banyu']"
bensin jelek spy pindah ke listrik,"['bensin', 'jelek', 'spy', 'pindah', 'listrik']"
penak tuku shell,"['penak', 'tuku', 'shell']"
kok mirip yg terjadi di kaltim bbrapa bulan lalu,"['kaltim', 'bbrapa']"
bukan brebet tapi brebet bang,"['bukan', 'brebet', 'brebet', 'bang']"
eleh habis ini jga ada statement 'ya rakyat beli pertamax aja kalo mau motor awet' 💀,"['eleh', 'habis', 'statement', 'ya', 'rakyat', 'beli', 'pertamax', 'aja', 'motor', 'awet']"
Mntang2 d ksih murah ko tega yg ngoplos ya 😭😭 ya allah. Konoha gk abis2 orang yg koropsi,"['mntang', 'ksih', 'murah', 'ko', 'tega', 'ngoplos', 'ya', 'ya', 'allah', 'konoha', 'tidak', 'abis', 'orang', 'koropsi']"
"oh itu masalahnya di bensin??
ku kira motorku kenapa 😭 haduh... gimana ini","['oh', 'bensin', 'ku', 'motor', 'haduh', 'gimana']"
ini boleh ke SPBU bawa botol aja ga sih? biar gue sendiri yg masukin tuh bensin ke tangki motor gue. takut banget campuran airnya masuk ke motor gue. kasih harga sama jg gapapa deh,"['spbu', 'bawa', 'botol', 'aja', 'tidak', 'masukin', 'tuh', 'bensin', 'tangki', 'motor', 'takut', 'banget', 'campur', 'air', 'masuk', 'motor', 'kasih', 'harga', 'gapapa']"
@1hy🅰️🕘 @_:1hy🅰️♂️_ co apa iyayah,"['hy', 'co', 'iyayah']"
@c hmzzz,['hmzzz']
@rahmat @PP Ramadhan,['ramadhan']
@bahlil.lahadalia @GOLKAR INDONESIA,"['lahadalia', 'indonesia']"
@gerindra tolong paakkkk,"['tolong', 'paakkkk']"
@partaigerindra tolong jgn buat masyarakat tambah susah,"['tolong', 'jangan', 'masyarakat', 'susah']"
"tag Bahlil smpai liat
@bahlil.lahadalia","['tag', 'bahlil', 'smpai', 'liat', 'lahadalia']"
@gerindra @ROSÉ tolong didengar ya admin gerinda,"['e', 'tolong', 'dengar', 'ya', 'admin', 'gerinda']"
@gerindra wiss ra normal,"['wiss', 'ra', 'normal']"
@Aqimiii iya lg motor aku kek gini,"['iya', 'lg', 'motor', 'kek', 'gin']"
yg pakai pertamak bilek 🤭,"['pakai', 'tamak', 'bilek']"
"bukan ribuan motor lagi bg, tapi jutaan motor yang brebet","['bukan', 'ribu', 'motor', 'bg', 'juta', 'motor', 'brebet']"
Bau pertalite nya aja uda beda.. kyk bau busuk .,"['bau', 'pertalite', 'aja', 'uda', 'beda', 'kyk', 'bau', 'busuk']"
"samaaa motorku baru 2 bulan ,keluaran tahun ini... rusak gara"" pertalite... ini wes diperbaikin semua ganti busi, businya persis kyk gitu","['samaaa', 'motor', 'keluar', 'rusak', 'gara', 'pertalite', 'wes', 'diperbaikin', 'ganti', 'busi', 'busi', 'persis', 'kyk', 'gitu']"
PERTAMINA 🤮... UDH MONOPOLI AJA... NANTI AKHIR TAHUN PEMBUKUAN BILANGNYA MERUGI 😡🤬🤬🤬,"['pertamina', 'monopoli', 'aja', 'buku', 'bilang', 'rugi']"
Anjr vario ku juga brebet ka uda 2x dibawa ke bengkel sama aja katanya karena pertalite padahal uda isi pertamax,"['anjr', 'vario', 'ku', 'brebet', 'ka', 'uda', 'x', 'bawa', 'bengkel', 'aja', 'pertalite', 'uda', 'isi', 'pertamax']"
"Pertamina sekarang kejam ya ...ga respek kah sm rakyat kecil...??kita udah antri tak karuan loh untk beli bensinnya, bayar cash lagi, gak utang....kok tega ya Pertamina dan pemerintah kayak jaman ini, kita loh mau kerja....","['pertamina', 'kejam', 'ya', 'ga', 'respek', 'kah', 'sm', 'rakyat', 'kecilkita', 'antri', 'karuan', 'loh', 'untk', 'beli', 'bensin', 'bayar', 'cash', 'tidak', 'utangkok', 'tega', 'ya', 'pertamina', 'perintah', 'kayak', 'jaman', 'loh', 'kerja']"
bahlill,['bahlill']
Class Action 😡😡😡,"['class', 'action']"
Motorku juga cedut cedut bengkel gak ada bisa ngatasi kecuali pertalite nya di murnikan,"['motor', 'cedut', 'cedut', 'bengkel', 'tidak', 'ngatasi', 'kecuali', 'pertalite', 'murni']"
"Perusahaan pertamin ini jangan terlalu ngerasa high value deh padahal produk minyaknya juga jelek 👎 masyarakat make pertamina karena perusahaan itu monopoli market ga lebih dari itu, klo ada perusahaan bbm lain udah pasti masyarakat pke itu biar motornya awet","['usaha', 'pertamin', 'jangan', 'ngerasa', 'high', 'value', 'produk', 'minyak', 'jelek', 'masyarakat', 'make', 'pertamina', 'usaha', 'monopoli', 'market', 'tidak', 'usaha', 'bbm', 'masyarakat', 'pke', 'motor', 'awet']"
Selama pertamina the only one penyedia bahan bakar di Indonesia gak akan dia evaluasi bjir,"['pertamina', 'the', 'only', 'one', 'sedia', 'bahan', 'bakar', 'indonesia', 'tidak', 'evaluasi', 'bjir']"
dosa sak terdzolimi ditanggung Pertamina di akhirat,"['dosa', 'sak', 'terdzolimi', 'tanggung', 'pertamina', 'akhirat']"
"dr bahasanya ini daerah jatim, kyanya ada yg sabotase di daerah situ soalnya di daerah sini aman2 aja
gua pake full pertalite jga motor biasa aja sih","['bahasa', 'daerah', 'jatim', 'kyanya', 'sabotase', 'daerah', 'situ', 'daerah', 'aman', 'aja', 'gua', 'pake', 'full', 'pertalite', 'motor', 'aja']"
"@. tuhh liat jelek bahan bakar motor, saat kamu beli kuda","['tuhh', 'liat', 'jelek', 'bahan', 'bakar', 'motor', 'beli', 'kuda']"
@yey knap lah bengsin skrang begitu,"['knap', 'bengsin', 'skrang']"
@bahlil.lahadalia,['lahadalia']
"woy bahlull, mana si bahlul
@bahlil.lahadalia","['woy', 'bahlull', 'si', 'bahlul', 'lahadalia']"
"@bahlil.lahadalia ayo yoopo pemerintah, korban e ws uakeh, ndang ditangani ojo ngomong tok ae sg gede","['lahadalia', 'ayo', 'yoopo', 'perintah', 'korban', 'e', 'ws', 'uakeh', 'ndang', 'tangan', 'ojo', 'ngomong', 'tok', 'ae', 'sg', 'gede']"
iki yang.. @Andi_Virtual .. pertamax yo masalah pisan,"['iki', 'pertamax', 'yo', 'pis']"
"@Gibran Rakabuming @gerindra @Kejaksaan.RI @Partai Solidaritas Indonesia gimana ini bapak"" ug terhormat, ini fakta di lapangan pak","['rakabuming', 'ri', 'solidaritas', 'indonesia', 'gimana', 'ug', 'hormat', 'fakta', 'lapang']"
"Motor ku Vario juga begini, Karna sudah diberitahu sama akun yg bernama Bengkel rakyat jadi ketika motor mau dipakai harus di nyalakan sekitar 3-5mnt, Karena ethanol bekerja ketika suhu diatas beberapa derajat,gw lupa ntah berapa derajat yg diberitahu oleh akun bernama @bengkel.rakyat.pekanbaru","['motor', 'ku', 'vario', 'karna', 'diberitahu', 'akun', 'nama', 'bengkel', 'rakyat', 'motor', 'pakai', 'nyala', 'mnt', 'ethanol', 'suhu', 'atas', 'derajatgw', 'lupa', 'ntah', 'derajat', 'diberitahu', 'akun', 'nama', 'rakyatpekanbaru']"
@pertamina ganti rugi loo,"['ganti', 'rugi', 'loo']"
punyaku lubang tangki bensinnya tuh karatan gitu padahal motor baru😭makin ngga beres pertamina @gerindra minta tolong laporin ke bapak min,"['punya', 'lubang', 'tangki', 'bensin', 'tuh', 'karat', 'gitu', 'motor', 'barumakin', 'tidak', 'beres', 'pertamina', 'tolong', 'laporin', 'min']"
Pak itu pada komplain. KEMBALIKAN SHEEELL (si kuning)🙏😁 @bahlil.lahadalia @kementerianesdm,"['komplain', 'kembali', 'sheeell', 'si', 'kuning', 'lahadalia']"
BAHLIL ANJ.,"['bahlil', 'anj']"
supra ora resiko,"['supra', 'ora', 'resiko']"
diganti bensin 1 truk mainan,"['ganti', 'bensin', 'truk', 'main']"
mobil gue jg kayak bunyi ketek ketek gitu kayak geter gitu paham ga sih pdhl matic.. klo isi pertamax ga pernah kek gitu bunyi mesinnya..kira2 karna pertalite bukan sihh krn udh dibawa ke tempat service ya baik2 aja..cuma disarankan ganti ke pertamax,"['mobil', 'kayak', 'bunyi', 'ketek', 'ketek', 'gitu', 'kayak', 'geter', 'gitu', 'paham', 'tidak', 'pdhl', 'matic', 'isi', 'pertamax', 'tidak', 'kek', 'gitu', 'bunyi', 'mesinnyakira', 'karna', 'pertalite', 'bukan', 'sihh', 'krn', 'bawa', 'service', 'ya', 'ajacuma', 'saran', 'ganti', 'pertamax']"
lama lama pertamina bisa jual air,"['pertamina', 'jual', 'air']"
"ya Allah pak gue cuma punya motor Mio jadul itu pun satu²nya dan skrng rusak,awalnya brebet tp lama² digas ngempos dan skrng jalanpun gak bisa😭😭😭😭kita cuma rakyat biasa pak,klo tidak bisa membantu setidaknya jangan nambahin beban kita 😭😭😭","['ya', 'allah', 'motor', 'mio', 'jadul', 'satu nya', 'skrng', 'rusakawalnya', 'brebet', 'lama', 'gas', 'ngempos', 'skrng', 'jalan', 'tidak', 'bisakita', 'rakyat', 'pakklo', 'tidak', 'bantu', 'tidak', 'jangan', 'nambahin', 'beban']"
"motor temanku Sampek diserviss lho, gara2 pertalite ini","['motor', 'teman', 'sampek', 'diserviss', 'lho', 'gara', 'pertalite']"
"betul, motor saya 2 hari sinjal, dan akhirnya mogok,","['motor', 'sinjal', 'mogok']"
apakah ini demi bonus akhir taun karyawan pertamina ?? makanya dicampur campur biar untung gede,"['bonus', 'taun', 'karyawan', 'pertamina', 'campur', 'campur', 'untung', 'gede']"
"mulai sekarang kalau isi bensin di pom usahakan selalu minta bon pembelian, jadi ketika ada masalah terkait produk Pertamina kita bisa ajukan klaim","['isi', 'bensin', 'pom', 'usaha', 'bon', 'beli', 'kait', 'produk', 'pertamina', 'aju', 'klaim']"
podo mbak poleh ta isi pertamax Turbo iki beat 2023 wes brebet😩,"['podo', 'mbak', 'poleh', 'ta', 'isi', 'pertamax', 'turbo', 'iki', 'beat', 'wes', 'brebet']"
pertamincuk kebanyakan koruptol,"['pertamincuk', 'banyak', 'koruptol']"
pak presiden bahlil wajib di pecat wajib ber tanggung jawab pak prabowo,"['presiden', 'bahlil', 'wajib', 'pecat', 'wajib', 'ber', 'tanggung', 'prabowo']"
Gusti Mboten Sare... Pihak yg terus menerus menyusahkan rakyat akan menerima ganjaran pada waktuNya.,"['gusti', 'mboten', 'sare', 'terus', 'susah', 'rakyat', 'terima', 'ganjar']"
demo ae kantor pertamina,"['demo', 'ae', 'kantor', 'pertamina']"
obong en ae ' pom e ben ramee,"['obong', 'en', 'ae', 'pom', 'e', 'ben', 'ramee']"
ternyata pertamina konttoooool😁😁😁,"['pertamina', 'konttoooool']"
isi en solar mbak 😂😂😂,"['isi', 'en', 'solar', 'mbak']"
"Solusi, naikin kompresi pakai bensol. Opo maneh nek lagi mumet, loss.","['solusi', 'naikin', 'kompresi', 'pakai', 'bensol', 'opo', 'maneh', 'nek', 'mumet', 'loss']"
Tuku solar ae kak,"['tuku', 'solar', 'ae', 'kak']"
isi pertalite pertamax podo bosok e. haduh kok yo ketar ketir aku gae pertamax iki,"['isi', 'pertalite', 'pertamax', 'podo', 'bosok', 'e', 'haduh', 'yo', 'ketar', 'tir', 'gae', 'pertamax', 'iki']"
"kakaknya di siang hari
saya dorong motor brebet jam 9 malam di tengah kota dan baru ketemu bengkel jam 10 lbh. Trauma sekali bukan Krn dorong motor sendirian untuk cari bengkel tapi saat motor brebet hampir saja terjadi kecelakaan.
Alhamdulillah Allah msh melindungi saya.
Tolong pemerintah jg berpikir untuk kepentingan masyarakat apalagi nyawa jadi taruhannya. skrng milih BP saja","['kakak', 'siang', 'dorong', 'motor', 'brebet', 'jam', 'malam', 'kota', 'ketemu', 'bengkel', 'jam', 'lbh', 'trauma', 'bukan', 'krn', 'dorong', 'motor', 'cari', 'bengkel', 'motor', 'brebet', 'celaka', 'alhamdulillah', 'allah', 'msh', 'lindung', 'tolong', 'perintah', 'pikir', 'penting', 'masyarakat', 'nyawa', 'taruh', 'skrng', 'milih', 'bp']"
"Pengen meso2 tp yo Kate meso nang sopo, intine jhancooook🤣🤣🤣","['meso', 'yo', 'kate', 'meso', 'nang', 'sopo', 'intine', 'jhancooook']"
RESPEKKKK KONCOMU WEDOK NYETUT NGGAE SUPRA😭,"['respekkkk', 'konco', 'wedok', 'nyetut', 'nggae', 'supra']"
RAKYAT udah di tahap ikhlas pejabatnya Main curang 🤡 soalnya gak ada demo 😹,"['rakyat', 'tahap', 'ikhlas', 'jabat', 'main', 'curang', 'tidak', 'demo']"
"aku pakek pertalite aman2 aja, rejekiku pastine hehe","['pakek', 'pertalite', 'aman', 'aja', 'rejekiku', 'pastine']"
aku yo gawe pertalite tapi aman kok.. setiap 3bulan busi diganti sajalah biar ngejreng💪💪,"['yo', 'gawe', 'pertalite', 'aman', 'busi', 'ganti', 'ngejreng']"
BBM. sudah. gak. murni lagi. payah,"['bbm', 'gak', 'murni', 'payah']"
coba ae gmn klo mobil2e para PNS di ke'i pertalite koyo ngono...,"['coba', 'ae', 'gmn', 'mobile', 'pns', 'kei', 'pertalite', 'koyo', 'ngono']"
samaaa woyy brebet parahh . rugii dobel dobel ga si gara gara bensin,"['samaaa', 'woyy', 'brebet', 'parahh', 'rugi', 'dobel', 'dobel', 'tidak', 'si', 'gara', 'gara', 'bensin']"
"dimana mau nuntut tanggung jawab pemerintah.
nunggu kasus ini menguap?","['mana', 'nuntut', 'tanggung', 'perintah', 'nunggu', 'uap']"
"g WA AQ,mbak... roh ngono tak surung e,mbak...✌️🤣","['tidak', 'wa', 'aqmbak', 'roh', 'ngono', 'surung', 'embak']"
wingi Ono wong wedok panas panas nyurung sepedah motor . gatheli direktur e Pertamina Iki g tanggung jawab,"['wing', 'ono', 'wedok', 'panas', 'panas', 'nyurung', 'dah', 'motor', 'gatheli', 'direktur', 'e', 'pertamina', 'iki', 'tidak', 'tanggung']"
"@gibran_rakabuming
@partaigerindra
pemerintahan Bobrok. .","['perintah', 'bobrok']"
@Purbaya Yudhi Sadewa @gerindra @relawan_prabowo1 @prabowo_ri__1,"['yudhi', 'sadewa']"
beat ku sama kayak kaka rusak baru kemarin beli,"['beat', 'ku', 'kayak', 'kakak', 'rusak', 'kemarin', 'beli']"
Pertamina iki asline krungu opo igak se?,"['pertamina', 'iki', 'asline', 'krungu', 'opo', 'igak']"
varioku Yo mogok gaes,"['varioku', 'yo', 'mogok', 'gaes']"
Ya Allah kl lagi buru2 g kebayang nyeselnya kek mana 😭,"['ya', 'allah', 'kl', 'buru', 'tidak', 'bayang', 'nyeselnya', 'kek']"
lapor polisi,"['lapor', 'polisi']"
"spedaku wes brebet 3x gara² Pertamina, padahal isie selalu Pertamax. seng beat parah brebet e Sampe ganti injector😂","['spedaku', 'wes', 'brebet', 'x', 'gara', 'pertamina', 'isie', 'pertamax', 'seng', 'beat', 'parah', 'brebet', 'e', 'sampe', 'ganti', 'injector']"
"ya ngpain coba pke pertalite,gua yg pnya pcx sama adv dri baru aja smpe skrng gprnh pke pertalie bukan sombong tpi emg gprnh mau aja pke pertalite😭✌","['ya', 'ngpain', 'coba', 'pke', 'pertalitegua', 'pnya', 'pcx', 'adv', 'dri', 'aja', 'smpe', 'skrng', 'gprnh', 'pke', 'pertalie', 'bukan', 'sombong', 'tpi', 'gprnh', 'aja', 'pke', 'pertalite']"
"honda ,, ap kabar ???","['honda', 'ap', 'kabar']"
"Motor gw brebet ngempos gasnya biasanya gk seperti ini,udah dibengkelin disaranin suruh pakai shell","['motor', 'brebet', 'ngempos', 'gas', 'tidak', 'iniudah', 'dibengkelin', 'disaranin', 'suruh', 'pakai', 'shell']"
stop pertalite biasakan pakai pertamax atuh,"['stop', 'pertalite', 'biasa', 'pakai', 'pertamax', 'atuh']"
"pertamina kl terus""an bikin mayarakat kecewa dan masyarakat di rugikan bisa kantor/pom bisa di obong masa. jgn main"" masyarakat beli bukan minta","['pertamina', 'kl', 'terus', 'mayarakat', 'kecewa', 'masyarakat', 'rugi', 'kantorpom', 'obong', 'jangan', 'main', 'masyarakat', 'beli', 'bukan']"
motor gua brebet semenjak pake pertalite anj,"['motor', 'gua', 'brebet', 'semenjak', 'pake', 'pertalite', 'anj']"
banyak kendaraan keracunan,"['kendara', 'racun']"
Yg Nggak Jujur Pertamina Atau POM bensin nya Ya,"['tidak', 'jujur', 'pertamina', 'pom', 'bensin', 'ya']"
@bahlil.lahadalia gara-gara elu sialan,"['lahadalia', 'garagara', 'elu', 'sial']"
"@gerindra ini seriusan si Bahlil gak akan di ganti???
padahal dari awal si bahlil sudah bikin rakyat pusing","['serius', 'si', 'bahlil', 'tidak', 'ganti', 'si', 'bahlil', 'rakyat', 'pusing']"
terimakasih pak @bahlil.lahadalia,"['terimakasih', 'lahadalia']"
makin ga nyaman 😔 yg mahal maupun murah sama ajah @Menteri Keuangan RI @gerindra,"['tidak', 'nyaman', 'mahal', 'murah', 'ajah', 'uang', 'ri']"
Tolong ini gmn solusinya capek bgd sumpah pak @gerindra,"['tolong', 'gmn', 'solusi', 'capek', 'bgd', 'sumpah']"
"@bahlil.lahadalia
pak kumaha ieu pak","['lahadalia', 'maha', 'ieu']"
"@gerindra , @gibran_rakabuming denger ni","['denger', 'ni']"
@ANDRE SETIAWAN,['setiawan']
@friscaaa ༘⋆✿ memeg,['memeg']
motorku yo mbrebet” mb😭,"['motor', 'yo', 'mbrebet', 'mb']"
bahlul,['bahlul']
SAMAA NJIR MOTOR GW GINI AKHIR2 INI SEKARANG KENAK 300 NJIR,"['samaa', 'njir', 'motor', 'gin', 'nak', 'njir']"
"kakk sama, beat ku belom ada setaun tapi pas diisi pertalite sekali langsung bermasalah mesinnya","['kakk', 'beat', 'ku', 'bom', 'taun', 'pas', 'isi', 'pertalite', 'langsung', 'masalah', 'mesin']"
"Klo pertalite harus dicampur pertamax, soale sering brebet gitu klo mau abis.","['pertalite', 'campur', 'pertamax', 'soale', 'brebet', 'gitu', 'abis']"
"montorku sisan mb,entek 200rb nak bengkel😔","['montorku', 'sis', 'mbentek', 'rb', 'anak', 'bengkel']"
Kmrin ak mbrebet juga sampe mati2 di jalan padahal seminggu yang lalu bar service apkarna bensin ya,"['kmrin', 'ak', 'mbrebet', 'sampe', 'mati', 'jalan', 'minggu', 'bar', 'service', 'apkarna', 'bensin', 'ya']"
"wes penak gawe shell, malah di kon tutup.","['wes', 'penak', 'gawe', 'shell', 'kon', 'tutup']"
untuk sepeda vario mending pertamax aja..ron 92,"['sepeda', 'vario', 'mending', 'pertamax', 'ajaron']"
pas mangkel mergo ngono ndongoo mbak.ben pejabat sing dholim ndang ketangkep kabeh,"['pas', 'mangkel', 'mergo', 'ngono', 'ndongoo', 'mbakben', 'jabat', 'sing', 'dholim', 'ndang', 'ketangkep', 'kabeh']"
podo scoopyku brebett,"['podo', 'scoopyku', 'brebett']"
jarene pelawak bagio biyen pertamina singkatane 'pertahun minyak naik'.😁,"['jarene', 'lawak', 'bagio', 'biyen', 'pertamina', 'singkatane', 'tahun', 'minyak']"
"Ijolno Supra bapak ae mbak, enak, awet, tahan banting 🤣","['ijolno', 'supra', 'ae', 'mbak', 'enak', 'awet', 'tahan', 'banting']"
@Pertamina @Bahlil Lahadalia,['lahadalia']
mbak Podo,"['mbak', 'podo']"
"mana mau Pertamina tanggung jawab mbk e, mau korupsi yg cepet.","['pertamina', 'tanggung', 'mbk', 'e', 'korupsi', 'cepet']"
pedaku yo brebet mbak tak kiro opoo motorku yo termasuk anyar,"['peda', 'yo', 'brebet', 'mbak', 'kiro', 'opoo', 'motor', 'yo', 'anyar']"
@gerindra terlalu banyak korban bang,"['korban', 'bang']"
tolong samean Nang omah e Bahlil mbak,"['tolong', 'samean', 'nang', 'omah', 'e', 'bahlil', 'mbak']"
ayo RIn Sorong semangaaat. ayo Pertamina bubar AE lek kualitasmu nggateli ancooooor nyusahno rakyat. pejabat2 dibalik Pertamina melek o MATAMU,"['ayo', 'rin', 'sorong', 'semangaaat', 'ayo', 'pertamina', 'bubar', 'ae', 'lek', 'kualitas', 'nggateli', 'ancooooor', 'nyusahno', 'rakyat', 'jabat', 'balik', 'pertamina', 'melek', 'o', 'mata']"
pertamina kok disuruh tanggung jawab..... ya ogahh lahhhh.... kalau disuruh korupsi.... okelahhhhhhh,"['pertamina', 'suruh', 'tanggung', 'ya', 'ogahh', 'lahhhh', 'suruh', 'korupsi', 'okelahhhhhhh']"
hayooo lhooo😁,"['hayooo', 'lhooo']"
@Bahlil Lahadalia,['lahadalia']
"swasta minyaknya dari pertamina juga, podo wae","['swasta', 'minyak', 'pertamina', 'podo', 'wae']"
iyo aku mo mangkel,"['iyo', 'mo', 'mangkel']"
"@pertamina piye ki, tambah gak karu"" an di isi pertalite brebet, di ganti pertamax tambah gak nemen, nyala mati nyala mati🥺","['piye', 'ki', 'tidak', 'karu', 'an', 'isi', 'pertalite', 'brebet', 'ganti', 'pertamax', 'tidak', 'nemen', 'nyala', 'mati', 'nyala', 'mati']"
Aku yang tinggal di daerah harus isi apa ini?? Gak ada pom bensin selain pertamina 😭😭😭,"['tinggal', 'daerah', 'isi', 'tidak', 'pom', 'bensin', 'pertamina']"
demo Pertamina kwalitas pertalite buruk dan hrs tanggungjawab banyak motor org rusak perbaikan mahal hrs gantirugi,"['demo', 'pertamina', 'kwalitas', 'pertalite', 'buruk', 'hrs', 'tanggungjawab', 'motor', 'orang', 'rusak', 'baik', 'mahal', 'hrs', 'gantirugi']"
antara emg sengaja dicampur air atau tangki pendam spbu nya bocor jd kecemar air,"['sengaja', 'campur', 'air', 'tangki', 'pendam', 'spbu', 'bocor', 'cemar', 'air']"
sementara pedahku tak isi banyu putih ae,"['dah', 'isi', 'banyu', 'putih', 'ae']"
apa motor ku nyendat2 juga karena itu😭😭,"['motor', 'ku', 'nyendat']"
kami di kalsel juga sudah kena pertalit brebet,"['kalsel', 'kena', 'pertalit', 'brebet']"
banjarmasin juga ada pak gimna ini😌,"['banjarmasin', 'gimna']"
"sepeda motor saya baru,,ikut brebet dan mogok..gimna solusinya","['sepeda', 'motor', 'baruikut', 'brebet', 'mogokgimna', 'solusi']"
BAHLUL... BAHLUL nyari masalah aja jadi mentri gak Becus,"['bahlul', 'bahlul', 'nyari', 'aja', 'tri', 'tidak', 'becus']"
wihh ngeriii biasanya beli di situ😅,"['wihh', 'ngeriii', 'beli', 'situ']"
"@why @_itz.rapz klk e gara"" nilhh motor ku ok","['rapz', 'klk', 'e', 'gara', 'nilhh', 'motor', 'ku', 'oke']"
anj8ng lah...pom Suasta di beklis si Dajjal nyari kesempatan ga punya kompetitor,"['anjng', 'lahpom', 'suasta', 'beklis', 'si', 'dajjal', 'nyari', 'sempat', 'tidak', 'kompetitor']"
jangan salahin bensin nya barangkali mesin nya,"['jangan', 'salahin', 'bensin', 'barangkali', 'mesin']"
"pertalite,pertamax dll dioplos semua bang, mtr gw jg korban brebet²nya, kirain emng dasar gwnya aja cewek yg makenya asal2an,pdhl oli aki udh gw ganti semua, ternyata emng pda dioplos bensinya😭","['pertalitepertamax', 'dll', 'oplos', 'bang', 'mtr', 'korban', 'brebet nya', 'kirain', 'emng', 'dasar', 'gwnya', 'aja', 'cewek', 'makenya', 'asalanpdhl', 'oli', 'aki', 'ganti', 'emng', 'pda', 'oplos', 'bensinya']"
ekspresi si fefek liat vidio ini🗿,"['ekspresi', 'si', 'fefek', 'liat', 'vidio']"
demo?!,['demo']
coba dong masyarakat kompak jangan bayar pajak 🙏,"['coba', 'masyarakat', 'kompak', 'jangan', 'bayar', 'pajak']"
Skenario teori Awal Dari premium dihilangkan suruh ke pertalite drama lagi dioplos suruh pindah ke pertamax di buat drama apa nanti pindah lagi ke turbo deklite yang lebih mahal tapi kualitasny kedepan disamaratakan,"['skenario', 'teori', 'premium', 'hilang', 'suruh', 'pertalite', 'drama', 'oplos', 'suruh', 'pindah', 'pertamax', 'drama', 'pindah', 'turbo', 'deklite', 'mahal', 'kualitasny', 'depan', 'disamaratakan']"
"Bang, cara baca ""e"" di ""brebet"" itu seperti baca ""e"" di ""enam""","['bang', 'baca', 'e', 'brebet', 'baca', 'e', 'enam']"
Ethanol 10%🥀,['ethanol']
"saran kaa, rekomendasi bensin selain pertalite dong","['saran', 'kaa', 'rekomendasi', 'bensin', 'pertalite']"
aku dengernya pertalite + setanol 😅🙄,"['dengernya', 'pertalite', 'setanol']"
AKU PERTAMAX JG MOGOK JIR,"['pertamax', 'mogok', 'jir']"
pertalite pertamina pelittt,"['pertalite', 'pertamina', 'pelittt']"
Bahenol ( Bahlil Etanol )🗿,"['bahenol', 'bahlil', 'etanol']"
@Boskky @Fajar Habibullah,['habibullah']
"gilakkk yaa, sepedaku mati di tengah jalan
untung gk di tabrak","['gilakkk', 'yaa', 'sepeda', 'mati', 'jalan', 'untung', 'tidak', 'tabrak']"
jare pe tangung jawab pertamina🗿,"['jare', 'pe', 'tangung', 'pertamina']"
itu etanol kak,"['etanol', 'kak']"
motorku beat 2018 nyoba isi pertamax malah berat kayak nerobos banjir,"['motor', 'beat', 'nyoba', 'isi', 'pertamax', 'berat', 'kayak', 'nerobos', 'banjir']"
Mentri Esdm,"['tri', 'esdm']"
pertamina tanggung jawab 4 motorku juga mogok,"['pertamina', 'tanggung', 'motor', 'mogok']"
bahlul kon dorong mbak 🤪🤪,"['bahlul', 'kon', 'dorong', 'mbak']"
"pom mana ngge kak buat jaga""KLO mau ngisi","['pom', 'ngge', 'kak', 'jagaklo', 'ngisi']"
Riau iya jugak sih,"['riau', 'iya', 'jugak']"
panik,['panik']
klo di campur air memang bahaya bget di takap saj klo dikasih air,"['campur', 'air', 'bahaya', 'bget', 'takap', 'saj', 'kasih', 'air']"
"kita sebagai rakyat sudah bayar pajak masih saja dirugikan, kami minta ganti rugi ku ulangi kami minta ganti rugi.","['rakyat', 'bayar', 'pajak', 'rugi', 'ganti', 'rugi', 'ku', 'ulang', 'ganti', 'rugi']"
"anehnya pas pejabat sidak pernyataannya pertalite aman2 aja , kan anj kapitalisasi 🗿","['aneh', 'pas', 'jabat', 'sidak', 'nyata', 'pertalite', 'aman', 'aja', 'anj', 'kapital']"
"motor w rusak anjirrr, kyk gini. udah ke bengkel habis 1jt lebih ga ngaruh, baru sadar gegara pertalitenyaaa😡😭😭","['motor', 'rusak', 'anjirrr', 'kyk', 'gin', 'bengkel', 'habis', 'jt', 'tidak', 'ngaruh', 'sadar', 'gegara', 'pertalitenyaaa']"
di banjarmasin juga banyak motor brebet,"['banjarmasin', 'motor', 'brebet']"
ke suen langsung ae sidang,"['suen', 'langsung', 'ae', 'sidang']"
"smua pulau pak,kami di Banjarmasin pun byk yg mogok.minta tolong di usut pa","['smua', 'pulau', 'pakkami', 'banjarmasin', 'byk', 'mogokminta', 'tolong', 'usut', 'pa']"
yang heran kok Pertamina bilang aman ajaa yaaa? gw bingung,"['heran', 'pertamina', 'bilang', 'aman', 'ajaa', 'yaaa', 'bingung']"
Ngene jare wong” cak ji setingan,"['ngene', 'jare', 'cak', 'ji', 'ting']"
pak prabowo mohon sekali di tindak.ada kecurangan lagi dari pertamina,"['prabowo', 'mohon', 'tindakada', 'curang', 'pertamina']"
pertamina gk ngaku di kalimantan kya gitu juga banyak motor yng rusak habis ngisi bensin di pertamina,"['pertamina', 'tidak', 'ngaku', 'kalimantan', 'kya', 'gitu', 'motor', 'yng', 'rusak', 'habis', 'ngisi', 'bensin', 'pertamina']"
Motorku mati tiba”terus pas jalan apa ini jg efek bensin ini? Adakah yg sma?,"['motor', 'mati', 'tibaterus', 'pas', 'jalan', 'efek', 'bensin', 'ada', 'sma']"
"Kalsel juga banyak yg mogok sepeda motornya hbis ngisi dpom,dengrkn keluhan masyarakat pak peresedin Prabowo 🙏","['kalsel', 'mogok', 'sepeda', 'motor', 'hbis', 'ngisi', 'dpomdengrkn', 'keluh', 'masyarakat', 'peresedin', 'prabowo']"
mtr saya brebet jg bru tdi pagi di isi prtamax mana lagi kerja malah mogok sering mati”,"['mtr', 'brebet', 'bru', 'tdi', 'pagi', 'isi', 'prtamax', 'kerja', 'mogok', 'mati']"
pecat s bahlul,"['pecat', 's', 'bahlul']"
bensin di zaman dulu gak ada masalah,"['bensin', 'zaman', 'tidak']"
pom bensin panjang jiwo juga,"['pom', 'bensin', 'jiwo']"
bahlil posisi. 😳😁😁,"['bahlil', 'posisi']"
jualan bensin kok di oplos negorone pye iki,"['jual', 'bensin', 'oplos', 'negorone', 'pye', 'iki']"
"kapan sih ""jawa"" bisa merdeka ?
tu pulau kena musibah mulu heran 🧐","['jawa', 'merdeka', 'tu', 'pulau', 'kena', 'musibah', 'mulu', 'heran']"
apakah ini gara gara Bahlil??🤔,"['gara', 'gara', 'bahlil']"
@gerindra usut menteri ESDMnya min. kerjanya gak becus ini,"['usut', 'menteri', 'esdmnya', 'min', 'kerja', 'tidak', 'becus']"
parah Pertamina rakyat beli GK pernh hutang tapi rugi dan skrng oplos tmbh dengn etanol...kualat loh,"['parah', 'pertamina', 'rakyat', 'beli', 'tidak', 'pernh', 'hutang', 'rugi', 'skrng', 'oplos', 'tmbh', 'dengn', 'etanolkualat', 'loh']"
niat pgn untung dgn ngoplos pertalite yg ada g laku lg🤣🤣,"['niat', 'untung', 'ngoplos', 'pertalite', 'tidak', 'laku', 'lg']"
bahlil full senyum,"['bahlil', 'full', 'senyum']"
Bahlil mikir gk sih dia tu,"['bahlil', 'mikir', 'tidak', 'tu']"
negara Konoha tambah rusak sama negaranya sendiri,"['negara', 'konoha', 'rusak', 'negara']"
alhamdulillah pertamax,"['alhamdulillah', 'pertamax']"
masih heran kok ga ada demo masalah anomali meresahkan 1 ini,"['heran', 'tidak', 'demo', 'anomali', 'resah']"
"perbuatan goblin ijo, bibit korupsi, penghitam Indonesia, contoh buruk bagi generasi","['buat', 'goblin', 'ijo', 'bibit', 'korupsi', 'hitam', 'indonesia', 'contoh', 'buruk', 'generasi']"
berebet bg bukan berebet,"['rebet', 'bg', 'bukan', 'rebet']"
nyiksa rakyat,"['nyiksa', 'rakyat']"
isi. pakai bahan bakar pesawat atau mesin di modifikasi jadi diesel lebih realistis,"['isi', 'pakai', 'bahan', 'bakar', 'pesawat', 'mesin', 'modifikasi', 'diesel', 'realistis']"
. Gapaham lagi si bahlil msih d pekerjakan,"['gapaham', 'si', 'bahlil', 'msih', 'kerja']"
D*jj*l bener menteri esdm ini,"['djjl', 'bener', 'menteri', 'esdm']"
bahlil kon,"['bahlil', 'kon']"
trus gimna shell masih kosong balil zholim,"['trus', 'gimna', 'shell', 'kosong', 'balil', 'zholim']"
bahlill anjj,"['bahlill', 'anjj']"
lil lil lil bahlin goblin si pencuri nikel dan pemabok ethanol (kalau bisa dibuat meme tolong ya),"['lil', 'lil', 'lil', 'bahlin', 'goblin', 'si', 'curi', 'nikel', 'pemabok', 'ethanol', 'meme', 'tolong', 'ya']"
"Ga bang, ga pertalite doang gua isi pertamek juga brebet, sekali lagi BREBET","['tidak', 'bang', 'tidak', 'pertalite', 'doang', 'gua', 'isi', 'pertamek', 'brebet', 'brebet']"
"sumpah bikin rugi. kita udah ga keluar duit buat bensin aja, tp juga buat biaya service yg ga murah. laknat banget sumpah, berhasil bikin rakyat menderita👏🏻","['sumpah', 'rugi', 'tidak', 'duit', 'bensin', 'aja', 'biaya', 'service', 'tidak', 'murah', 'laknat', 'banget', 'sumpah', 'hasil', 'rakyat', 'derita']"
ya allah kenapa sih menteri mneteri pada gilaaaaa smuaaa.... allahu akbar,"['ya', 'allah', 'menteri', 'mneteri', 'gilaaaaa', 'smuaaa', 'allahu', 'akbar']"
"iya cok nyusahkan rakyat terus, udh lah umr seihklas nya","['iya', 'cok', 'nyusahkan', 'rakyat', 'umr', 'seihklas']"
"santai aja, kita nanti masuk surga jalur di zolimi pemerintah 😁","['santai', 'aja', 'masuk', 'surga', 'jalur', 'zolimi', 'perintah']"
Demo ke c Bahlil bikin ulah,"['demo', 'c', 'bahlil', 'ulah']"
Babii B nya apa teman2?,"['babi', 'b', 'teman']"
mtorku vario ben dino go pertalite alhamdulillah ora brebet seh soale cop busi ampe busi ne di ganti seng racing awale brebet go pertalite pas busine gawanan mtor ambe cop busine saiki aman rek,"['mtorku', 'vario', 'ben', 'dino', 'go', 'pertalite', 'alhamdulillah', 'ora', 'brebet', 'seh', 'soale', 'cop', 'busi', 'ampe', 'busi', 'ne', 'ganti', 'seng', 'racing', 'awale', 'brebet', 'go', 'pertalite', 'pas', 'busine', 'gawan', 'mtor', 'ambe', 'cop', 'busine', 'saiki', 'aman', 'rek']"
"km sopan banget, sukses sekali ortu yg udah membesarkan n mendidik km dek, beruntung laki"" kelak yg menjadi suamimu","['sopan', 'banget', 'sukses', 'ortu', 'besar', 'n', 'didik', 'dek', 'untung', 'laki', 'kelak', 'suami']"
Pnyae tmnku jg beat street e rusak,"['pnyae', 'tmnku', 'beat', 'street', 'e', 'rusak']"
Karyawan e pertimini pas di protes ngomong e sepeda e seng rusuh😂,"['karyawan', 'e', 'pertimini', 'pas', 'protes', 'ngomong', 'e', 'sepeda', 'e', 'seng', 'rusuh']"
Iki pemerintah turu a,"['iki', 'perintah', 'turu', 'a']"
gua takut liat tandon air Oren belakang,"['gua', 'takut', 'liat', 'tandon', 'air', 'oren']"
Audit Direktur Pertamina,"['audit', 'direktur', 'pertamina']"
kelakuane Mr B,"['kelakuane', 'mr', 'b']"
itu model nya,['model']
sepedaku ya mbrebet,"['sepeda', 'ya', 'mbrebet']"
pantes motor ku brebet,"['pantes', 'motor', 'ku', 'brebet']"
"yang ngasih saran pertalite dicampur etanol: SOK SIBUK, NYUSAHIN ORANG, THE REAL BEBAN NEGARA.","['ngasih', 'saran', 'pertalite', 'campur', 'etanol', 'sok', 'sibuk', 'nyusahin', 'orang', 'the', 'real', 'beban', 'negara']"
"heran sama si bahlil, tiap buat kebijakan kebanyakan blunder mulu. 😑","['heran', 'si', 'bahlil', 'bijak', 'banyak', 'blunder', 'mulu']"
harusnya beli pentol beli busi,"['beli', 'pentol', 'beli', 'busi']"
"kang bengkel = makasih Bahlil
pembeli Ben = Bahlil kon🗿","['kang', 'bengkel', 'makasih', 'bahlil', 'beli', 'ben', 'bahlil', 'kon']"
kapan bahlil di pecat,"['bahlil', 'pecat']"
puodooooo... 😭😭😭,['puodooooo']
disana ada SPBu kode 31 kah?,"['sana', 'spbu', 'kode', 'kah']"
DEMO SURUH CABUT PERATURAN BUAT PRODUK LUAR NEGERI SEPERTI SELL UNTUK DIBERIKAN IJIN DAN KEBEBASAN UNTUK BERJUALAN DI INDO,"['demo', 'suruh', 'pergi', 'atur', 'produk', 'negeri', 'sell', 'ijin', 'bebas', 'jual', 'indo']"
"ket wingi ko seliweran nang beranda motor2 do mogok ..iki area jatim,,smoga cpt d atasi pertamina..wah ngerugi kan uwong akeh nek ngene ki..
smoga Area jateng ,jogya ttp aman ..","['ket', 'wing', 'ko', 'seliwer', 'nang', 'beranda', 'motor', 'do', 'mogok', 'iki', 'area', 'jatimsmoga', 'cpt', 'atas', 'pertaminawah', 'ngerugi', 'uwong', 'akeh', 'nek', 'ngene', 'ki', 'smoga', 'area', 'jateng', 'jogya', 'ttp', 'aman']"
pemerintah denger suara rakyat gak sih?! 😡,"['perintah', 'denger', 'suara', 'rakyat', 'tidak']"
dosa besar pertamina sdh buat masyarakat Indonesia sengsara sepedanya rusak,"['dosa', 'pertamina', 'masyarakat', 'indonesia', 'sengsara', 'sepeda', 'rusak']"
pemerintah konoha cap gathel. nyusahne wong cilik tok.,"['perintah', 'konoha', 'cap', 'gathel', 'nyusahne', 'cilik', 'tok']"
Oleh mesoh a lek😔 ijoli duet bengkelku🫴🏻,"['mesoh', 'a', 'lek', 'ijoli', 'duet', 'bengkel']"
up,['up']
bahlil ga turun besok netijen lain yang kenak,"['bahlil', 'tidak', 'turun', 'besok', 'netijen', 'nak']"
Tiwas ngisi full Pertamax 😭 Mosok di isi kuah rawon 😭,"['tiwas', 'ngisi', 'full', 'pertamax', 'mosok', 'isi', 'kuah', 'rawon']"
"itulah kenyataan negara kita, selalubikun susah rakyatnya","['nyata', 'negara', 'selalubikun', 'susah', 'rakyat']"
"rindu ngisi nang indostasion, soale wes podo tutup terpaksa pertamax 😭","['rindu', 'ngisi', 'nang', 'indostasion', 'soale', 'wes', 'podo', 'tutup', 'paksa', 'pertamax']"
vario ku saiki yo menguk menguk mosok podo karo wong2 mbrebet,"['vario', 'ku', 'saiki', 'yo', 'kuk', 'kuk', 'mosok', 'podo', 'karo', 'mbrebet']"
salahmu pake pertalite. dapat motor baru ko diisi bensin subsidian jelas kamu sing salah,"['salah', 'pake', 'pertalite', 'motor', 'ko', 'isi', 'bensin', 'subsidi', 'sing', 'salah']"
SUMPAH KALIMANTAN KYK GINI SERENTAK JG BREBET2 BULAN APRIL🥲🥲,"['sumpah', 'kalimantan', 'kyk', 'gin', 'serentak', 'brebet', 'april']"
aku wis beralih ke BP,"['wis', 'alih', 'bp']"
"dulu banyak pom bensin ""Mobil"" sepi pembeli. jadi ikhlasin aja jadi langganan Pertamina 😂😂🤣🤣","['pom', 'bensin', 'mobil', 'sepi', 'beli', 'ikhlasin', 'aja', 'langgan', 'pertamina']"
pokok aku ojok kongkon tanggung jawab 😌😭,"['pokok', 'ojok', 'kongkon', 'tanggung']"
"Opo enak'e di isi ambek Alkohol, campur kuku Bima ae yo😁😁","['opo', 'enake', 'isi', 'ambek', 'alkohol', 'campur', 'kuku', 'bima', 'ae', 'yo']"
"Pertingnya tau kompresi kendaraan yg kita pake,Mau nya hemat yg penting motor jalan","['ting', 'kompresi', 'kendara', 'pakemau', 'hemat', 'motor', 'jalan']"
"ayo @pertamina tanggung jawab ini,apa harus didemo dulu baru berbenah","['ayo', 'tanggung', 'iniapa', 'demo', 'benah']"
Ws akeh kjdian ngene pemerintah mneng ae???,"['ws', 'akeh', 'kjdian', 'ngene', 'perintah', 'mneng', 'ae']"
"sama e mba motorku ya brebet ini, ini harus dibawa ke bengkel dulu kah kak?
mohon sarannya","['e', 'mba', 'motor', 'ya', 'brebet', 'bawa', 'bengkel', 'kah', 'kak', 'mohon', 'saran']"
ganti menteri pertambangan,"['ganti', 'menteri', 'tambang']"
bar tekko tumbas Pertamax cahh😭,"['bar', 'tekko', 'tumbas', 'pertamax', 'cahh']"
di doakan aj..... 🤲🤲🤲,"['doa', 'aj']"
Udh susah di buat susah lagi,"['susah', 'susah']"
#indonesia darurat BBM,"['darurat', 'bbm']"
"Gw udah 2thun ga ke pom, klo isi selalu beli eceran aja di desa wkwk, tpi alhamdulillah aman aja, minus nya mahal aja 17K 1liter😅","['thun', 'tidak', 'pom', 'isi', 'beli', 'ecer', 'aja', 'desa', 'tpi', 'alhamdulillah', 'aman', 'aja', 'minus', 'mahal', 'aja', 'liter']"
delok en lil bahlil😭,"['dok', 'en', 'lil', 'bahlil']"
"masyarakat indonesia udh seramai ini dan semuak ini pemerintah gabpecat bahlil juga, nunggu apa lagi coba anj","['masyarakat', 'indonesia', 'serama', 'muak', 'perintah', 'gabpecat', 'bahlil', 'nunggu', 'coba', 'anj']"
poro pejabat Ng ndi Iki gubernur bupati SG turun malah cak ji.... walkot Suroboyo,"['poro', 'jabat', 'ng', 'ndi', 'iki', 'gubernur', 'bupati', 'sg', 'turun', 'cak', 'ji', 'walkot', 'suroboyo']"
Iyo wes aku TANGGUNG JAWAB....Rabi kapan 🤣🤣🥰,"['iyo', 'wes', 'tanggung', 'jawabrabi']"
"pake onthel, sehat dan tidak boros di kantong","['pake', 'onthel', 'sehat', 'tidak', 'boros', 'kantong']"
MBAK LAK BELI BENSIN NANG PERTAMINA MINTAO STRUK BUAT BUKTI BEN ISOK DI LAPORKAN,"['mbak', 'lak', 'beli', 'bensin', 'nang', 'pertamina', 'mintao', 'struk', 'bukti', 'ben', 'isok', 'lapor']"
"wingi beat ku tak isi pertalite nenk pom bensin danakarya Alhamdulillah sek aman kak,Yo opo mnh ngenteni Shell opo BP Podo kosong kbh, motore selak di gawe kerjo.. Bahlil Ancene njalok di koyek kok","['wing', 'beat', 'ku', 'isi', 'pertalite', 'nenk', 'pom', 'bensin', 'danakarya', 'alhamdulillah', 'sek', 'aman', 'kakyo', 'opo', 'mnh', 'ngenteni', 'shell', 'opo', 'bp', 'podo', 'kosong', 'kbh', 'motore', 'selak', 'gawe', 'kerjo', 'bahlil', 'ancene', 'njalok', 'koyek']"
"motor gw juga kena anj, dasar pertamina anj, kualitas rendahan anj, mtor gw belum selesai nyicilnya tapi udah kena injektornya gara gara gw sering isi bahan bakar di pom pertamina, lo tau kan pom yg ada kasus ttng bensin dicampur air itu, nah gw isi disitu, rusak ini motorku ANJ ANJ PERTAMINA ANJ","['motor', 'kena', 'anj', 'dasar', 'pertamina', 'anj', 'kualitas', 'rendah', 'anj', 'mtor', 'selesai', 'nyicilnya', 'kena', 'injektornya', 'gara', 'gara', 'isi', 'bahan', 'bakar', 'pom', 'pertamina', 'pom', 'ttng', 'bensin', 'campur', 'air', 'isi', 'situ', 'rusak', 'motor', 'anj', 'anj', 'pertamina', 'anj']"
bahlil b nya apa,"['bahlil', 'b']"
dengan cara ini demi keuntungan besar Tampa memikirkan kerugian orang lain,"['untung', 'tampa', 'pikir', 'rugi', 'orang']"
Lngsung jdiin judul skripsi aja kak 😭😭,"['lngsung', 'jdiin', 'judul', 'skripsi', 'aja', 'kak']"
kuwi montormu kepanasen gr2 etanol..yo ketok e adem tp njero panas..dadi busine mati..busi kerak e parah diresiki mari jare kok masalahe nek busine jare pertamina..makane kudune bengkel2 podo speak up lk ora yo panggah golek alasan pertamina anccukkk,"['kuwi', 'montormu', 'kepanasen', 'gr', 'etanolyo', 'ketok', 'e', 'adem', 'njero', 'panasdadi', 'busine', 'matibusi', 'kerak', 'e', 'parah', 'resik', 'mari', 'jare', 'masalahe', 'nek', 'busine', 'jare', 'pertaminamakane', 'kudune', 'bengkel', 'podo', 'speak', 'up', 'lk', 'ora', 'yo', 'panggah', 'golek', 'alas', 'pertamina', 'anccukkk']"
sama scoopyku pakai pertamax kok brebet pisan,"['scoopyku', 'pakai', 'pertamax', 'brebet', 'pis']"
karena di 🇮🇩 ada Mulyono opung dan bahlil,"['mulyono', 'opung', 'bahlil']"
"Bakal luar biasa hisabnya nih pemerintah kita. Negara mayoritas Muslim, tapi kalah akhlaknya dari Jepang dan negara mayoritas non Muslim.","['hisab', 'perintah', 'negara', 'mayoritas', 'muslim', 'kalah', 'akhlak', 'jepang', 'negara', 'mayoritas', 'non', 'muslim']"
"saran saya klo masih bisa ngotak ngatik sendiri mending ganti dlu aja yg dasar dasar
1 , kuras tangki
2 , Ganti busi kalo udah menguning
3 , Bbm ganti pertamax turbo beli sedikit saja dlu
4 , ganti pertamax Biru
sekira nya masih berbed bawa ke bngkel saja 😆","['saran', 'ngotak', 'ngatik', 'mending', 'ganti', 'dlu', 'aja', 'dasar', 'dasar', 'kuras', 'tangki', 'ganti', 'busi', 'kuning', 'bbm', 'ganti', 'pertamax', 'turbo', 'beli', 'dlu', 'ganti', 'pertamax', 'biru', 'sekira', 'berbed', 'bawa', 'bngkel']"
BBM Mahai enggak ada quality..menteri sama aja Goblok😂😂,"['bbm', 'maha', 'enggak', 'qualitymenteri', 'aja', 'goblok']"
@pertamina mau ngeles apalagi lu,['ngeles']
"@Gibran Rakabuming @gerindra PAKKKK TOLONG LAHH, MONTORKU JUGA BREBET","['rakabuming', 'pakkkk', 'tolong', 'lahh', 'montorku', 'brebet']"
kapok,['kapok']
@Pertamina @gerindra Monggo di persilah kn..🤭🤭,"['monggo', 'pers', 'kn']"
gak opo rek kan bengkele seneng pro Bahlil dwekke,"['tidak', 'opo', 'rek', 'bengkele', 'neng', 'pro', 'bahlil', 'dwekke']"
malam ini vario tetiba mogok padahal bensin masih separo. kyok e ya gr² bnsin ini kmren sabtu aku isi full 🥺,"['malam', 'vario', 'tetiba', 'mogok', 'bensin', 'paro', 'kyok', 'e', 'ya', 'gr', 'bnsin', 'kmren', 'sabtu', 'isi', 'full']"
mangkane isio BP 🔥🔥🔥🔥,"['mangkane', 'isio', 'bp']"
@Pertamina kalo kayak gini gimana? rakyat udah susah makin susah loh huhuu😭😭,"['kayak', 'gin', 'gimana', 'rakyat', 'susah', 'susah', 'loh', 'huhuu']"
koncomu kok sangar mbak😂,"['konco', 'sangar', 'mbak']"
sampe sepedaku bingung kate tak isi bensin opo. pdahal wes kentek an bensin. mosok yo kudu peda ontelan😭,"['sampe', 'sepeda', 'bingung', 'kate', 'isi', 'bensin', 'opo', 'pdahal', 'wes', 'kentek', 'an', 'bensin', 'mosok', 'yo', 'kudu', 'peda', 'ontelan']"
Pertamax sama pertalite sama2 e10,"['pertamax', 'pertalite', 'e']"
@pertamina deloken m. o. to. mu c. o. k. jaluk ta sleding ta asuy... 😈😈😈,"['deloken', 'm', 'o', 'to', 'mu', 'c', 'o', 'jaluk', 'ta', 'sleding', 'ta', 'asuy']"
"woiii podo mbak, aku mang awan sektas ng bengkel ganti busi pisan😭","['woiii', 'podo', 'mbak', 'mang', 'awan', 'sektas', 'ng', 'bengkel', 'ganti', 'busi', 'pis']"
di darjo kota udah ada shell malah ditutup diganti pertamina juga😭 kan nyebelin ya ngga ngasih rakyat opsi lain jadi mau ngga mau harus beli ke pertamina.,"['darjo', 'kota', 'shell', 'tutup', 'ganti', 'pertamina', 'nyebelin', 'ya', 'tidak', 'ngasih', 'rakyat', 'opsi', 'tidak', 'beli', 'pertamina']"
Honda ampas dikasih bensin ampas yo brodol ges,"['honda', 'ampas', 'kasih', 'bensin', 'ampas', 'yo', 'brodol', 'ges']"
"wes tak like, semoga pertamina moco","['wes', 'like', 'moga', 'pertamina', 'moco']"
Scoopy ku anyar yaa gitu mba abis diisi bensin pertalite sm adekku langsung nyandet2 dijalan,"['scoopy', 'ku', 'anyar', 'yaa', 'gitu', 'mba', 'abis', 'isi', 'bensin', 'pertalite', 'sm', 'adekku', 'langsung', 'nyandet', 'jalan']"
@pertamina @bahlil.lahadalia udh bnyk kasus masih tutup mata kah?,"['lahadalia', 'bnyk', 'tutup', 'mata', 'kah']"
"klaimnooo mbak,ee","['klaimnooo', 'mbakee']"
"lah aku sering pake pertamax aman"" aja 🙏😁","['pake', 'pertamax', 'aman', 'aja']"
sampean berhak menuntut kualitas BBM yang sampean beli. sertakan bukti dan lakukan tuntutan kepada yang berwenang,"['sampean', 'hak', 'tuntut', 'kualitas', 'bbm', 'sampean', 'beli', 'serta', 'bukti', 'laku', 'tuntut', 'wenang']"
kebanyakan honda yg kena,"['banyak', 'honda', 'kena']"
ngoro Jombang,"['ngoro', 'jombang']"
laksanakan siap laksanakan,"['laksana', 'laksana']"
"kami sebagai pihak bengkel sangat berterimakasih atas banyaknya kasus motor pada rusak akibat isi bensin pertalite, karena pendapatan rezeki kita sangatlah bertambah.","['bengkel', 'berterimakasih', 'banyak', 'motor', 'rusak', 'akibat', 'isi', 'bensin', 'pertalite', 'dapat', 'rezeki', 'tambah']"
rumah bahlil di sidak ngga pak????😂😂😂😂😂,"['rumah', 'bahlil', 'sidak', 'tidak']"
bner byk mtor brebet skrg ..,"['bner', 'byk', 'mtor', 'brebet', 'skrg']"
mending swasta!,"['mending', 'swasta']"
politik lgi ini ceritax😁🙏,"['politik', 'lgi', 'ceritax']"
"udh tau GK bisa ke campur kn ,kyk Minya dan air 🗿","['tidak', 'campur', 'kn', 'kyk', 'mi', 'air']"
gara2 ini spda sy mati juga pak 😭 bensin pertalite ada campurannya.,"['gara', 'spda', 'sy', 'mati', 'bensin', 'pertalite', 'campur']"
tul sy abis beli pertamak 92 sepeda tiba2 sering mogok di tengah jl,"['tul', 'sy', 'abis', 'beli', 'tamak', 'sepeda', 'mogok', 'jl']"
"bikin vt nya di spbu saja.dan di saksikan pengisi bensin lain nya dan di saksikan operator spbu.kalau perlu di saksikan aparat polisi.🙏🙏
biar tidak timbul keresahan di masyarakat.🙏🙏","['vt', 'spbu', 'sajadan', 'saksi', 'isi', 'bensin', 'saksi', 'operator', 'spbukalau', 'saksi', 'aparat', 'polisi', 'tidak', 'timbul', 'resah', 'masyarakat']"
Shell aj keknya bahaya c ojol PD brebet,"['shell', 'aj', 'kek', 'bahaya', 'c', 'ojol', 'pd', 'brebet']"
di daerah Jawa timur Jember juga di campur dan bikin motor rusak😭😭,"['daerah', 'jawa', 'timur', 'jember', 'campur', 'motor', 'rusak']"
kiro² motor e Bahlil enek etanol e opo ora Yo?,"['kiro', 'motor', 'e', 'bahlil', 'enek', 'etanol', 'e', 'opo', 'ora', 'yo']"
gitu doang ngeluh,"['gitu', 'doang', 'ngeluh']"
ada pa danil😁,"['pa', 'danil']"
Vario 160 ku ikut sesak napas 🥹berebet berebet,"['vario', 'ku', 'sesak', 'napas', 'rebet', 'rebet']"
Medan kereta brebet baru di benerin kenak 1jtaan,"['medan', 'kereta', 'brebet', 'benerin', 'nak', 'jtaan']"
emang bbr klw dah di endap tersimpan,"['emang', 'bbr', 'endap', 'simpan']"
bapak nya kena kamera Pertamina ..😂😂,"['kena', 'kamera', 'pertamina']"
motor aku ngadat padahal mesin masih mulus,"['motor', 'ngadat', 'mesin', 'mulus']"
motorku beat di isi solar kok,"['motor', 'beat', 'isi', 'solar']"
presiden mlempem,"['presiden', 'mlempem']"
apa cuma beberapa pom doang atau semua nya soal nya says di bandung masih aman atau distribusi bbm yg baru belum menyeluruh aja?,"['pom', 'doang', 'says', 'bandung', 'aman', 'distribusi', 'bbm', 'aja']"
bahlil: stnk nya basah itumah bukan karena bensinya🤭,"['bahlil', 'stnk', 'basah', 'itumah', 'bukan', 'bensinya']"
Si bahlill pengen jadi uchiha itachi kali,"['si', 'bahlill', 'uchiha', 'itachi', 'kali']"
"SAMAAA, kblangan ini motor tbtb mati Mulu kek lemah bat dia lemaahhh","['samaaa', 'kblangan', 'motor', 'tbtb', 'mati', 'mulu', 'kek', 'lemah', 'bat', 'lemaahhh']"
pantes motor gw jg bgtu anj emg si bahlul,"['pantes', 'motor', 'bgtu', 'anj', 'si', 'bahlul']"
Ini bukan hoax tapi ini nyata dan fakta banyak motor brebet gimana kebijakan pemerintah ini,"['bukan', 'hoax', 'nyata', 'fakta', 'motor', 'brebet', 'gimana', 'bijak', 'perintah']"
suaramesin kasar,"['suaramesin', 'kasar']"
Bahlull,['bahlull']
beli eceran aja...akan keliatan klo ada airnya..,"['beli', 'ecer', 'ajaakan', 'liat', 'air']"
ngak ada ngak ada nih sepehku habis 200 ribu bawa kebekel,"['ngak', 'ngak', 'sepehku', 'habis', 'ribu', 'bawa', 'bekel']"
Eman iya .efeknya kendaraan pada banting Valve 😭,"['eman', 'iya', 'efek', 'kendara', 'banting', 'valve']"
Bahlil bahlul motor gw jadi brebet,"['bahlil', 'bahlul', 'motor', 'brebet']"
jangan diposting terus langsung di proses aj,"['jangan', 'diposting', 'langsung', 'proses', 'aj']"
selagi koruptor tidak di hukum mati tetep rusuh penuh sampah negara,"['selagi', 'koruptor', 'tidak', 'hukum', 'mati', 'tetep', 'rusuh', 'penuh', 'sampah', 'negara']"
ben opo se d oplos banyu barang 😭,"['ben', 'opo', 'oplos', 'banyu', 'barang']"
"saya jg jd korban ,malem di isi pertalite pagi sdh brebet🤭","['korban', 'malem', 'isi', 'pertalite', 'pagi', 'brebet']"
Tambah ancur nih negara,"['ancur', 'negara']"
penjarakan Gregget banget Aku SM yg ngecampur,"['penjara', 'gregget', 'banget', 'sm', 'ngecampur']"
ngeyeeeel tutup wae SPBUnya pak,"['ngeyeeeel', 'tutup', 'wae', 'spbunya']"
tolong dong pemerintah cepat di selesaikan masalah ini kasian masyarakat udah susah nyari uang,"['tolong', 'perintah', 'cepat', 'selesai', 'kasi', 'masyarakat', 'susah', 'nyari', 'uang']"
pertamax juga berbet,"['pertamax', 'bet']"
"Bahlil memang dititipkan Jokowi biar pemerintahan Prabowo cheos,Prabowo juga tau kalau Bahlil bego cuman gak berdaya,tuk mencampakkannya.","['bahlil', 'titip', 'jokowi', 'perintah', 'prabowo', 'cheosprabowo', 'bahlil', 'bego', 'cuman', 'tidak', 'berdayatuk', 'campak']"
akhr x kndraan q kena berebet2 jg😫,"['akhr', 'x', 'kndraan', 'kena', 'rebet', 'jg']"
"nahh gt itu,,saya sudah d batas ke bengkel 3x dan lapor SPBU tp SPBU-nya ada aja sanggahan nya. kl bilang mesin bermasalah masak iyaa barengan jama'ah gini,, hadehhh .. meskipun SPBU bilangnya udah di sidak dan mereka aman, tp loo buktinya ancur aslii","['nahh', 'gt', 'itusaya', 'batas', 'bengkel', 'x', 'lapor', 'spbu', 'spbunya', 'aja', 'sanggah', 'kl', 'bilang', 'mesin', 'masalah', 'masak', 'iya', 'bareng', 'jamaah', 'gin', 'hadehhh', 'spbu', 'bilang', 'sidak', 'aman', 'loo', 'bukti', 'ancur', 'asli']"
"gara"" pertalite motor ku ke 2 nya brebet semua","['gara', 'pertalite', 'motor', 'ku', 'brebet']"
"@pertamina kenapa sekarang pertalite lagi yang bermasalah, kemarin Pertamax.
kenapa?
kita rakyat sudah setengah mati dengan kehidupan mala digini'in🥴🥴","['pertalite', 'masalah', 'kemarin', 'pertamax', 'rakyat', 'mati', 'hidup', 'mala', 'diginiin']"
kebacut eeeeee sampe pertalite ae dioploss,"['bacut', 'eeeeee', 'sampe', 'pertalite', 'ae', 'dioploss']"
"lucu🤣,yg disalahin pertamina padahal semua tau siapa pelaku yg oplos😅,hukum di indonesia emang berat sebelah","['lucuyg', 'disalahin', 'pertamina', 'laku', 'oploshukum', 'indonesia', 'emang', 'berat', 'belah']"
"assalamualaikum p,Prabowo mohon copot aja p bahil kasian rakyat nya pak beli sepeda motor mahal ujung ujungnya rusak gara gara etanol","['assalamualaikum', 'pprabowo', 'mohon', 'copot', 'aja', 'p', 'bahil', 'kasi', 'rakyat', 'beli', 'sepeda', 'motor', 'mahal', 'ujung', 'ujung', 'rusak', 'gara', 'gara', 'etanol']"
"Biar bapak sidak smpai di mna klo kebijkan mentri pake etanol,knpa mesti d slahkan POM nya?logikaaaa,","['sidak', 'smpai', 'mna', 'kebijkan', 'tri', 'pake', 'etanolknpa', 'mesti', 'slah', 'pom', 'nyalogikaaaa']"
Wes epok2 kabehh,"['wes', 'epok', 'kabehh']"
bilang aja air..,"['bilang', 'aja', 'air']"
"motor aku pake pertalet greget
akhirnya pake pertamax","['motor', 'pake', 'pertalet', 'greget', 'pake', 'pertamax']"
orak di campor uyoh e balil ssn,"['orak', 'campor', 'uyoh', 'e', 'balil', 'ssn']"
semoga kita masuk surga lewat jalur WNI 🗿,"['moga', 'masuk', 'surga', 'jalur', 'wni']"
gara² bahlul,"['gara', 'bahlul']"
andaikan ambrozi dan imam samudra masih hidup😭,"['andai', 'ambrozi', 'imam', 'samudra', 'hidup']"
uchiha bahlil,"['uchiha', 'bahlil']"
"MANG BERANI??? 🔥 🤭
CAPE DENGER BERITA OPLOSAN MULU","['mang', 'berani', 'cape', 'denger', 'berita', 'oplos', 'mulu']"
makin dzolim aja para pejabat,"['dzolim', 'aja', 'jabat']"
"Itu yg masih bangga banggain pertalite dimanaa otakkk kauu, emang iya bener lebih murah tapi kan gk sehat kocak, beralih deh ke RON diatas 90 jgn pada kocak kesadaran napa,gini gimana indonesia mau maju udah pemerintahnya tukang boong ini pula masyarakatnya kocak akan kesadaran otak sendri,😑","['bangga', 'banggain', 'pertalite', 'dimanaa', 'otakkk', 'kauu', 'emang', 'iya', 'bener', 'murah', 'tidak', 'sehat', 'kocak', 'alih', 'ron', 'atas', 'jangan', 'kocak', 'sadar', 'napagini', 'gimana', 'indonesia', 'maju', 'perintah', 'tukang', 'boong', 'masyarakat', 'kocak', 'sadar', 'otak', 'sendri']"
yg salah ya bhlul,"['salah', 'ya', 'bhlul']"
hasil kebijakan si bahlul,"['hasil', 'bijak', 'si', 'bahlul']"
Adili Bahlil... mafia migas gank solo..,"['adil', 'bahlil', 'mafia', 'migas', 'gank', 'solo']"
@Gibran Rakabuming @GOLKAR INDONESIA @gerindra @DPR RI kejagung suruh cek pak.. ada indikasi korupsi😂😂😂😂,"['rakabuming', 'indonesia', 'ri', 'jagung', 'suruh', 'cek', 'indikasi', 'korupsi']"
presidene turu,"['presidene', 'turu']"
"hoax gk nih , ampun dah ini tambah parah 😭","['hoax', 'tidak', 'ampun', 'parah']"
banyak banget soalnya disini kena pertalit untung gw Pertamax wowkwowo tapi kemaren liat Ig Madura jirr Pertamax airr semua banyak yg kenaa,"['banget', 'kena', 'pertalit', 'untung', 'pertamax', 'wowkwowo', 'kemaren', 'liat', 'ig', 'madura', 'jirr', 'pertamax', 'airr', 'kenaa']"
aku beli eceran aja🙂,"['beli', 'ecer', 'aja']"
itu kesalahan si bahlil,"['salah', 'si', 'bahlil']"
gara2 busi itu 🗿,"['gara', 'busi']"
serakah amat ya...tanpa curang tanpa di oplos sudah untung bnyak Krena gak di supsidi tapi tetap aja kurang dasar manusia serakah,"['serakah', 'yatanpa', 'curang', 'oplos', 'untung', 'bnyak', 'krena', 'tidak', 'supsidi', 'aja', 'dasar', 'manusia', 'serakah']"
"emg pertamina anj mtr gua brebet, gua ngira mesin yg kenapa kenap smpe 3 x service ternyata permasalahnbya di bensin anj","['pertamina', 'anj', 'mtr', 'gua', 'brebet', 'gua', 'ngira', 'mesin', 'kenap', 'smpe', 'x', 'service', 'permasalahnbya', 'bensin', 'anj']"
untung di Jepara masih aman,"['untung', 'jepara', 'aman']"
"TADI AKU NGISI BENSIN PERTALITE JAM 4 MALEMNYA KELUAR JAM 8 MLM TIBA2 MATI MOTORNYA!!!!!!
MASAK IYAH AKU JADI KORBAN SELANJUTNYA😭","['ngisi', 'bensin', 'pertalite', 'jam', 'malemnya', 'jam', 'mlm', 'mati', 'motor', 'masak', 'iyah', 'korban']"
Madura juga,['madura']
Ada baiknya selang pengisian di SPBU tuh di kasih selang yg transparan pak biar ada transparansi jga sama warga.,"['baik', 'selang', 'isi', 'spbu', 'tuh', 'kasih', 'selang', 'transparan', 'transparansi', 'warga']"
"yg di usut bahlul biar semua tidak ada masalah lagi
semua ini gara gara .bahlul","['usut', 'bahlul', 'tidak', 'gara', 'gara', 'bahlul']"
pertamina kacau,"['pertamina', 'kacau']"
di bohongi mau bae,"['bohong', 'bae']"
kelolah sendiri pak sumberdaya alam Indonesia jangan suruh negara lain,"['kelolah', 'sumberdaya', 'alam', 'indonesia', 'jangan', 'suruh', 'negara']"
"motor sya tiba2 mati stater idup lgi ,,trs Kya keabisan bensin gtu🤔","['motor', 'sya', 'mati', 'stater', 'idup', 'lgi', 'trs', 'kya', 'abis', 'bensin', 'gtu']"
ANCURRR.... PRABOWO NGERTI KAGA,"['ancurrr', 'prabowo', 'ngerti', 'kaga']"
bang. pengucapan brebet mu salah ☺,"['bang', 'ucap', 'brebet', 'mu', 'salah']"
mbrebet bang bukan mbrébét,"['mbrebet', 'bang', 'bukan', 'mbrebet']"
motor ku sampai kenna😌,"['motor', 'ku', 'kenna']"
Terima kasih pak bahlil berkat bapak bengkel kami jd ramai busi laris terjual,"['terima', 'kasih', 'bahlil', 'berkat', 'bengkel', 'ramai', 'busi', 'laris', 'jual']"
